method,M0,nu,price,delta,gamma,alpha_star,K,M_tau,rep
2STEP-VF,9,2,0.9237927261592479,-0.19929398259873896,0.03877335743315007,5.479519039523516,36,5,0
2STEP-VF,9,2,0.9085431949941933,-0.19701849213374897,0.040135512180743405,5.443141717184762,36,5,1
2STEP-VF,9,2,0.9167786065200674,-0.19599930206705107,0.03813751785406292,5.7544234891445,36,5,2
2STEP-VF,9,2,0.913975991608218,-0.194715987821974,0.037709326057757106,6.00359928732031,36,5,3
2STEP-VF,9,2,0.9237253873385012,-0.19609485751382225,0.03337311144171195,5.7036207744381064,36,5,4
2STEP-VF,9,2,0.9197999005926929,-0.1974621900226207,0.0371583865271688,5.9624322427950505,36,5,5
2STEP-VF,9,2,0.9226943677559944,-0.19781437465270807,0.039061880302495265,7.234791085648297,36,5,6
2STEP-VF,9,2,0.9245412030975159,-0.19903387294007543,0.035309461232201717,6.21922920337411,36,5,7
2STEP-VF,9,2,0.9257099411519384,-0.20184264538962843,0.03625290816654489,5.83025264295385,36,5,8
2STEP-VF,9,2,0.9187102406231805,-0.19952117922682067,0.04439749493541394,6.366674327196272,36,5,9
2STEP-VF,9,2,0.9171355560523473,-0.19271296503521745,0.035749230751049174,6.294470492919084,36,5,10
2STEP-VF,9,2,0.9110198287117788,-0.19699463491191813,0.03852666025616948,6.644534944503415,36,5,11
2STEP-VF,9,2,0.9172180982070904,-0.1974158239424255,0.04034438188630753,5.973937649782732,36,5,12
2STEP-VF,9,2,0.9099122781972093,-0.2015256622103081,0.036826628309396967,7.049214163685431,36,5,13
2STEP-VF,9,2,0.9214148225021523,-0.20064702550754585,0.03844148424576026,5.564900668591648,36,5,14
2STEP-VF,9,2,0.9116890607427826,-0.19642849512392366,0.04428940587751533,5.354462486502911,36,5,15
2STEP-VF,9,2,0.9247024913175343,-0.19289674078429253,0.03437589547592378,5.490844386800198,36,5,16
2STEP-VF,9,2,0.925138183657905,-0.1930983149734254,0.03612459097805475,6.745702789276123,36,5,17
2STEP-VF,9,2,0.9221334050733275,-0.20116436402002327,0.04185075834862575,5.610120666288112,36,5,18
2STEP-VF,9,2,0.9310001194591384,-0.19873334850470706,0.03092734859663799,5.670155724421927,36,5,19
2STEP-VF,9,2,0.9212171450270566,-0.19885146043324287,0.03633581242061705,5.288036528314414,36,5,20
2STEP-VF,9,2,0.9199741858259195,-0.20152015985707183,0.03904020383307896,6.339265261597395,36,5,21
2STEP-VF,9,2,0.9213701187038073,-0.19778080515863863,0.03926436942685732,5.211017658023796,36,5,22
2STEP-VF,9,2,0.9129974544059287,-0.19658884938555027,0.03587079032627149,6.423023771966317,36,5,23
2STEP-VF,9,2,0.9043762169879073,-0.19616233010798395,0.03777458215773935,5.406872949245742,36,5,24
2STEP-VF,9,2,0.9095873462617561,-0.1994336549336459,0.037416586362430726,6.527574338377971,36,5,25
2STEP-VF,9,2,0.9085614078278801,-0.19449612024479412,0.03692750607646024,5.607754505076654,36,5,26
2STEP-VF,9,2,0.9110878384800893,-0.2052513690487693,0.03756753863412078,7.317992762591634,36,5,27
2STEP-VF,9,2,0.9144325857528849,-0.1981533794070338,0.03442980312126217,5.4953424717014885,36,5,28
2STEP-VF,9,2,0.9137519918888941,-0.20750426151687967,0.046083183367758254,5.915930901921933,36,5,29
2STEP-VF,9,2,0.9159504260957406,-0.20061253722434993,0.04062204697842152,6.395207311308341,36,5,30
2STEP-VF,9,2,0.9264452241078592,-0.20025289571931043,0.03893358821445996,6.386868659340343,36,5,31
2STEP-VF,9,2,0.9197042815184461,-0.19437869442226252,0.03398793624363831,5.696795370562544,36,5,32
2STEP-VF,9,2,0.9241522808405848,-0.1977362131502997,0.03825362707419358,7.48308550797453,36,5,33
2STEP-VF,9,2,0.9121829132149677,-0.19511083113001118,0.03385748002450213,6.844030940858726,36,5,34
2STEP-VF,9,2,0.9194298675714299,-0.19785210583021073,0.03849629444858253,6.278154046648925,36,5,35
2STEP-VF,9,2,0.9214876892339045,-0.20155608209966935,0.035424570064814524,5.859583878718439,36,5,36
2STEP-VF,9,2,0.9155892832172748,-0.19764285935867354,0.03625351459166486,6.574799481601672,36,5,37
2STEP-VF,9,2,0.9148660439118091,-0.197619075725673,0.0420979872557789,7.126861353234123,36,5,38
2STEP-VF,9,2,0.9202045107003025,-0.19094740166336044,0.03985652242242947,5.911937156449151,36,5,39
2STEP-VF,9,2,0.9252586819370988,-0.19457489854617366,0.04355483259690505,5.460651590372739,36,5,40
2STEP-VF,9,2,0.9290899486372624,-0.2043259671362721,0.03260290752519421,5.045542668877803,36,5,41
2STEP-VF,9,2,0.9159324202547598,-0.1939857496653234,0.0376273467497512,5.98773135723486,36,5,42
2STEP-VF,9,2,0.9289649800108484,-0.1968978281925885,0.03358668981990711,5.9260266708819955,36,5,43
2STEP-VF,9,2,0.9082304988092196,-0.19467331283446715,0.04111728858533477,6.727000895936018,36,5,44
2STEP-VF,9,2,0.9081072195730095,-0.1919815441209281,0.03976091174458881,5.620348127141437,36,5,45
2STEP-VF,9,2,0.9166897479936964,-0.1918987625866318,0.03511001312937238,5.733135649605171,36,5,46
2STEP-VF,9,2,0.9142986085090085,-0.2005590587500277,0.03539393272433889,6.544025256647035,36,5,47
2STEP-VF,9,2,0.9116981263756666,-0.19432939545665567,0.0427051903847682,5.621664984119138,36,5,48
2STEP-VF,9,2,0.9272002253256193,-0.199559167092271,0.03246566306543036,4.982941341414212,36,5,49
2STEP-VF,9,2,0.9256611572020943,-0.20159061933410638,0.03101185027232527,5.893223998486603,36,5,50
2STEP-VF,9,2,0.9189355999891696,-0.19554221548050718,0.03899300218271967,5.267437031738014,36,5,51
2STEP-VF,9,2,0.9281543366281686,-0.1888765864888363,0.036340680488908664,7.367052982820725,36,5,52
2STEP-VF,9,2,0.9157815319147345,-0.19798024146727977,0.03859644438252753,6.905733006103398,36,5,53
2STEP-VF,9,2,0.9196959521403549,-0.20265854067755507,0.03720929907963734,5.594479166671576,36,5,54
2STEP-VF,9,2,0.9176878666966402,-0.1986979537457354,0.040774960698584814,5.320576062188244,36,5,55
2STEP-VF,9,2,0.9126559257588323,-0.19880046994906142,0.03739232093952578,8.645290323977138,36,5,56
2STEP-VF,9,2,0.9102377237228362,-0.2054560186799976,0.039910174670494,6.1814059950129865,36,5,57
2STEP-VF,9,2,0.9277785421474306,-0.20069616719702596,0.034062176213620704,5.841576833277904,36,5,58
2STEP-VF,9,2,0.914903124823371,-0.19497741625687678,0.03464681775298409,6.368891605285252,36,5,59
2STEP-VF,9,2,0.913248366924461,-0.2016546453902846,0.0353340983529535,5.429684639794094,36,5,60
2STEP-VF,9,2,0.9162585552107076,-0.19927694325249398,0.039386379554513455,5.940994083684643,36,5,61
2STEP-VF,9,2,0.9198313257873936,-0.19347809334416294,0.034390964930770894,5.156616695194538,36,5,62
2STEP-VF,9,2,0.9132261307880988,-0.19329413762498868,0.043698665621610004,5.55470104788855,36,5,63
2STEP-VF,9,2,0.9206142911368627,-0.20253986076185718,0.03874436353345981,5.590887920711457,36,5,64
2STEP-VF,9,2,0.917930289121248,-0.20267444588322983,0.04277185576150183,5.52262225347586,36,5,65
2STEP-VF,9,2,0.9184190777368327,-0.2045870963837855,0.03577954792008817,5.568575972584743,36,5,66
2STEP-VF,9,2,0.9152609785362114,-0.19851342871641334,0.03694293642642343,7.542954496729855,36,5,67
2STEP-VF,9,2,0.9123868756124355,-0.19606502839618514,0.03654922952247852,5.318544940805312,36,5,68
2STEP-VF,9,2,0.9182897163453252,-0.19923991716779196,0.040010894588587156,7.919674418461632,36,5,69
2STEP-VF,9,2,0.9149096656755764,-0.19523452001036276,0.039002705058680635,5.329343013576902,36,5,70
2STEP-VF,9,2,0.9295271528510082,-0.20331227135483934,0.029911817963493362,6.748444115415332,36,5,71
2STEP-VF,9,2,0.9261189445486331,-0.20229323644846742,0.03547189415258129,4.872553342139172,36,5,72
2STEP-VF,9,2,0.917673165695656,-0.19023367248492215,0.038329455707696525,6.077788566088896,36,5,73
2STEP-VF,9,2,0.9178791879839746,-0.19721773949966337,0.03425718369441898,5.6409593314125015,36,5,74
2STEP-VF,9,2,0.9186494130666649,-0.19664233899576106,0.038336398877336836,5.333887138281508,36,5,75
2STEP-VF,9,2,0.9185872300562413,-0.20279247133954761,0.03943676591865448,6.120924797459196,36,5,76
2STEP-VF,9,2,0.916656863890255,-0.20134303039720716,0.037412495134234065,6.138699047207043,36,5,77
2STEP-VF,9,2,0.9134933229441976,-0.19662984913925532,0.04186639951012771,5.869845629973601,36,5,78
2STEP-VF,9,2,0.9186107045338426,-0.19888879902648174,0.032478661308294784,5.442900960414538,36,5,79
2STEP-VF,9,2,0.9272559466401183,-0.19864606491605305,0.032595760401537166,5.056065482743801,36,5,80
2STEP-VF,9,2,0.9220391224453793,-0.20339211771167703,0.04245060958553273,7.507986317221633,36,5,81
2STEP-VF,9,2,0.9123015322061474,-0.20218550661494036,0.03913101493996764,5.56235227475598,36,5,82
2STEP-VF,9,2,0.9136219351276678,-0.198463100125756,0.04173561227290518,5.693363538782684,36,5,83
2STEP-VF,9,2,0.9150889430752287,-0.20151713530097093,0.03305755401044695,5.588180654009191,36,5,84
2STEP-VF,9,2,0.9186770352956142,-0.1940379227337275,0.030133658151954543,5.234386246675433,36,5,85
2STEP-VF,9,2,0.9279921072733591,-0.20712591156501153,0.03205248596657561,7.038902961809512,36,5,86
2STEP-VF,9,2,0.9165224619943579,-0.19666647898399217,0.037773115643484574,6.3952777264367455,36,5,87
2STEP-VF,9,2,0.9180415154788559,-0.19552168415137958,0.03583232162533115,5.0113341895071235,36,5,88
2STEP-VF,9,2,0.8995394344919433,-0.19055293382900676,0.0404309355654641,5.454114682895037,36,5,89
2STEP-VF,9,2,0.9179931893345219,-0.20347137501822177,0.04083925381276518,5.915251811209151,36,5,90
2STEP-VF,9,2,0.9229268171780838,-0.2002716978764247,0.036985631380018716,6.023007204924084,36,5,91
2STEP-VF,9,2,0.9233886643598306,-0.19302201141259998,0.03705481308533814,5.827433032692286,36,5,92
2STEP-VF,9,2,0.9283482915850358,-0.2003912355638307,0.033184905138542505,6.504423279701145,36,5,93
2STEP-VF,9,2,0.9165718832437624,-0.20194570826442515,0.03593095125347673,5.8438291118594945,36,5,94
2STEP-VF,9,2,0.9215508673967742,-0.2017703019129741,0.039095903225527855,6.589669633636515,36,5,95
2STEP-VF,9,2,0.9116181453914474,-0.19783087157261361,0.039397060808018934,5.0859849105082615,36,5,96
2STEP-VF,9,2,0.9078182200630385,-0.19171026005437242,0.03979822186994306,6.006470124875481,36,5,97
2STEP-VF,9,2,0.9097684475553368,-0.2003597388905469,0.03931844584381123,6.946629359152652,36,5,98
2STEP-VF,9,2,0.9220681071861802,-0.1960161573094216,0.0327835165111565,4.616508073440201,36,5,99
2STEP-VF,9,2,2.323534632168991,-0.41899117170456535,0.055148329567028156,6.709869345160511,40,5,0
2STEP-VF,9,2,2.2949247965272215,-0.40070157709727156,0.061649701511720535,6.037462351448441,40,5,1
2STEP-VF,9,2,2.3069247729946047,-0.4094307002577286,0.06466378431841706,6.164632013147422,40,5,2
2STEP-VF,9,2,2.3252866110719372,-0.40122222501442706,0.051919019686388804,6.115488576104826,40,5,3
2STEP-VF,9,2,2.305167236328979,-0.412675415052994,0.06648088744242688,5.5369005355136105,40,5,4
2STEP-VF,9,2,2.3003626465736566,-0.40095085217764215,0.060428119027105306,8.579894389422723,40,5,5
2STEP-VF,9,2,2.3217381812514284,-0.40465512847852175,0.05241837766234471,5.817676283971014,40,5,6
2STEP-VF,9,2,2.2933160696471067,-0.40049641566757405,0.05339993916171567,5.4446362342255155,40,5,7
2STEP-VF,9,2,2.2957892844060335,-0.40144197864712516,0.061973868927328694,5.830720225155112,40,5,8
2STEP-VF,9,2,2.297893468377508,-0.4031063489837929,0.060313027204921606,6.864948705473791,40,5,9
2STEP-VF,9,2,2.3307143127589116,-0.398388540868926,0.06166231449636768,5.740417849435815,40,5,10
2STEP-VF,9,2,2.3209525664816217,-0.4013503385500572,0.05796926770533465,5.308648960095699,40,5,11
2STEP-VF,9,2,2.3020710810742204,-0.4034640236962965,0.06794978794958681,5.752924198207125,40,5,12
2STEP-VF,9,2,2.3134890963646666,-0.39666170623006575,0.06725354859883784,5.878632230314014,40,5,13
2STEP-VF,9,2,2.318803595808177,-0.4018975410154211,0.0603571669708155,6.15922499436631,40,5,14
2STEP-VF,9,2,2.3085593815293435,-0.3943686316752749,0.06314495524232794,8.955132413898468,40,5,15
2STEP-VF,9,2,2.3056373077204655,-0.3954279606749082,0.05467949412723486,5.197602225917203,40,5,16
2STEP-VF,9,2,2.305472684325663,-0.4023084005280835,0.06864076571673136,5.666998436101597,40,5,17
2STEP-VF,9,2,2.318618118938572,-0.40999786614756917,0.05704950551136694,7.600908584020081,40,5,18
2STEP-VF,9,2,2.3338117813679444,-0.40328291062808364,0.052649318391122926,5.433942261351145,40,5,19
2STEP-VF,9,2,2.3237289971154236,-0.4081170282330752,0.0594913900766491,6.8004360464606775,40,5,20
2STEP-VF,9,2,2.3273151389223576,-0.3972614911692076,0.05538891618150384,6.609126073200397,40,5,21
2STEP-VF,9,2,2.2983263942609384,-0.4078016450231299,0.06312106399910995,6.7415774194708,40,5,22
2STEP-VF,9,2,2.322465477690211,-0.4046884745764254,0.054941742449322324,5.587256368347309,40,5,23
2STEP-VF,9,2,2.30620363046266,-0.4179373080850476,0.0625876153447444,5.113484853417277,40,5,24
2STEP-VF,9,2,2.311307015424439,-0.4056620864846896,0.06088805731372821,5.586543644234734,40,5,25
2STEP-VF,9,2,2.318758698849875,-0.40831158482522667,0.053695305030760074,5.3842807052348025,40,5,26
2STEP-VF,9,2,2.321313440031882,-0.40018068636046217,0.05910682935082922,5.884536699823811,40,5,27
2STEP-VF,9,2,2.3166678957199367,-0.42039932922064777,0.05868979985096824,5.906161000371618,40,5,28
2STEP-VF,9,2,2.3229270697613087,-0.4020747439862992,0.0641174735797685,5.694071318843079,40,5,29
2STEP-VF,9,2,2.331902075540017,-0.40712486596763464,0.05957726665990347,5.494786778074746,40,5,30
2STEP-VF,9,2,2.321194769277732,-0.4000913403584341,0.05806762977246884,5.465218657503136,40,5,31
2STEP-VF,9,2,2.332261061551545,-0.39936992136687377,0.055055015376518156,5.867541666943695,40,5,32
2STEP-VF,9,2,2.3070945555255786,-0.3990231283140002,0.06696998296265207,6.71693457166404,40,5,33
2STEP-VF,9,2,2.325308778454035,-0.3995622727546679,0.05100578679908253,5.569391701430755,40,5,34
2STEP-VF,9,2,2.3129815856290015,-0.3994763413236332,0.04886072033196546,5.682661427835701,40,5,35
2STEP-VF,9,2,2.326719481311372,-0.3959918657423828,0.06306021134414586,5.5903935350573075,40,5,36
2STEP-VF,9,2,2.320857374053822,-0.40145605048298355,0.05551505595387252,5.511988266409001,40,5,37
2STEP-VF,9,2,2.324987688657065,-0.4099299152482032,0.05982008451131567,6.9449345961816356,40,5,38
2STEP-VF,9,2,2.322669675931609,-0.4112718297842582,0.05333027143152911,5.897356376057314,40,5,39
2STEP-VF,9,2,2.3027298035781687,-0.394428245602943,0.0631005676509288,7.246657601166284,40,5,40
2STEP-VF,9,2,2.300180537456022,-0.41148712007474436,0.06491063679154899,9.420544996439812,40,5,41
2STEP-VF,9,2,2.3279078378145686,-0.40647640064817575,0.047432277405106124,5.830184119340146,40,5,42
2STEP-VF,9,2,2.3420622017057973,-0.40156522253330773,0.06283181668119142,6.90892890906389,40,5,43
2STEP-VF,9,2,2.3062370513052537,-0.3980237355740194,0.05980899167156483,7.718759205928022,40,5,44
2STEP-VF,9,2,2.3238801809005123,-0.4008529335098308,0.05695794492497805,6.1279880087976535,40,5,45
2STEP-VF,9,2,2.3212806429251827,-0.40806779590355924,0.062249679941125034,5.871210252478853,40,5,46
2STEP-VF,9,2,2.3351637948069306,-0.4080350734689403,0.05972370742966607,7.93297574655661,40,5,47
2STEP-VF,9,2,2.3095133164578865,-0.4098745854954106,0.060551563390290525,5.705836171128058,40,5,48
2STEP-VF,9,2,2.3084558050461537,-0.40389175788902,0.06205800902578173,5.2014780499520095,40,5,49
2STEP-VF,9,2,2.3254854469079898,-0.4070141959227255,0.05499883271671224,6.766391349400485,40,5,50
2STEP-VF,9,2,2.313086281503331,-0.40014607236741656,0.04986066435342021,5.797610874857192,40,5,51
2STEP-VF,9,2,2.3314163855834633,-0.39862603185939816,0.05857162162576561,5.9153697380855155,40,5,52
2STEP-VF,9,2,2.3222491350176115,-0.3971274224801074,0.060076577435723436,7.081422995034729,40,5,53
2STEP-VF,9,2,2.302564304249043,-0.39776353240022627,0.06723844765441366,6.673313648265408,40,5,54
2STEP-VF,9,2,2.3092626312656135,-0.40007942696225374,0.06244029217689949,5.899438384020566,40,5,55
2STEP-VF,9,2,2.3286247312888735,-0.4017209483835912,0.05152053222939853,6.330167891352979,40,5,56
2STEP-VF,9,2,2.326203656532342,-0.4034128997625105,0.05678224348735702,6.574954639598442,40,5,57
2STEP-VF,9,2,2.3257448539717633,-0.4005371301095769,0.04829159055263151,5.491519934647569,40,5,58
2STEP-VF,9,2,2.3002090061722136,-0.4064336642353105,0.06500533789025206,7.416304386671124,40,5,59
2STEP-VF,9,2,2.3161163439546355,-0.4199080993285355,0.05282706510083552,5.679226650766075,40,5,60
2STEP-VF,9,2,2.3071649409582524,-0.4071317844010873,0.05644425082604982,6.785224005411819,40,5,61
2STEP-VF,9,2,2.292711787332763,-0.3886659957464671,0.061019751484421465,6.206039474847355,40,5,62
2STEP-VF,9,2,2.3029266704458577,-0.39133809512867207,0.06530436436167213,6.890231592938622,40,5,63
2STEP-VF,9,2,2.3133283623245973,-0.4081512258432831,0.06004410215282787,6.260938411712597,40,5,64
2STEP-VF,9,2,2.297773743812805,-0.4150379882778597,0.07205788643598145,5.273697009176601,40,5,65
2STEP-VF,9,2,2.3001252806873165,-0.4065534953227273,0.06348398258941142,6.904855081358474,40,5,66
2STEP-VF,9,2,2.3157517882751577,-0.40698613909188136,0.057709359474371856,5.289505901171441,40,5,67
2STEP-VF,9,2,2.3202078818541443,-0.4027782257184419,0.060267390324070275,6.214062383664704,40,5,68
2STEP-VF,9,2,2.2988309192626715,-0.40232707449718447,0.06460146526705056,6.481068518857014,40,5,69
2STEP-VF,9,2,2.3228577471425393,-0.41203033179134185,0.04648104144594658,5.566207915671044,40,5,70
2STEP-VF,9,2,2.330133730970476,-0.3994509335884628,0.05583518610282992,7.74949818141973,40,5,71
2STEP-VF,9,2,2.302607143965827,-0.39440029934058285,0.05829412567474051,8.747355329991814,40,5,72
2STEP-VF,9,2,2.3314563073892436,-0.3989690770313124,0.0538330234305474,6.148238068807437,40,5,73
2STEP-VF,9,2,2.3159871361884297,-0.4079774234814089,0.055883071233706574,5.7771197319849605,40,5,74
2STEP-VF,9,2,2.3128402245773203,-0.40516082991721775,0.05812603031352572,6.132540679188675,40,5,75
2STEP-VF,9,2,2.300318816684673,-0.4074695820008985,0.06940906121886375,5.596885134099079,40,5,76
2STEP-VF,9,2,2.295601247491304,-0.4042741487638982,0.06691988211993902,6.32074463767371,40,5,77
2STEP-VF,9,2,2.296290050469879,-0.38959181988543357,0.05263990493831908,5.0706449101338364,40,5,78
2STEP-VF,9,2,2.3094092374684774,-0.4107037597018772,0.06925632501749139,6.167253550627435,40,5,79
2STEP-VF,9,2,2.3372124734434094,-0.40716980696695315,0.05526069010963214,6.035102862132861,40,5,80
2STEP-VF,9,2,2.3135624073489733,-0.4161845551596023,0.06635254323135334,5.115894855274704,40,5,81
2STEP-VF,9,2,2.338659087256533,-0.4031188777818556,0.05757199228095962,5.7861214881724665,40,5,82
2STEP-VF,9,2,2.2963027647262715,-0.39943125072973207,0.06479919098702795,5.654913971066815,40,5,83
2STEP-VF,9,2,2.3180210970641952,-0.41394033728435553,0.0652172221959093,6.26127243719372,40,5,84
2STEP-VF,9,2,2.3131828466598088,-0.40414134161029286,0.0626192808080038,8.301256618539163,40,5,85
2STEP-VF,9,2,2.3169309071966446,-0.4083241966394493,0.05517551394982581,5.794196736253321,40,5,86
2STEP-VF,9,2,2.2795329962373905,-0.3992127839916336,0.06772898735172352,5.858426007307497,40,5,87
2STEP-VF,9,2,2.3202715476441598,-0.4078018519482528,0.059413183642730766,7.308520211683212,40,5,88
2STEP-VF,9,2,2.3117097676989338,-0.3963509279535991,0.05581625204495939,6.348258723061663,40,5,89
2STEP-VF,9,2,2.3009641658588094,-0.3907618358014445,0.07321450740867312,5.211804174871855,40,5,90
2STEP-VF,9,2,2.29040404187823,-0.38761917144895985,0.06408926556760039,6.006045614078218,40,5,91
2STEP-VF,9,2,2.3206684767331778,-0.3966264059488667,0.05783172803056854,6.923312541405017,40,5,92
2STEP-VF,9,2,2.3188615162293136,-0.4129650099827755,0.05934972290530118,5.718576201297022,40,5,93
2STEP-VF,9,2,2.32444120313405,-0.40007127492374556,0.05953366961162531,5.706700401970002,40,5,94
2STEP-VF,9,2,2.324558970522072,-0.4209654182056753,0.062298946835071395,5.375001769777488,40,5,95
2STEP-VF,9,2,2.304727616593421,-0.39889445808253243,0.06693347065265082,6.835156148512293,40,5,96
2STEP-VF,9,2,2.303067651188244,-0.40279213460463553,0.06302163058849443,5.439918896008952,40,5,97
2STEP-VF,9,2,2.3050633518564174,-0.4094790440016175,0.06450854772276195,7.000989210565365,40,5,98
2STEP-VF,9,2,2.3117773043421104,-0.3944771013107066,0.05126604161302528,5.392936541023247,40,5,99
2STEP-VF,9,2,4.655076106596237,-0.6502176126365374,0.08282015467292837,7.366742370661183,44,5,0
2STEP-VF,9,2,4.654209166817011,-0.6652113956157693,0.07419396825309586,5.399649097234926,44,5,1
2STEP-VF,9,2,4.652963588825923,-0.6603660224112914,0.07655478543593537,7.784440637960886,44,5,2
2STEP-VF,9,2,4.650623409475804,-0.6726816808008386,0.0777768328434868,5.582338147131641,44,5,3
2STEP-VF,9,2,4.671118406525092,-0.6668701253135368,0.07084148529785558,5.914538861549267,44,5,4
2STEP-VF,9,2,4.6523783661635765,-0.657905181627573,0.074690267160664,6.379341400305173,44,5,5
2STEP-VF,9,2,4.64351227676457,-0.6594807477396105,0.10112911398300571,5.63468464841189,44,5,6
2STEP-VF,9,2,4.6444747647800515,-0.6668364011267424,0.07492732213090234,7.139996586332847,44,5,7
2STEP-VF,9,2,4.6665063784212535,-0.6685326015433501,0.07225129384855374,6.472117439975286,44,5,8
2STEP-VF,9,2,4.675777649084877,-0.6639244505184564,0.06893369838923386,6.0295145649736,44,5,9
2STEP-VF,9,2,4.654311380773291,-0.6721099567144074,0.0810723507916675,7.065976849812368,44,5,10
2STEP-VF,9,2,4.647096144021035,-0.6739529931217549,0.08522102915353313,6.513543759448317,44,5,11
2STEP-VF,9,2,4.654389411802045,-0.6701009083252957,0.08014181256652025,5.065872939634131,44,5,12
2STEP-VF,9,2,4.667640655428973,-0.6692036669383331,0.07685043319763976,7.8370249365745925,44,5,13
2STEP-VF,9,2,4.66465597665081,-0.6658497323016666,0.0632826535193957,6.065805082232831,44,5,14
2STEP-VF,9,2,4.655082975097522,-0.6677661110949402,0.07935110937567504,7.05836650323385,44,5,15
2STEP-VF,9,2,4.640505981856852,-0.6725117283607283,0.07713455436307357,6.474186525812791,44,5,16
2STEP-VF,9,2,4.632063725221864,-0.6660011039025531,0.08032869605719106,5.803348251383882,44,5,17
2STEP-VF,9,2,4.654960615412201,-0.6667283698323163,0.07252792119470164,5.557082336473396,44,5,18
2STEP-VF,9,2,4.648572617877596,-0.6601732061294754,0.0785704344561252,6.265391939802268,44,5,19
2STEP-VF,9,2,4.644761907227244,-0.6672063111903582,0.08787759296959083,6.1223170180205715,44,5,20
2STEP-VF,9,2,4.643621207259799,-0.649327659822471,0.08154146456837222,5.243818721122253,44,5,21
2STEP-VF,9,2,4.659723093814923,-0.652508856372661,0.06916661552079102,5.684630602951643,44,5,22
2STEP-VF,9,2,4.645782838059778,-0.6801683580149148,0.07533797284278396,8.32301973405099,44,5,23
2STEP-VF,9,2,4.6585228537206,-0.67334657575401,0.0806388207512109,5.897994248497219,44,5,24
2STEP-VF,9,2,4.64871100893047,-0.6657564140393124,0.07631933551686328,6.973000800248179,44,5,25
2STEP-VF,9,2,4.648023752243577,-0.6647396548366924,0.08252410443048709,6.585828830284456,44,5,26
2STEP-VF,9,2,4.652491578530058,-0.6684947860401695,0.06872573655653068,5.308897395303798,44,5,27
2STEP-VF,9,2,4.628000351087935,-0.6588969312858876,0.1017051183426136,5.46260551612577,44,5,28
2STEP-VF,9,2,4.632742837287292,-0.6534271634200423,0.08115256732720737,6.064746228536142,44,5,29
2STEP-VF,9,2,4.6628805680991325,-0.6702580240078779,0.07633118913891679,7.034080713599755,44,5,30
2STEP-VF,9,2,4.642083213906055,-0.6754146787850495,0.08002909440012386,6.014966357927229,44,5,31
2STEP-VF,9,2,4.626282982047872,-0.6742286680714169,0.08491001052210843,7.004254821084797,44,5,32
2STEP-VF,9,2,4.669817342507928,-0.6698805714615493,0.07494037846148398,8.631256990813068,44,5,33
2STEP-VF,9,2,4.648061616409301,-0.6731674902892976,0.07409317398624048,5.944453989282048,44,5,34
2STEP-VF,9,2,4.636123668649368,-0.6665296963369938,0.0877152987556024,5.843541900396816,44,5,35
2STEP-VF,9,2,4.670287236062238,-0.66693239143136,0.07840826829363293,5.6287662473155775,44,5,36
2STEP-VF,9,2,4.669217457225249,-0.6694872025102321,0.07401466033076864,5.576911001404926,44,5,37
2STEP-VF,9,2,4.66687490560884,-0.6718577465768709,0.0723009542807762,7.3444365014405,44,5,38
2STEP-VF,9,2,4.63768512251736,-0.6631114476740818,0.08967730601296134,5.324224100459453,44,5,39
2STEP-VF,9,2,4.641649436165829,-0.6650523157525386,0.08032285311644949,8.31495967613137,44,5,40
2STEP-VF,9,2,4.6287515335600276,-0.678379447134335,0.08866450681805131,5.718465882367116,44,5,41
2STEP-VF,9,2,4.650009138433144,-0.6687181733984164,0.08074218597326711,6.5041324670812,44,5,42
2STEP-VF,9,2,4.643617717549314,-0.6727035760157992,0.07729977010317855,7.793583775948105,44,5,43
2STEP-VF,9,2,4.637554838761562,-0.6519783818385915,0.09234277951483931,5.14488103932239,44,5,44
2STEP-VF,9,2,4.645395248078491,-0.6741522520337756,0.10191963082064867,5.467337160268726,44,5,45
2STEP-VF,9,2,4.647433873634406,-0.6647966664695798,0.08669218135795541,6.026218658125348,44,5,46
2STEP-VF,9,2,4.636111360502648,-0.6748463801973723,0.09027251631640511,5.134226637199569,44,5,47
2STEP-VF,9,2,4.658087795920629,-0.694617475701374,0.06389761708658369,5.92630642528577,44,5,48
2STEP-VF,9,2,4.6712920269462535,-0.6840301986879185,0.07230292241913354,6.0141848516341465,44,5,49
2STEP-VF,9,2,4.6488225507143905,-0.6634694608071033,0.0855083391735068,5.394137473182115,44,5,50
2STEP-VF,9,2,4.630374845476827,-0.6519844480877878,0.08578679540331316,6.267644055045741,44,5,51
2STEP-VF,9,2,4.651076858549267,-0.6532977294562026,0.08709553294612958,6.034277573729734,44,5,52
2STEP-VF,9,2,4.643853335478986,-0.6777077330216829,0.07709965468613754,7.602379265904748,44,5,53
2STEP-VF,9,2,4.652471352645074,-0.6709967521840382,0.07754919547720351,9.594367323768815,44,5,54
2STEP-VF,9,2,4.651026540214216,-0.6656340218301935,0.07464143668493867,6.126361955731235,44,5,55
2STEP-VF,9,2,4.656954281724702,-0.6616740134734019,0.07328790517318125,5.350985648153071,44,5,56
2STEP-VF,9,2,4.645487827362148,-0.6760611723397165,0.07341894646757985,6.8257459724155325,44,5,57
2STEP-VF,9,2,4.643478994984161,-0.6631043897583055,0.08116488908984772,8.303828365941069,44,5,58
2STEP-VF,9,2,4.631836439369444,-0.6662958093293424,0.07863072401518785,6.889546774520059,44,5,59
2STEP-VF,9,2,4.686421853938013,-0.6723010696671725,0.056864115002932925,5.947904758892453,44,5,60
2STEP-VF,9,2,4.64173037849687,-0.6897925188643729,0.07771206925195659,6.563293450589153,44,5,61
2STEP-VF,9,2,4.6825829752938235,-0.6574837649374622,0.0803407783393676,5.702887113723802,44,5,62
2STEP-VF,9,2,4.633077702392745,-0.6671601335883932,0.07683059802048882,5.683355158021165,44,5,63
2STEP-VF,9,2,4.649497488660313,-0.6684168941772313,0.0856895410011234,7.452615165470314,44,5,64
2STEP-VF,9,2,4.656816359304307,-0.675304014313777,0.08055382487396234,7.366008514107019,44,5,65
2STEP-VF,9,2,4.6311613204911115,-0.6610891197377768,0.08608614864173922,6.53196862688778,44,5,66
2STEP-VF,9,2,4.652464876811582,-0.6664623346997348,0.07854403733408909,6.103085600926984,44,5,67
2STEP-VF,9,2,4.654538142322072,-0.6809614093086866,0.0859622052867906,6.0304009402965,44,5,68
2STEP-VF,9,2,4.645130824374361,-0.6592249060314236,0.0765870495447739,5.817917325475321,44,5,69
2STEP-VF,9,2,4.666610342531834,-0.6607726470971323,0.0845690367688956,6.091828385687283,44,5,70
2STEP-VF,9,2,4.643814446115189,-0.6727444587142981,0.08701981654958643,8.238125032324763,44,5,71
2STEP-VF,9,2,4.630889512641997,-0.6676320527649198,0.08330378459001976,6.030758838051028,44,5,72
2STEP-VF,9,2,4.656789431277052,-0.6572182994939884,0.07655974185230913,6.460770867367116,44,5,73
2STEP-VF,9,2,4.635472468329325,-0.6714766900620386,0.08481000570507291,7.114871144180478,44,5,74
2STEP-VF,9,2,4.655763807635633,-0.671522359511905,0.06683986765203281,5.697605373461238,44,5,75
2STEP-VF,9,2,4.631644074517404,-0.6688764935367724,0.07679176271635596,5.99748688856269,44,5,76
2STEP-VF,9,2,4.647771002873737,-0.677197592557604,0.06641146798609525,5.343135917669596,44,5,77
2STEP-VF,9,2,4.654111650100988,-0.6635195199754783,0.07707746948144466,6.652506653116386,44,5,78
2STEP-VF,9,2,4.629921243554597,-0.6671323088438906,0.08467325666050082,5.288637410883483,44,5,79
2STEP-VF,9,2,4.675431541042588,-0.649703635883522,0.07588416676355396,6.947221773544784,44,5,80
2STEP-VF,9,2,4.637630608971274,-0.6703481529923825,0.07867914407943989,5.792398219917825,44,5,81
2STEP-VF,9,2,4.6497011681687574,-0.6615942831618218,0.08495516559666418,6.7931722637534255,44,5,82
2STEP-VF,9,2,4.653491157948032,-0.660927675270052,0.07912338990811899,6.3265982747274165,44,5,83
2STEP-VF,9,2,4.639853743956485,-0.6579418076974164,0.0880525607561605,6.24316294655602,44,5,84
2STEP-VF,9,2,4.670378778679865,-0.6731695803159841,0.05574050763214919,4.715757440939033,44,5,85
2STEP-VF,9,2,4.632194155319752,-0.6630123970635471,0.09491392353842143,5.9987096171056224,44,5,86
2STEP-VF,9,2,4.638695551479418,-0.662208842743293,0.07088247683350944,8.052452256233183,44,5,87
2STEP-VF,9,2,4.662116310747593,-0.6509430185207642,0.07092615769421458,6.431946382471768,44,5,88
2STEP-VF,9,2,4.661904862153331,-0.6681596411160049,0.08562424366961092,6.6516660158872725,44,5,89
2STEP-VF,9,2,4.649607015125137,-0.6641328964752914,0.08291434318237989,6.683467541273147,44,5,90
2STEP-VF,9,2,4.658231254096443,-0.6583514675095449,0.07647508256259437,5.701969034042931,44,5,91
2STEP-VF,9,2,4.659706361763279,-0.6745405137839701,0.07792840633853883,6.625679543479961,44,5,92
2STEP-VF,9,2,4.632670364348814,-0.6640076472190737,0.08158186321209487,5.553575554117651,44,5,93
2STEP-VF,9,2,4.650429819792934,-0.6643330461341368,0.07828746481912482,5.5070938170510475,44,5,94
2STEP-VF,9,2,4.653260379815201,-0.6862328121609623,0.08097446002782607,5.897970737759845,44,5,95
2STEP-VF,9,2,4.670201719688334,-0.6801666552067077,0.0753728378933556,5.8995852484295295,44,5,96
2STEP-VF,9,2,4.645298361932905,-0.669295183545675,0.08393370394668538,5.807090682745394,44,5,97
2STEP-VF,9,2,4.638607770605153,-0.6585638310099412,0.07160976210027581,6.038121090424607,44,5,98
2STEP-VF,9,2,4.641549243925189,-0.655016841719196,0.08219212456676663,6.032325301990651,44,5,99
2STEP-VF,9,2,0.917540126441852,-0.19018044425882327,0.029667441253007316,5.825518737672037,36,9,0
2STEP-VF,9,2,0.9195400032793359,-0.19959140789570126,0.037597614440094,5.850796696595867,36,9,1
2STEP-VF,9,2,0.9236152068910459,-0.19664811195190235,0.04460499388938294,6.233384668934147,36,9,2
2STEP-VF,9,2,0.919106289102122,-0.19657995076806037,0.030979655751878128,6.417133756466237,36,9,3
2STEP-VF,9,2,0.9074121105416086,-0.18440265573883632,0.03847859548697573,5.855351044904025,36,9,4
2STEP-VF,9,2,0.9085690795963058,-0.2057378398868666,0.04495147144528574,5.860188512717837,36,9,5
2STEP-VF,9,2,0.9026108399158761,-0.1962848777671667,0.043682661848878576,5.635626317765231,36,9,6
2STEP-VF,9,2,0.9168444254299313,-0.1975643238870664,0.037903236893478603,5.37042797173734,36,9,7
2STEP-VF,9,2,0.917503236767896,-0.20058113552136628,0.03080631066901097,8.466677658484697,36,9,8
2STEP-VF,9,2,0.919875679708454,-0.20506344592191383,0.03758315977696918,5.648181482340409,36,9,9
2STEP-VF,9,2,0.9188457970970422,-0.1972597969643462,0.037578647521624875,5.17450304576036,36,9,10
2STEP-VF,9,2,0.9163470794204381,-0.1914449917943092,0.033577430687814366,6.230254800984081,36,9,11
2STEP-VF,9,2,0.9252596652121192,-0.20581891683317818,0.04186217382110381,7.61746397760298,36,9,12
2STEP-VF,9,2,0.9328785965110814,-0.2072573703118572,0.027153125552589252,7.549791086644642,36,9,13
2STEP-VF,9,2,0.921526047110184,-0.19582074026975935,0.034779215786626495,7.257502229960942,36,9,14
2STEP-VF,9,2,0.9039448246594157,-0.1973834109335848,0.053341947685417064,4.819272137843948,36,9,15
2STEP-VF,9,2,0.9185256039099503,-0.20146809262767038,0.04307596103386382,5.6877929222884,36,9,16
2STEP-VF,9,2,0.9078538112119626,-0.1956162609135851,0.03694243576180872,5.68813808401494,36,9,17
2STEP-VF,9,2,0.9213296223199599,-0.19932324714016048,0.043143619211443496,5.967896922187183,36,9,18
2STEP-VF,9,2,0.932197397041511,-0.2002741403261103,0.03347029626721683,6.194593154960688,36,9,19
2STEP-VF,9,2,0.9135520024026198,-0.19323062916606185,0.03645707536311314,5.7562710822984124,36,9,20
2STEP-VF,9,2,0.9103543325271094,-0.20426140101882198,0.04385031149932272,7.237382199397116,36,9,21
2STEP-VF,9,2,0.9198211288651014,-0.20267312822466546,0.04269820687471192,8.0213477630115,36,9,22
2STEP-VF,9,2,0.911774615782576,-0.19936739012475846,0.048713541201498976,4.829518595609193,36,9,23
2STEP-VF,9,2,0.9250901170371357,-0.19778034953014376,0.03644371042162411,6.6013923570902415,36,9,24
2STEP-VF,9,2,0.922265264943536,-0.20327178739441623,0.03609533972864232,5.649464947669618,36,9,25
2STEP-VF,9,2,0.922518239590764,-0.20119862881368622,0.03706654592599158,6.6265987774989865,36,9,26
2STEP-VF,9,2,0.9201447640880399,-0.19486452528184425,0.03332440693723375,6.302139170876131,36,9,27
2STEP-VF,9,2,0.9050579760348715,-0.19543857818983737,0.04393244531523675,5.148437104771181,36,9,28
2STEP-VF,9,2,0.9208030068279297,-0.19681095271354263,0.03894117847524805,5.695092611624329,36,9,29
2STEP-VF,9,2,0.8963960525022134,-0.20352022677461173,0.04491492227934908,5.912960947020771,36,9,30
2STEP-VF,9,2,0.9214536037633744,-0.1880392918569193,0.03299577472589591,5.9500006611768095,36,9,31
2STEP-VF,9,2,0.9205509580321772,-0.19540866460207496,0.03531954454028148,5.807345660251397,36,9,32
2STEP-VF,9,2,0.9020955204126826,-0.20042867796378958,0.04363754516570679,6.117011087204793,36,9,33
2STEP-VF,9,2,0.9204155457447698,-0.20059023391797465,0.03593654032779725,6.66649293054547,36,9,34
2STEP-VF,9,2,0.9227482885734477,-0.20269259952195806,0.036936439745884474,6.38544636734742,36,9,35
2STEP-VF,9,2,0.9222701833386077,-0.20218777564708548,0.02950011833427169,5.547902196477134,36,9,36
2STEP-VF,9,2,0.9013269344841897,-0.1996310795574826,0.04796204884160907,5.437829280768221,36,9,37
2STEP-VF,9,2,0.9181213935903986,-0.19605434335510616,0.035476853295928604,7.443394634118572,36,9,38
2STEP-VF,9,2,0.9084797702449573,-0.19289434284583862,0.03501589745166583,6.1528953675944615,36,9,39
2STEP-VF,9,2,0.913774374886121,-0.19395119246407191,0.03528640064516697,5.166775032931832,36,9,40
2STEP-VF,9,2,0.9092286791687101,-0.197346502394579,0.035791799485800975,5.837664652944632,36,9,41
2STEP-VF,9,2,0.9061451672989895,-0.19757060577173036,0.04012381029110509,10.199182185501972,36,9,42
2STEP-VF,9,2,0.9098738926755352,-0.2001103473817581,0.046810621992601775,5.1667772426785445,36,9,43
2STEP-VF,9,2,0.9137146469326632,-0.20223595508611894,0.03917379025210496,6.441045950548595,36,9,44
2STEP-VF,9,2,0.9364556782537778,-0.20140497920884864,0.03137710764123729,5.46941477870351,36,9,45
2STEP-VF,9,2,0.9228458852815551,-0.19137214983975276,0.03445138249408537,6.569576713018931,36,9,46
2STEP-VF,9,2,0.929292524296546,-0.2069096272528477,0.03190842746089994,8.732538858024265,36,9,47
2STEP-VF,9,2,0.9099623967006607,-0.19204044715261417,0.04077128903415167,5.2545383978893145,36,9,48
2STEP-VF,9,2,0.9107958859049499,-0.2034007223723614,0.03684366138981455,4.957550348578535,36,9,49
2STEP-VF,9,2,0.9170136336322606,-0.2107819145338227,0.044833263900268254,5.211975888981558,36,9,50
2STEP-VF,9,2,0.9227748045110401,-0.19277988749682992,0.03629605935651314,7.172631329413792,36,9,51
2STEP-VF,9,2,0.9313156022179299,-0.19662373244191464,0.036464675152852954,6.298591898461569,36,9,52
2STEP-VF,9,2,0.9147990858657001,-0.18758381126686327,0.03852486912623916,6.666150284328496,36,9,53
2STEP-VF,9,2,0.9143287627859235,-0.18991356716745136,0.035434722669686544,6.587140966336762,36,9,54
2STEP-VF,9,2,0.924475610297311,-0.20139520865681904,0.034043058205939676,6.735638822994993,36,9,55
2STEP-VF,9,2,0.9153799866817627,-0.1878988937514782,0.03769648696243752,8.74734783425611,36,9,56
2STEP-VF,9,2,0.9322435921579691,-0.2004149315212518,0.040180369716831914,5.152157132159416,36,9,57
2STEP-VF,9,2,0.9200973234405748,-0.20030218926504043,0.03802729740846507,6.419327028806091,36,9,58
2STEP-VF,9,2,0.9217370606139224,-0.2055528455131054,0.040303083685734084,5.795663032293846,36,9,59
2STEP-VF,9,2,0.9023057940679089,-0.20069907518359642,0.04837538746448752,5.466440443787945,36,9,60
2STEP-VF,9,2,0.9126675013871616,-0.19089828628393485,0.03793803041904113,7.865452146432722,36,9,61
2STEP-VF,9,2,0.9214489459258962,-0.2021881725002013,0.03413757703852878,6.869366503464831,36,9,62
2STEP-VF,9,2,0.9152561115352976,-0.20163663196858017,0.039208407114701624,5.485600491369577,36,9,63
2STEP-VF,9,2,0.9154443950509402,-0.19725494018445336,0.041516001669541155,5.937106775879205,36,9,64
2STEP-VF,9,2,0.9158911270255755,-0.20272698281555013,0.03599655509771022,7.0727941296840715,36,9,65
2STEP-VF,9,2,0.9185246239357425,-0.19569703233337074,0.03639393411385541,6.847415409122046,36,9,66
2STEP-VF,9,2,0.932257131238288,-0.20658677034123082,0.0357001318462902,8.280373585931077,36,9,67
2STEP-VF,9,2,0.9216860500574254,-0.19738458583151494,0.036102862059996896,5.477904755564424,36,9,68
2STEP-VF,9,2,0.913723241769637,-0.19281763051094133,0.03629212497905768,6.097769259768996,36,9,69
2STEP-VF,9,2,0.9197950871645046,-0.19935065752393544,0.0447783664825286,5.808232712358406,36,9,70
2STEP-VF,9,2,0.9282570068611177,-0.20579245668062857,0.033816437925404466,6.629831602654711,36,9,71
2STEP-VF,9,2,0.9199910138784322,-0.19092281004252384,0.03894461103771517,5.36393342771754,36,9,72
2STEP-VF,9,2,0.9222404679723931,-0.2006350882439693,0.03671687758364598,5.652555637127306,36,9,73
2STEP-VF,9,2,0.9200836490512762,-0.19471883626741232,0.02927572915651473,6.522656520141608,36,9,74
2STEP-VF,9,2,0.9152066135274173,-0.1933714875022113,0.044619782737883334,6.989641121945531,36,9,75
2STEP-VF,9,2,0.9115346588809728,-0.19029548949137495,0.03428159261563462,5.296351010960814,36,9,76
2STEP-VF,9,2,0.9235130650664543,-0.20056450297342507,0.03851735608677166,5.417672093927216,36,9,77
2STEP-VF,9,2,0.9228255903095772,-0.19180407473287156,0.038948379557305096,6.928607931010551,36,9,78
2STEP-VF,9,2,0.9025386795912229,-0.19583437587209698,0.03445277352096171,6.325931727105166,36,9,79
2STEP-VF,9,2,0.9133003955586884,-0.19208252187090238,0.03522272688103638,5.830080857188475,36,9,80
2STEP-VF,9,2,0.9093510973467095,-0.1937411716769544,0.03806630011042955,5.1314083687050855,36,9,81
2STEP-VF,9,2,0.909341525291419,-0.20292051633436795,0.04895109643565214,6.346588989886127,36,9,82
2STEP-VF,9,2,0.9104546781055185,-0.20126753596945648,0.033312747419631646,5.565457289212188,36,9,83
2STEP-VF,9,2,0.9188165717211779,-0.19292221410613275,0.03375664558535537,5.117959986149697,36,9,84
2STEP-VF,9,2,0.9309050698155983,-0.20556846273936824,0.03546883173923234,6.183612858211339,36,9,85
2STEP-VF,9,2,0.9100804018738887,-0.205422014564728,0.03773871508756446,5.364650239801953,36,9,86
2STEP-VF,9,2,0.9200151820063182,-0.19669448726175046,0.040751536775187544,5.517664266928236,36,9,87
2STEP-VF,9,2,0.9212152384275323,-0.1944519929841839,0.03532547324089149,6.901472948115744,36,9,88
2STEP-VF,9,2,0.9319425504571465,-0.19442056833317473,0.030755298292041107,6.327224793362734,36,9,89
2STEP-VF,9,2,0.9091492489649554,-0.2004201271428165,0.03733252992311263,5.374413029471835,36,9,90
2STEP-VF,9,2,0.9282903923737673,-0.19415641094562927,0.028445636535280445,6.526101374211766,36,9,91
2STEP-VF,9,2,0.9161967627628187,-0.19899430258773904,0.03824726040231882,5.583022287441137,36,9,92
2STEP-VF,9,2,0.9172495860931624,-0.19018232141820518,0.04022891002024253,6.505305757022115,36,9,93
2STEP-VF,9,2,0.9179052279762113,-0.19855081588126783,0.03937635929773184,5.675356116134714,36,9,94
2STEP-VF,9,2,0.9045512157385587,-0.19865862393551234,0.0416485701853606,8.0079567101491,36,9,95
2STEP-VF,9,2,0.9100242751714228,-0.1957499106049228,0.04598059762376776,6.3647534471899965,36,9,96
2STEP-VF,9,2,0.9214267478611151,-0.20097089519921046,0.036340142494715615,5.727606533481304,36,9,97
2STEP-VF,9,2,0.9062953651245191,-0.19501792016757657,0.039644507315912084,6.509427494964676,36,9,98
2STEP-VF,9,2,0.9206546468731861,-0.20732006114501245,0.034422412113606804,9.550787984491068,36,9,99
2STEP-VF,9,2,2.313522647723801,-0.4172239880323088,0.060104475414567995,7.148500675565809,40,9,0
2STEP-VF,9,2,2.312381184665249,-0.40024118533025943,0.06829399891118944,6.578559923786161,40,9,1
2STEP-VF,9,2,2.3186955425917644,-0.3886756787673437,0.05936605397042659,7.043758920642885,40,9,2
2STEP-VF,9,2,2.313584481542662,-0.40388461850214047,0.05942263959982509,6.4825223278452775,40,9,3
2STEP-VF,9,2,2.3146382755839214,-0.4051753606654252,0.06764769153942642,5.8509719399494955,40,9,4
2STEP-VF,9,2,2.3041274884859964,-0.40159102374969824,0.06284565676404452,6.018465429517851,40,9,5
2STEP-VF,9,2,2.3133769153694224,-0.4102327026157108,0.05829018559554814,5.840749548125161,40,9,6
2STEP-VF,9,2,2.3307482696486965,-0.4132189838732273,0.048355605082238094,6.201350764879925,40,9,7
2STEP-VF,9,2,2.2978671460797404,-0.4025417184573867,0.06671963106518261,7.053824044219113,40,9,8
2STEP-VF,9,2,2.318084296440815,-0.40099801927789325,0.05927165301664487,7.3822150777488265,40,9,9
2STEP-VF,9,2,2.309269794572969,-0.40215190536847717,0.06321481325347557,7.285406389108704,40,9,10
2STEP-VF,9,2,2.2956520253506887,-0.40603315913129334,0.06524773474681475,6.182272236690801,40,9,11
2STEP-VF,9,2,2.310929983459521,-0.3933080972404977,0.06764522954329374,5.44262678882653,40,9,12
2STEP-VF,9,2,2.3130336195925016,-0.4033226804355341,0.04249382224234045,5.047168317935397,40,9,13
2STEP-VF,9,2,2.320997789037242,-0.3838985410385592,0.05504858321175949,5.885133650233815,40,9,14
2STEP-VF,9,2,2.3239112233670576,-0.41904738440310635,0.053286307985606296,5.610727683986924,40,9,15
2STEP-VF,9,2,2.3266153526606117,-0.41044365733570004,0.05630401622413978,6.414109954481304,40,9,16
2STEP-VF,9,2,2.312704062998802,-0.4023544894154584,0.06512952886107772,6.054578329011997,40,9,17
2STEP-VF,9,2,2.3198326477675266,-0.3927423422191795,0.0521756623613032,6.002583422102878,40,9,18
2STEP-VF,9,2,2.291477100521944,-0.4066742948586653,0.07374037710561747,7.0216280555369535,40,9,19
2STEP-VF,9,2,2.3063356057302173,-0.4022406611252283,0.06116214830843069,6.493550723690049,40,9,20
2STEP-VF,9,2,2.311523170834443,-0.39697663184798243,0.06257671881435257,7.199972971276497,40,9,21
2STEP-VF,9,2,2.3317065818097347,-0.3976332391346175,0.05603758567989645,7.880583756747283,40,9,22
2STEP-VF,9,2,2.3044378766938753,-0.4031372239862381,0.06350547556396574,5.224004196709661,40,9,23
2STEP-VF,9,2,2.3087620360593157,-0.40557996122026335,0.0618197966283828,5.424595390261992,40,9,24
2STEP-VF,9,2,2.316371679876089,-0.4102833157502604,0.06993202848751147,6.210285866877896,40,9,25
2STEP-VF,9,2,2.3329461091620494,-0.4147296685535725,0.051999879880639484,6.7795595270317754,40,9,26
2STEP-VF,9,2,2.319366804320394,-0.39800755830161155,0.052646211963509035,5.991724334281786,40,9,27
2STEP-VF,9,2,2.3051631639390715,-0.408897236700361,0.07112924968293516,6.123315796613658,40,9,28
2STEP-VF,9,2,2.3138912097721356,-0.4111957919015006,0.05487284910379254,7.210452352849278,40,9,29
2STEP-VF,9,2,2.2926865332657376,-0.38966014592682596,0.07114634025113079,6.731842817571306,40,9,30
2STEP-VF,9,2,2.3191164127714408,-0.39936632046202264,0.05266351582484463,6.679546927474233,40,9,31
2STEP-VF,9,2,2.3069489417890003,-0.41216134687291395,0.06796331622632683,5.8252350707743386,40,9,32
2STEP-VF,9,2,2.300260992550546,-0.40344463079304493,0.053913566262698234,5.484330090161351,40,9,33
2STEP-VF,9,2,2.329315919565048,-0.40958784771444584,0.03505740645355682,5.454217257358173,40,9,34
2STEP-VF,9,2,2.3225685605314057,-0.39828872277749106,0.050661811211988164,6.806177617836957,40,9,35
2STEP-VF,9,2,2.324633896415294,-0.4051997768795151,0.06077778379541563,5.380244881850208,40,9,36
2STEP-VF,9,2,2.3083711824364364,-0.3960633976201744,0.05357917541018548,4.917390761216045,40,9,37
2STEP-VF,9,2,2.313177574604387,-0.40726586009346183,0.05892802041976556,5.573836832486344,40,9,38
2STEP-VF,9,2,2.3106388797007047,-0.39902843983707753,0.06623436145593688,6.599588432644956,40,9,39
2STEP-VF,9,2,2.336113473990419,-0.39697940020198336,0.04695735973232684,5.84548675564995,40,9,40
2STEP-VF,9,2,2.3276933874034653,-0.3936449305872185,0.06603183280417353,6.776324095934216,40,9,41
2STEP-VF,9,2,2.32616534363178,-0.4056732545854973,0.05676275530977088,7.552270580610773,40,9,42
2STEP-VF,9,2,2.3306929800422447,-0.40614706411011875,0.041359875945068146,6.128802173736708,40,9,43
2STEP-VF,9,2,2.320066434630153,-0.3976910639337687,0.06614829345974609,6.007612393745113,40,9,44
2STEP-VF,9,2,2.336439849155531,-0.3978841664452506,0.05823810429474223,9.001340862813011,40,9,45
2STEP-VF,9,2,2.318508614762014,-0.4100163333018105,0.05895927150628416,8.115818006417658,40,9,46
2STEP-VF,9,2,2.308892422497371,-0.4020389174445266,0.03973370875005584,5.9866725744517035,40,9,47
2STEP-VF,9,2,2.3081075093959065,-0.4057755647853843,0.05983982684252853,6.2696415393238345,40,9,48
2STEP-VF,9,2,2.3152152650705524,-0.38842250383241955,0.05623076117798629,5.905774664594903,40,9,49
2STEP-VF,9,2,2.325775925157132,-0.4010487404847155,0.05981091671475766,6.593330347818138,40,9,50
2STEP-VF,9,2,2.31203395841948,-0.40567942208893615,0.05245427000804056,5.033601769750004,40,9,51
2STEP-VF,9,2,2.316005092441067,-0.4013717435854413,0.05091451516622522,5.532004018339377,40,9,52
2STEP-VF,9,2,2.3199074275662714,-0.39609825269233007,0.058445161471568384,6.235709791789036,40,9,53
2STEP-VF,9,2,2.3285972401027992,-0.4127668374313254,0.05645417962029033,6.5784715529824735,40,9,54
2STEP-VF,9,2,2.322095697194944,-0.39093932324990077,0.053585753154079055,10.395955808539098,40,9,55
2STEP-VF,9,2,2.316932310607457,-0.41335988699676185,0.05139385127976585,5.47292620337233,40,9,56
2STEP-VF,9,2,2.2885092796863717,-0.3961996562265996,0.06294008271812189,5.965686864616895,40,9,57
2STEP-VF,9,2,2.3043324591744523,-0.40978332062003103,0.06129350797357423,5.309929718611611,40,9,58
2STEP-VF,9,2,2.307156439493897,-0.41431210453715966,0.0625155979230652,6.76855181979381,40,9,59
2STEP-VF,9,2,2.319507673167186,-0.3920703597327994,0.052205957075350695,5.947065170936298,40,9,60
2STEP-VF,9,2,2.3106694308637414,-0.3970482287295684,0.06401945085548127,7.240091487481673,40,9,61
2STEP-VF,9,2,2.314362869893697,-0.40025305150606794,0.054518765083609096,6.066294051512942,40,9,62
2STEP-VF,9,2,2.3274238259153206,-0.4135502809246753,0.04314228539075471,5.471267798684507,40,9,63
2STEP-VF,9,2,2.308098279524676,-0.4187222199481835,0.05408535015240654,5.345961457073533,40,9,64
2STEP-VF,9,2,2.30812951694104,-0.39219037602564755,0.05769859423390036,7.134039828231577,40,9,65
2STEP-VF,9,2,2.32432070488454,-0.4101420274145487,0.05726812407351246,5.339908124696963,40,9,66
2STEP-VF,9,2,2.3159461531597856,-0.40649078650944404,0.05906202189345454,5.843713532419934,40,9,67
2STEP-VF,9,2,2.320997778138403,-0.4055522701961307,0.057082032557708516,7.343459095081546,40,9,68
2STEP-VF,9,2,2.3394863306082754,-0.39686166580347526,0.047063069247640116,6.818292149959527,40,9,69
2STEP-VF,9,2,2.297100779864587,-0.4041014277425528,0.0648520924760098,6.616996731231489,40,9,70
2STEP-VF,9,2,2.3114221792603136,-0.40440132037255994,0.06603536716361524,5.0220333054525605,40,9,71
2STEP-VF,9,2,2.328283923759217,-0.39327612393298916,0.050055019064828066,5.783759904256767,40,9,72
2STEP-VF,9,2,2.3110512542074964,-0.4054835154468654,0.06341832349433835,5.933862411891725,40,9,73
2STEP-VF,9,2,2.3286261332395948,-0.4023844036575278,0.04801775885050927,6.319309662436764,40,9,74
2STEP-VF,9,2,2.34143306262674,-0.41145006894763064,0.0461685632829079,5.112315406834253,40,9,75
2STEP-VF,9,2,2.320474909575822,-0.41019645456533577,0.06177099039968983,5.659495786328272,40,9,76
2STEP-VF,9,2,2.316301835122,-0.3976884011559687,0.05669717897290728,5.843844989768473,40,9,77
2STEP-VF,9,2,2.3164980986628536,-0.4100257452401671,0.06066939013728643,8.230675434599236,40,9,78
2STEP-VF,9,2,2.30731544971228,-0.405557703110481,0.0606708692506062,5.437624668718594,40,9,79
2STEP-VF,9,2,2.3303156019946485,-0.39615318811840994,0.040550352239071816,5.389940734268061,40,9,80
2STEP-VF,9,2,2.3010629150658524,-0.4132095611825862,0.06871458545882966,5.517783697138727,40,9,81
2STEP-VF,9,2,2.305732936397589,-0.39847094130474686,0.05855960135396773,8.297953080569442,40,9,82
2STEP-VF,9,2,2.3205304429460845,-0.41311649161584313,0.05988073483936779,6.2925359948562605,40,9,83
2STEP-VF,9,2,2.3197994676454337,-0.3978397270000016,0.049547982556388495,6.001368426429082,40,9,84
2STEP-VF,9,2,2.330172465968846,-0.40695290554008545,0.07601692164767221,5.662695353081769,40,9,85
2STEP-VF,9,2,2.3133512019029703,-0.4041396390231635,0.05204195089606531,5.344551751928731,40,9,86
2STEP-VF,9,2,2.309118040778599,-0.3997468394297571,0.050122579501559836,5.647699433016768,40,9,87
2STEP-VF,9,2,2.3153426629780673,-0.421752085088848,0.04940088721556896,5.602941612256141,40,9,88
2STEP-VF,9,2,2.3265000671490212,-0.4143606978680874,0.05600637112653212,5.4470865955821015,40,9,89
2STEP-VF,9,2,2.3289318231263954,-0.40880274291329044,0.05016581229952061,6.831372441546772,40,9,90
2STEP-VF,9,2,2.3097225350932926,-0.4053031335488233,0.0538144907614626,5.914116542794929,40,9,91
2STEP-VF,9,2,2.331890710239126,-0.4133133104291017,0.061801616932499595,5.249500842695878,40,9,92
2STEP-VF,9,2,2.3299332633828427,-0.40154405683134914,0.06077337891452019,7.25178877361223,40,9,93
2STEP-VF,9,2,2.3203987928632093,-0.3984838706622799,0.05842792371234436,6.378564293868308,40,9,94
2STEP-VF,9,2,2.341471542141977,-0.40646476990410496,0.04661922945653938,7.1190603966091945,40,9,95
2STEP-VF,9,2,2.2999366289413983,-0.40328247901077424,0.05421664063398145,6.331930306065057,40,9,96
2STEP-VF,9,2,2.3089106610196626,-0.4046250075477261,0.06329951805146658,6.286274911859849,40,9,97
2STEP-VF,9,2,2.321916815685483,-0.41247963807878546,0.06015250132694435,5.023629943783178,40,9,98
2STEP-VF,9,2,2.3213546403101626,-0.4086212800154255,0.054918945232993704,5.47245925962624,40,9,99
2STEP-VF,9,2,4.636508181715764,-0.6710016253503004,0.07696298538847283,5.395697835099725,44,9,0
2STEP-VF,9,2,4.66672290873715,-0.6535045797514117,0.08942311743308488,6.017083350501298,44,9,1
2STEP-VF,9,2,4.670385516011842,-0.6746361360332839,0.0710548579272927,6.712521461679303,44,9,2
2STEP-VF,9,2,4.608463222646855,-0.6549234078791432,0.09208161856283233,9.495105702174197,44,9,3
2STEP-VF,9,2,4.649412965937663,-0.6577048400577259,0.0756433395926789,7.065816080562859,44,9,4
2STEP-VF,9,2,4.651571751146177,-0.6563108785077004,0.07995414732208582,6.982124707355401,44,9,5
2STEP-VF,9,2,4.643889100409329,-0.6734762712030653,0.09042943887657777,6.053637263436263,44,9,6
2STEP-VF,9,2,4.637785955660697,-0.6640646004448317,0.07890778440420192,5.315108624213884,44,9,7
2STEP-VF,9,2,4.645637422948272,-0.6671194102476194,0.07877543465832805,5.8880972213677705,44,9,8
2STEP-VF,9,2,4.66072097160613,-0.6820800404011246,0.09782002329622187,5.478114132366829,44,9,9
2STEP-VF,9,2,4.664038576492213,-0.6729955451658726,0.06890871768492005,6.056963119865994,44,9,10
2STEP-VF,9,2,4.628807352216806,-0.6773274102218083,0.09174575502253685,7.086243660389826,44,9,11
2STEP-VF,9,2,4.657694336467368,-0.654167839825281,0.07894812205186101,5.766923162798342,44,9,12
2STEP-VF,9,2,4.651780324993315,-0.6596418167295022,0.08071983309221048,9.674732251849623,44,9,13
2STEP-VF,9,2,4.6503244510606345,-0.6578142403809786,0.08028986507721055,6.559094647998134,44,9,14
2STEP-VF,9,2,4.6347855483527125,-0.6665606658777194,0.0789467938490691,8.342975147213311,44,9,15
2STEP-VF,9,2,4.64228532024828,-0.6688658751732147,0.07555094380079315,5.614246715181429,44,9,16
2STEP-VF,9,2,4.631325260122064,-0.6568571663544929,0.07849630167047417,6.554539632795901,44,9,17
2STEP-VF,9,2,4.653665551504036,-0.6558387602872778,0.08113407154292793,5.705889057136441,44,9,18
2STEP-VF,9,2,4.628090755964713,-0.650966890653056,0.09434454539530411,8.746302598703007,44,9,19
2STEP-VF,9,2,4.67053337448184,-0.6713618008638571,0.08254696244924466,6.357598330369836,44,9,20
2STEP-VF,9,2,4.646968998160821,-0.6721694170373487,0.0807045780597682,5.88008653887727,44,9,21
2STEP-VF,9,2,4.621943226905985,-0.6482707097920976,0.08711849888843771,6.082154480858145,44,9,22
2STEP-VF,9,2,4.638329245664837,-0.6568423584124418,0.08077621345498176,5.91697143885408,44,9,23
2STEP-VF,9,2,4.679302105311926,-0.6552325508484694,0.07830937836394854,6.389908302493685,44,9,24
2STEP-VF,9,2,4.668238738096992,-0.6524858248340707,0.08104525655240828,5.4830934710524195,44,9,25
2STEP-VF,9,2,4.655795655853716,-0.6609151612580341,0.07482397058351478,5.79931787659524,44,9,26
2STEP-VF,9,2,4.655066343171479,-0.6770926761771106,0.08325757568844067,7.883332090064265,44,9,27
2STEP-VF,9,2,4.64123111751463,-0.6593018399181019,0.08671011562149157,7.723993915755786,44,9,28
2STEP-VF,9,2,4.628540596083175,-0.6737801105576777,0.0951415144941709,6.119511366390665,44,9,29
2STEP-VF,9,2,4.655258617146918,-0.6561224925009203,0.07597218603686101,6.997955170900486,44,9,30
2STEP-VF,9,2,4.649816638446791,-0.6458759835670735,0.08076087489452954,8.09033893575503,44,9,31
2STEP-VF,9,2,4.660943524336964,-0.6779529157768804,0.0772919260749402,5.4179475407158995,44,9,32
2STEP-VF,9,2,4.690074604511307,-0.6612303532896104,0.046374400936739606,5.593280447377966,44,9,33
2STEP-VF,9,2,4.667098429335861,-0.6609249728470667,0.06934045692542996,5.933830944790792,44,9,34
2STEP-VF,9,2,4.6633673550495915,-0.683673749852212,0.07898987712778649,5.340913039732108,44,9,35
2STEP-VF,9,2,4.6334234430950545,-0.6551111772112257,0.09356366881778248,6.158411630855741,44,9,36
2STEP-VF,9,2,4.617407148629822,-0.6589282034747511,0.09501189305494229,5.916440072353944,44,9,37
2STEP-VF,9,2,4.668031819606469,-0.6771512054071311,0.07161189642603705,6.016263462622806,44,9,38
2STEP-VF,9,2,4.63643832538443,-0.6581957534055488,0.07323661183966239,5.502008284827694,44,9,39
2STEP-VF,9,2,4.642059892257079,-0.6661342398416942,0.08649127130342864,7.635718992187176,44,9,40
2STEP-VF,9,2,4.645533533775107,-0.6346681804396447,0.09919584623567723,5.625979768328209,44,9,41
2STEP-VF,9,2,4.662445010395522,-0.642498960461256,0.09544339175626096,5.713360171030449,44,9,42
2STEP-VF,9,2,4.65236383850932,-0.67585106485412,0.0827398641341999,9.012873763835964,44,9,43
2STEP-VF,9,2,4.636140599260782,-0.6656249919680666,0.07729062980084432,9.648437874404056,44,9,44
2STEP-VF,9,2,4.65755283294602,-0.6581321487053731,0.07020031001653439,5.40835197167423,44,9,45
2STEP-VF,9,2,4.673126840428916,-0.6800544605886043,0.07821286818422613,5.574383917514649,44,9,46
2STEP-VF,9,2,4.666982879922103,-0.6689865053468875,0.07805810248157814,6.723650443927895,44,9,47
2STEP-VF,9,2,4.624958266963629,-0.6662023694146818,0.08843091962044691,6.709706267665762,44,9,48
2STEP-VF,9,2,4.675496192400788,-0.6646726515263524,0.0673135508765089,7.004250803525646,44,9,49
2STEP-VF,9,2,4.648193902436182,-0.6628938222049269,0.07482498194873816,8.129503553011409,44,9,50
2STEP-VF,9,2,4.646889497263305,-0.6714753954404248,0.09797656411675708,5.082741075695666,44,9,51
2STEP-VF,9,2,4.63334184968106,-0.6596597663497797,0.08646663446643629,5.708983529632978,44,9,52
2STEP-VF,9,2,4.65192649153418,-0.6680789981140081,0.08409741304086955,6.185152749551291,44,9,53
2STEP-VF,9,2,4.64734329979898,-0.6614704904148119,0.08034713731650904,8.740799121804416,44,9,54
2STEP-VF,9,2,4.653500408561469,-0.6430809852121566,0.07493177682337783,6.374309906185836,44,9,55
2STEP-VF,9,2,4.656020002175816,-0.6513947237367809,0.0817871981015143,7.562292613213895,44,9,56
2STEP-VF,9,2,4.65028835058683,-0.6631925737153443,0.0718854102775966,5.77936321921774,44,9,57
2STEP-VF,9,2,4.642198710795794,-0.6701320261157351,0.08159745986023323,6.419258610654641,44,9,58
2STEP-VF,9,2,4.653110952610232,-0.6554570177601322,0.08249034453202116,6.396759944626056,44,9,59
2STEP-VF,9,2,4.648450844301924,-0.6736890598464399,0.07500174997463113,6.513083428605452,44,9,60
2STEP-VF,9,2,4.656627378822512,-0.6670684503153175,0.07865897934109216,6.584322180263379,44,9,61
2STEP-VF,9,2,4.642121376235319,-0.6753874719501649,0.08341474968848075,5.381678360861674,44,9,62
2STEP-VF,9,2,4.662882340108605,-0.6504672788941794,0.08973527726432404,6.1062217291337735,44,9,63
2STEP-VF,9,2,4.647218358876296,-0.6570426141851491,0.08917762791330647,6.057589446509766,44,9,64
2STEP-VF,9,2,4.651552269652303,-0.6588067710034118,0.06985733332667347,7.0606393669491885,44,9,65
2STEP-VF,9,2,4.650513752491298,-0.6608687830825685,0.08249768454191586,6.3058121535338385,44,9,66
2STEP-VF,9,2,4.663162170023501,-0.6343323054106326,0.07047120398632349,6.187061086855281,44,9,67
2STEP-VF,9,2,4.637306546022265,-0.6762701297971009,0.07233472297697661,5.429879895368348,44,9,68
2STEP-VF,9,2,4.653263281301039,-0.6669085308693222,0.08324804033777362,6.446508743373284,44,9,69
2STEP-VF,9,2,4.660473036991817,-0.6472694204795544,0.06783389770581268,6.076026071479351,44,9,70
2STEP-VF,9,2,4.643505712808123,-0.6640517432832428,0.09672747239638008,5.786999912804157,44,9,71
2STEP-VF,9,2,4.651869566517941,-0.6703563798956373,0.0743040922822274,5.2295235075301685,44,9,72
2STEP-VF,9,2,4.671604313276042,-0.6881176953892257,0.0668318571196042,7.637338447906908,44,9,73
2STEP-VF,9,2,4.637621355127694,-0.6660228923926034,0.07703634975369278,6.67420962674334,44,9,74
2STEP-VF,9,2,4.644639056055097,-0.6742603035727157,0.07822572881632982,5.0424911383952224,44,9,75
2STEP-VF,9,2,4.645622971616325,-0.6582563786044386,0.08856622380805591,5.995985439110538,44,9,76
2STEP-VF,9,2,4.664095827032632,-0.6486836478385761,0.06046558096539766,6.907774997007601,44,9,77
2STEP-VF,9,2,4.634533909509201,-0.6688824956375683,0.08958013705358259,6.33479964934731,44,9,78
2STEP-VF,9,2,4.670239202234686,-0.6585336657717809,0.06337110556480811,5.957027334378981,44,9,79
2STEP-VF,9,2,4.630551114544383,-0.6494788890880527,0.08718891507741829,7.517799028014223,44,9,80
2STEP-VF,9,2,4.672131566536208,-0.6493665039381668,0.07203564442736354,6.13291657638438,44,9,81
2STEP-VF,9,2,4.6734531738031615,-0.6444687460124038,0.0705996964588536,5.5714532401516115,44,9,82
2STEP-VF,9,2,4.68338925231416,-0.6529795614169079,0.06975284663885398,6.744621430173599,44,9,83
2STEP-VF,9,2,4.658420145512511,-0.6673505891235624,0.08267404755526496,5.022455510669037,44,9,84
2STEP-VF,9,2,4.668217964682744,-0.6547723577341467,0.06360859761670304,6.315437623012586,44,9,85
2STEP-VF,9,2,4.643264755173838,-0.6599815504006702,0.08892179151795776,7.415796261703364,44,9,86
2STEP-VF,9,2,4.646878071327941,-0.6699356460656135,0.06397806323812098,6.597863850474871,44,9,87
2STEP-VF,9,2,4.652414911889397,-0.6599389432102352,0.07773725305166221,7.1501889918132715,44,9,88
2STEP-VF,9,2,4.630148011781767,-0.6551591105267114,0.09455337891487313,5.341091866683987,44,9,89
2STEP-VF,9,2,4.652615436050186,-0.6695237286174112,0.0896779951843084,6.306623029624914,44,9,90
2STEP-VF,9,2,4.635502809373561,-0.6572300985184018,0.08829756466612437,7.389187111888927,44,9,91
2STEP-VF,9,2,4.6334099358431535,-0.6550730231889084,0.08353790234612515,5.042396133230883,44,9,92
2STEP-VF,9,2,4.671569246859409,-0.6479651577937703,0.08160960747155592,10.004393374963689,44,9,93
2STEP-VF,9,2,4.640594557023548,-0.655101666330198,0.0904791056778163,5.8393319258358645,44,9,94
2STEP-VF,9,2,4.6627668672137546,-0.6616624602818421,0.07007803918373048,6.167625754452731,44,9,95
2STEP-VF,9,2,4.640770083929336,-0.6540785272579466,0.07690564996237816,5.636105846129252,44,9,96
2STEP-VF,9,2,4.663863727143382,-0.6661578371483224,0.07573071676312142,8.178797384767568,44,9,97
2STEP-VF,9,2,4.661241871064269,-0.6710100876765043,0.07851062928825567,6.873538394481407,44,9,98
2STEP-VF,9,2,4.676471323115218,-0.68338170624344,0.06917280173861233,6.522874376945715,44,9,99
2STEP-VF,9,2,0.9305047293113826,-0.20120206956399003,0.03180792283363432,7.81277715270001,36,15,0
2STEP-VF,9,2,0.9131353699498533,-0.20501784225073652,0.04666691183459502,5.6680804928695006,36,15,1
2STEP-VF,9,2,0.9169527504761205,-0.19598238467856566,0.0319102012067463,5.386351034049546,36,15,2
2STEP-VF,9,2,0.9045102827725253,-0.20279177691732714,0.044255050145045376,7.223698060316039,36,15,3
2STEP-VF,9,2,0.9127431044182088,-0.19742689158396576,0.038056876818824144,5.403623087588254,36,15,4
2STEP-VF,9,2,0.9047290738248762,-0.19445458197148283,0.03905058564413869,6.060081787433134,36,15,5
2STEP-VF,9,2,0.920144091378424,-0.20395681859636028,0.035942079595800876,5.347679265297294,36,15,6
2STEP-VF,9,2,0.9116728295671345,-0.19800579450717767,0.03999295446844107,6.095661331355557,36,15,7
2STEP-VF,9,2,0.9376733130311877,-0.2014379529252594,0.03095308006897645,6.113360190077007,36,15,8
2STEP-VF,9,2,0.9033799679965029,-0.19415356460958316,0.03933593479450046,5.4783644724896154,36,15,9
2STEP-VF,9,2,0.9059292854016336,-0.19266338416754417,0.043867499165940266,7.072920846487626,36,15,10
2STEP-VF,9,2,0.9017575550523022,-0.19288724108345512,0.03934043187779793,5.991904161407901,36,15,11
2STEP-VF,9,2,0.9309312068028588,-0.1990427966039566,0.027676910786213312,5.373194193102899,36,15,12
2STEP-VF,9,2,0.9283470522830796,-0.19578671799379074,0.024599306342239422,5.799438209151768,36,15,13
2STEP-VF,9,2,0.9262737884859082,-0.20184170567007187,0.03882772665263544,6.465685819722612,36,15,14
2STEP-VF,9,2,0.906455212242975,-0.19364199847048286,0.037113262523858145,7.4211547204806605,36,15,15
2STEP-VF,9,2,0.9144902979330427,-0.20689835921152888,0.04297472642764118,5.382257049301981,36,15,16
2STEP-VF,9,2,0.9186604008860809,-0.1996942954141684,0.0375738905976983,5.337468536303462,36,15,17
2STEP-VF,9,2,0.9163847453420786,-0.20013797834142188,0.044209466236627235,5.332025091729827,36,15,18
2STEP-VF,9,2,0.9146314885066839,-0.20690968864563558,0.041593183011761785,7.085327136472641,36,15,19
2STEP-VF,9,2,0.917015759686314,-0.1949698292387085,0.04111240748796437,6.160359572675957,36,15,20
2STEP-VF,9,2,0.9212536337889309,-0.20210701354404736,0.032944298591211646,6.846192845760515,36,15,21
2STEP-VF,9,2,0.9112802374516807,-0.20041793478956016,0.04264378865001432,8.037333278689813,36,15,22
2STEP-VF,9,2,0.9225216131775007,-0.1985682843254422,0.029880329102467035,5.201578289372152,36,15,23
2STEP-VF,9,2,0.9365882814907039,-0.20181847764732247,0.02968842956239666,5.490243775233287,36,15,24
2STEP-VF,9,2,0.9049582954628086,-0.1963646613330244,0.03994272239274449,5.750085034119453,36,15,25
2STEP-VF,9,2,0.9167309190746155,-0.2009541134048945,0.037666028747773875,6.311341022842104,36,15,26
2STEP-VF,9,2,0.9183076124742863,-0.18982818564074883,0.030081499002808775,5.4810972746765865,36,15,27
2STEP-VF,9,2,0.9209739856091967,-0.2070131040450252,0.04167657556243639,7.144093711547749,36,15,28
2STEP-VF,9,2,0.9197444288967601,-0.20014778340946807,0.044911418826071366,5.014290295200313,36,15,29
2STEP-VF,9,2,0.9050155307179951,-0.20011349946995444,0.04283721820726076,5.460701945881651,36,15,30
2STEP-VF,9,2,0.9357041857772853,-0.20232401541661257,0.03201062462321858,5.515074603950376,36,15,31
2STEP-VF,9,2,0.9203205511836692,-0.19764990635683122,0.038895692855674104,5.392899679144465,36,15,32
2STEP-VF,9,2,0.9283968796827066,-0.19163329409957452,0.034916840533590975,6.150409950407207,36,15,33
2STEP-VF,9,2,0.9276164671704242,-0.197622869899012,0.03415888674336174,6.496411069735429,36,15,34
2STEP-VF,9,2,0.9117188955043485,-0.20154040480186436,0.046843502753015916,5.706142124140235,36,15,35
2STEP-VF,9,2,0.9196620773801508,-0.19542877288511368,0.03478346720943393,5.735529411780432,36,15,36
2STEP-VF,9,2,0.9084158096070254,-0.20001756536870124,0.03555808053324503,5.492987721148763,36,15,37
2STEP-VF,9,2,0.9098048638872603,-0.19395816146657327,0.04286968826417964,5.373972862223181,36,15,38
2STEP-VF,9,2,0.9069962913543339,-0.18918908946133883,0.03979978964032529,5.70814200702223,36,15,39
2STEP-VF,9,2,0.9120941310458303,-0.20295188785910168,0.04262236796751371,6.693678188756731,36,15,40
2STEP-VF,9,2,0.9260125838792982,-0.19205203913753607,0.032901025103005674,6.6845325171466445,36,15,41
2STEP-VF,9,2,0.9251108937085549,-0.20699211027332237,0.03553401940543413,5.302815734436978,36,15,42
2STEP-VF,9,2,0.9133705251136622,-0.1946988814085317,0.03755862850090609,5.6906205087246615,36,15,43
2STEP-VF,9,2,0.9068559482691034,-0.18769185414080086,0.030232191887269996,5.350196523785144,36,15,44
2STEP-VF,9,2,0.922222977192498,-0.18711933079175772,0.030935391335373933,5.733116166318246,36,15,45
2STEP-VF,9,2,0.9135495294639501,-0.19329735772416384,0.04044730499860466,5.797173779232646,36,15,46
2STEP-VF,9,2,0.9196495535896289,-0.20633082510007922,0.03343981544240053,7.112982345790483,36,15,47
2STEP-VF,9,2,0.9291169220760737,-0.21127538090153997,0.03866335995017774,5.070865542029619,36,15,48
2STEP-VF,9,2,0.9252852538713977,-0.19299015307367384,0.034151625215680215,5.5906363643673656,36,15,49
2STEP-VF,9,2,0.9266880070782555,-0.19659264113688782,0.029706313660754106,5.556887960890956,36,15,50
2STEP-VF,9,2,0.9154747452692947,-0.1976540024674585,0.03173872746552525,7.161264222446573,36,15,51
2STEP-VF,9,2,0.9198155161399229,-0.19189488829512816,0.025981663983675043,5.2221293916169325,36,15,52
2STEP-VF,9,2,0.913192935667295,-0.19760348187702167,0.037615297907024926,4.727675321328699,36,15,53
2STEP-VF,9,2,0.911509465066861,-0.19956700161633656,0.05247910895220541,5.270367045903565,36,15,54
2STEP-VF,9,2,0.9247970879633938,-0.18944308968060758,0.025962115019786538,6.080407252202171,36,15,55
2STEP-VF,9,2,0.9068355253431851,-0.19171483504800063,0.03213312861000259,5.244830288380976,36,15,56
2STEP-VF,9,2,0.9208371727987018,-0.20920421297319747,0.0259007742757691,5.5921443273838625,36,15,57
2STEP-VF,9,2,0.9102569132592572,-0.20042599527428567,0.04525163093404452,5.861791314445257,36,15,58
2STEP-VF,9,2,0.9042961034213932,-0.2003919199844476,0.0474686526870696,5.339788949007207,36,15,59
2STEP-VF,9,2,0.9193097219865164,-0.19275813676131798,0.04308562482815038,5.249142241743363,36,15,60
2STEP-VF,9,2,0.9093109742933655,-0.19915182124675326,0.03365451534829261,6.348052424140997,36,15,61
2STEP-VF,9,2,0.9095820598060336,-0.19223916202894747,0.039880325493157544,6.495731605243476,36,15,62
2STEP-VF,9,2,0.9407691326214205,-0.20713747100788624,0.033435704627550085,5.641971784026571,36,15,63
2STEP-VF,9,2,0.9159263706537395,-0.19689521980628044,0.03974042318530887,6.201979738411813,36,15,64
2STEP-VF,9,2,0.912697225144525,-0.20714263300209476,0.03820452175504083,7.065932818063519,36,15,65
2STEP-VF,9,2,0.9197914570904898,-0.19925285115561783,0.039607658504724724,5.977853038192502,36,15,66
2STEP-VF,9,2,0.917808301889755,-0.19584841062798702,0.029863938948165022,5.860618115757649,36,15,67
2STEP-VF,9,2,0.918315942740538,-0.19594319649097117,0.034575984559168875,5.948785033691339,36,15,68
2STEP-VF,9,2,0.9060690072687192,-0.1960858788053124,0.03899232999291537,5.3174981580529455,36,15,69
2STEP-VF,9,2,0.9318017465220423,-0.20349536124223067,0.026520007189672606,5.253472183858002,36,15,70
2STEP-VF,9,2,0.9271335031215089,-0.20605902966998735,0.03194699249906615,5.909640293554359,36,15,71
2STEP-VF,9,2,0.9243609329497827,-0.19390886656491627,0.040719406690122736,5.8631367637814895,36,15,72
2STEP-VF,9,2,0.9309554081506102,-0.20848631793561478,0.03164296019880116,5.999030108612083,36,15,73
2STEP-VF,9,2,0.9194839128654194,-0.19900370741450993,0.03366693486490718,5.239776267915936,36,15,74
2STEP-VF,9,2,0.913891069972018,-0.19774009010219185,0.0425620424027055,4.8416349107104795,36,15,75
2STEP-VF,9,2,0.9135754126144674,-0.20349640557987334,0.04033007315160785,5.545769907273398,36,15,76
2STEP-VF,9,2,0.9109838406056313,-0.2012653987205863,0.04561022378834495,5.612229385691869,36,15,77
2STEP-VF,9,2,0.9245088118107573,-0.20209076775104898,0.036020996313311626,5.577067263430265,36,15,78
2STEP-VF,9,2,0.9206042285290892,-0.1969828225784491,0.04263455171525026,6.508033461922216,36,15,79
2STEP-VF,9,2,0.924803866751461,-0.2004418351765582,0.03242819146630903,7.001089055416652,36,15,80
2STEP-VF,9,2,0.9125854562902814,-0.2001790798205224,0.036205191423684835,6.812307123835185,36,15,81
2STEP-VF,9,2,0.9042654028318885,-0.18721379472558192,0.04609979655570918,5.030593191057642,36,15,82
2STEP-VF,9,2,0.8997578467127175,-0.19693990776132803,0.04230268197450923,5.9509425447735,36,15,83
2STEP-VF,9,2,0.9266852043718672,-0.194904240915755,0.028071377490785494,5.4106147101314725,36,15,84
2STEP-VF,9,2,0.9116112431139738,-0.18958147654932658,0.04091895133143733,6.557848878846761,36,15,85
2STEP-VF,9,2,0.9219104156287523,-0.19089981502981068,0.030878112554711942,6.058626820527282,36,15,86
2STEP-VF,9,2,0.925719623846137,-0.20058241333094862,0.031445606576261866,8.187409361619228,36,15,87
2STEP-VF,9,2,0.9276230084652474,-0.1948600394129896,0.0382184435206479,6.07365061106707,36,15,88
2STEP-VF,9,2,0.9154584051563139,-0.18914455313553322,0.027269947123470528,5.193717937095964,36,15,89
2STEP-VF,9,2,0.9073727961796072,-0.19686736026640284,0.037521287326867034,5.859923214160743,36,15,90
2STEP-VF,9,2,0.8988765553080333,-0.20699613951967236,0.04713427138812328,5.689456439541966,36,15,91
2STEP-VF,9,2,0.9094856691674502,-0.19900759511989566,0.0414243612854623,7.154544025843603,36,15,92
2STEP-VF,9,2,0.9098589135996143,-0.20160325974941193,0.041632741039812904,5.649573154616347,36,15,93
2STEP-VF,9,2,0.9324552090747946,-0.20447266790071866,0.04338763299775353,5.951528465764804,36,15,94
2STEP-VF,9,2,0.9195316962454698,-0.1921161038789308,0.03475060553585438,7.342002324299514,36,15,95
2STEP-VF,9,2,0.9206640460018616,-0.20402613000287675,0.033537610912844476,5.745369918644358,36,15,96
2STEP-VF,9,2,0.9057521737609938,-0.1944200716148314,0.043738175495582364,7.561492002678382,36,15,97
2STEP-VF,9,2,0.9315962186307857,-0.20706649760518,0.033735196273791714,5.372500522088876,36,15,98
2STEP-VF,9,2,0.918612902992494,-0.20149669598261002,0.040744398874155735,5.029935109313131,36,15,99
2STEP-VF,9,2,2.3310436071457246,-0.39361734304634927,0.04637750425795197,6.2755691876136295,40,15,0
2STEP-VF,9,2,2.318757498611501,-0.4022200885624994,0.050428187675613606,6.226595492507241,40,15,1
2STEP-VF,9,2,2.336863200793661,-0.41208637688303357,0.041328571671332526,5.904853676334293,40,15,2
2STEP-VF,9,2,2.3098113782309175,-0.4092899019963683,0.05085960936751121,6.7750060422191005,40,15,3
2STEP-VF,9,2,2.2817459245743077,-0.3926865335907365,0.07895659765903768,5.848372293278732,40,15,4
2STEP-VF,9,2,2.309462445723647,-0.40252941721397756,0.06167054578573738,6.338166251245509,40,15,5
2STEP-VF,9,2,2.303049084968382,-0.3959492414764482,0.06104403988775516,5.126805833848823,40,15,6
2STEP-VF,9,2,2.314178804051289,-0.40881146424385967,0.06293046370076556,6.500502198845894,40,15,7
2STEP-VF,9,2,2.3220651625301207,-0.391675593979204,0.04256047679531019,6.397419377478545,40,15,8
2STEP-VF,9,2,2.3426963628601367,-0.411050630415552,0.05011928475197059,7.306019309655362,40,15,9
2STEP-VF,9,2,2.293873885926875,-0.3948707181919683,0.06939508811963409,7.339089865313346,40,15,10
2STEP-VF,9,2,2.3221836364426434,-0.4152471589668525,0.052031209854884214,5.267833709553282,40,15,11
2STEP-VF,9,2,2.314018236852158,-0.40161416412417184,0.06169081173475514,5.862018205637708,40,15,12
2STEP-VF,9,2,2.303972504318951,-0.39783451080390386,0.0591443871637093,5.553929221640671,40,15,13
2STEP-VF,9,2,2.296422596585221,-0.40308885202826134,0.06562323607445304,5.978231534274968,40,15,14
2STEP-VF,9,2,2.305181946335829,-0.4026369752868967,0.06187125402605459,5.782887875414741,40,15,15
2STEP-VF,9,2,2.31927561528524,-0.4065987871638816,0.06714858376651682,5.408714624930907,40,15,16
2STEP-VF,9,2,2.31233912142212,-0.3889076602454705,0.060112075651706065,6.775778273268322,40,15,17
2STEP-VF,9,2,2.3091265790266133,-0.39424911161302817,0.06266424986781947,5.860035062841832,40,15,18
2STEP-VF,9,2,2.3229150543256067,-0.4066988439937261,0.04946933306210535,4.996493851835914,40,15,19
2STEP-VF,9,2,2.3030528449522683,-0.4049287447758824,0.06442495358460876,5.684601292049665,40,15,20
2STEP-VF,9,2,2.3070126500287844,-0.3970326798301739,0.0776036369306132,5.189254341781183,40,15,21
2STEP-VF,9,2,2.299554784749011,-0.4083021740155041,0.06977545157320353,6.673256651651778,40,15,22
2STEP-VF,9,2,2.3150277658914034,-0.4065059512649783,0.06537463155719457,7.335632166726741,40,15,23
2STEP-VF,9,2,2.314299689263802,-0.4001654337838442,0.05590974100382728,7.4560697905425215,40,15,24
2STEP-VF,9,2,2.3236429968211096,-0.3988069453602294,0.053034358736136565,6.989411660104111,40,15,25
2STEP-VF,9,2,2.2852539492735224,-0.4020784218795844,0.07383340363711306,6.042451114234534,40,15,26
2STEP-VF,9,2,2.3192055054624694,-0.4012820112439555,0.05011411787507832,6.35127414010807,40,15,27
2STEP-VF,9,2,2.310120392427372,-0.38590183091036295,0.050788922269539405,6.552949880721057,40,15,28
2STEP-VF,9,2,2.324251405183546,-0.39673780576790857,0.048995044931082386,5.015284951712157,40,15,29
2STEP-VF,9,2,2.3196526081416975,-0.4113056750021592,0.05445941941320729,6.6547229907476835,40,15,30
2STEP-VF,9,2,2.3211606642002747,-0.40384144895310664,0.05544714913181765,6.102878871015609,40,15,31
2STEP-VF,9,2,2.327813600431828,-0.41428532226704273,0.053787066082883944,6.442125945930864,40,15,32
2STEP-VF,9,2,2.309607388572036,-0.3982885622726519,0.0574668987564694,5.81516980320374,40,15,33
2STEP-VF,9,2,2.332330852309065,-0.41231600306685945,0.05164227757439438,5.729986781355582,40,15,34
2STEP-VF,9,2,2.3276617876024717,-0.3990013223822189,0.056106551227675446,5.780425374715198,40,15,35
2STEP-VF,9,2,2.3006817498972962,-0.40136813221614603,0.06691717391489133,6.6376909470687,40,15,36
2STEP-VF,9,2,2.3096971307364798,-0.39907832312122327,0.0649140097933692,6.5828912013772785,40,15,37
2STEP-VF,9,2,2.308568061319869,-0.3979861297421707,0.05834138031850355,6.286170442598085,40,15,38
2STEP-VF,9,2,2.330116497539724,-0.4107290346139219,0.050955320663373785,5.464426167044117,40,15,39
2STEP-VF,9,2,2.313424856879997,-0.40921964462147475,0.05967495070921093,5.9710846565196265,40,15,40
2STEP-VF,9,2,2.2972074023816664,-0.39663440835837915,0.06869777847739994,5.735582046642856,40,15,41
2STEP-VF,9,2,2.3039527396011312,-0.40917487402234853,0.0641275110457676,5.957522654908772,40,15,42
2STEP-VF,9,2,2.3375550318467226,-0.40210062367831667,0.057674180348560505,6.615731501757893,40,15,43
2STEP-VF,9,2,2.332705227446347,-0.40323478994718404,0.05695310583886272,7.639978175826676,40,15,44
2STEP-VF,9,2,2.3097823844287837,-0.3935529220753438,0.06307662086948412,5.991435027321741,40,15,45
2STEP-VF,9,2,2.3274639098183316,-0.4061637239980241,0.06612889622978019,6.308902411794438,40,15,46
2STEP-VF,9,2,2.3139024630948906,-0.3944842267900912,0.04936452150263113,5.9059788188227165,40,15,47
2STEP-VF,9,2,2.3213385347005433,-0.4046549657958026,0.05169807666201253,5.402393863252104,40,15,48
2STEP-VF,9,2,2.3394324859529343,-0.40382560185183625,0.04888131528028638,5.929585066281088,40,15,49
2STEP-VF,9,2,2.302852094647472,-0.40242661210879044,0.07143800241275577,5.954169727211937,40,15,50
2STEP-VF,9,2,2.31063599727902,-0.40860184211092165,0.06429433626048063,6.428400079665606,40,15,51
2STEP-VF,9,2,2.30291752407765,-0.41661698352806376,0.07146736829329668,5.903312250333802,40,15,52
2STEP-VF,9,2,2.319215366484874,-0.3966626167290196,0.059789534087730384,5.9719930749125725,40,15,53
2STEP-VF,9,2,2.317872522313583,-0.39617211185798606,0.06715725856600775,5.643578883029547,40,15,54
2STEP-VF,9,2,2.3185355754724863,-0.39631655871809535,0.05448295929482918,5.659273603872542,40,15,55
2STEP-VF,9,2,2.3028962836572773,-0.40107267325788665,0.06338277898139277,6.652332290466993,40,15,56
2STEP-VF,9,2,2.3160324748145933,-0.39265396933417496,0.05623349398627185,5.44522371128625,40,15,57
2STEP-VF,9,2,2.3157185844032306,-0.3890729976933189,0.05534029257479062,5.635118152825398,40,15,58
2STEP-VF,9,2,2.326238600529971,-0.41269370787909093,0.05161473938272441,5.866159279232372,40,15,59
2STEP-VF,9,2,2.310094526590531,-0.3998861134616019,0.050340458102171366,5.302067096572567,40,15,60
2STEP-VF,9,2,2.3167163341425323,-0.39847702366255394,0.05580180225485642,5.465222399686782,40,15,61
2STEP-VF,9,2,2.3038238042057757,-0.40208436625964245,0.05776103318216624,5.77756673455308,40,15,62
2STEP-VF,9,2,2.330001517057539,-0.4104763707535386,0.049640271889912546,5.869663282288715,40,15,63
2STEP-VF,9,2,2.3079306655733633,-0.4053853463613538,0.055392148166995045,7.082929877602498,40,15,64
2STEP-VF,9,2,2.336070730339978,-0.40916318078823766,0.043030236759163044,5.080031143784219,40,15,65
2STEP-VF,9,2,2.301086918422111,-0.3939603364470647,0.05963398836109559,5.854975984716321,40,15,66
2STEP-VF,9,2,2.309596245009677,-0.3889824558787583,0.0688927360201443,5.9187488143818365,40,15,67
2STEP-VF,9,2,2.32625560834998,-0.40492557242644406,0.05672815238939956,5.237940165518112,40,15,68
2STEP-VF,9,2,2.314010212642978,-0.42073142576217876,0.0550410428043391,5.946915975585291,40,15,69
2STEP-VF,9,2,2.3062368266455007,-0.40663053518579606,0.06624668333890721,5.356036863566932,40,15,70
2STEP-VF,9,2,2.279050569899895,-0.40793504636128713,0.07310235085076211,6.425641655007934,40,15,71
2STEP-VF,9,2,2.312795873157751,-0.39619834128298054,0.05737256323521473,5.791547388340687,40,15,72
2STEP-VF,9,2,2.3251273047331456,-0.39419050923193566,0.06118161696865241,6.851449336371541,40,15,73
2STEP-VF,9,2,2.2966701364543862,-0.4029384853519752,0.07361161534914348,6.7493845624188715,40,15,74
2STEP-VF,9,2,2.342969880808563,-0.4023671758441218,0.04063847823743832,5.9314543585665485,40,15,75
2STEP-VF,9,2,2.2950938027190824,-0.40824572673468607,0.06814793370922878,5.770306432909518,40,15,76
2STEP-VF,9,2,2.30603733623777,-0.4035762229954503,0.07336821672175167,5.382557611684214,40,15,77
2STEP-VF,9,2,2.301318289444077,-0.3998888026588886,0.06159264327359335,5.998509602425746,40,15,78
2STEP-VF,9,2,2.311385941177616,-0.4102435104524664,0.05658795853360898,5.634702726538812,40,15,79
2STEP-VF,9,2,2.2957660064195253,-0.39711873735048075,0.06767530475683717,5.292009014030204,40,15,80
2STEP-VF,9,2,2.296363911295239,-0.3941090840532729,0.05805612348873162,5.529096839520816,40,15,81
2STEP-VF,9,2,2.3270290752852976,-0.4078439436605763,0.04644554387858321,6.3554991195343,40,15,82
2STEP-VF,9,2,2.3095973515169645,-0.427613520307664,0.060000327293816,6.35294809311168,40,15,83
2STEP-VF,9,2,2.2841020090314617,-0.40014970119885473,0.06437057870939217,6.9635303054515,40,15,84
2STEP-VF,9,2,2.2979902935952525,-0.39851015067939055,0.06032550976723924,5.595043817587894,40,15,85
2STEP-VF,9,2,2.314647646160912,-0.402354959769161,0.05228579037108339,5.216326507714158,40,15,86
2STEP-VF,9,2,2.336907969740976,-0.40777231143558196,0.05411271978202592,6.6835553252520725,40,15,87
2STEP-VF,9,2,2.3353878560785604,-0.3960514086291286,0.05884014814714083,7.30824621606802,40,15,88
2STEP-VF,9,2,2.309623848883563,-0.4018209887671257,0.0642389025885672,4.775142039298752,40,15,89
2STEP-VF,9,2,2.3100048343492428,-0.4057240939761065,0.0485675428482519,6.229191018651722,40,15,90
2STEP-VF,9,2,2.314502917181344,-0.38636903334776684,0.061501865798879674,5.655216076951223,40,15,91
2STEP-VF,9,2,2.3011909027685493,-0.4063988554463484,0.05293116805258236,5.195865306100263,40,15,92
2STEP-VF,9,2,2.3136197314825107,-0.4009421457659911,0.050524782430551064,5.865372392328453,40,15,93
2STEP-VF,9,2,2.3318815289927,-0.4112803348008181,0.05674759270425753,6.732993576685377,40,15,94
2STEP-VF,9,2,2.296882541706319,-0.38393568033888115,0.0715168361590002,6.307068863107339,40,15,95
2STEP-VF,9,2,2.3352831030570385,-0.4056271497908399,0.05644871210324163,5.707595396841459,40,15,96
2STEP-VF,9,2,2.307134868101488,-0.41033998999357724,0.060473475350102134,6.230250548989941,40,15,97
2STEP-VF,9,2,2.3009515776069507,-0.40955453622264276,0.058642914006731627,6.5061852455283855,40,15,98
2STEP-VF,9,2,2.322532264784794,-0.4122391914037275,0.061829073783117985,6.546580430659761,40,15,99
2STEP-VF,9,2,4.637667077434686,-0.6767921620965643,0.08433830009317328,6.1633847330592495,44,15,0
2STEP-VF,9,2,4.651105342131331,-0.6445640950732123,0.08314545973249911,7.195831356535467,44,15,1
2STEP-VF,9,2,4.662936240413443,-0.671623064757885,0.07308483430717645,7.453311122957176,44,15,2
2STEP-VF,9,2,4.653015288968733,-0.6531986529526511,0.07095997107906983,6.074066504009213,44,15,3
2STEP-VF,9,2,4.675299839958596,-0.6735694016961414,0.07458349218698967,5.458601618946799,44,15,4
2STEP-VF,9,2,4.671058238520857,-0.6630304527923678,0.07309512084047574,5.764226247619407,44,15,5
2STEP-VF,9,2,4.6458196140823045,-0.6549413247513723,0.07787803757826219,5.381338836613017,44,15,6
2STEP-VF,9,2,4.6586896860389935,-0.6451347766382444,0.07029130486908503,5.244084234119474,44,15,7
2STEP-VF,9,2,4.650702606295068,-0.6446111568361396,0.07779695753806812,7.656653450986221,44,15,8
2STEP-VF,9,2,4.640177971241093,-0.6621084205373473,0.07290486139300692,6.340324488996489,44,15,9
2STEP-VF,9,2,4.637023719983151,-0.6636829725181287,0.08791867379595536,6.52693587235368,44,15,10
2STEP-VF,9,2,4.610804270349003,-0.6594531285614099,0.0739898739297163,6.265459433705575,44,15,11
2STEP-VF,9,2,4.65459372753772,-0.6559192775323532,0.0965155177197686,6.412319866428085,44,15,12
2STEP-VF,9,2,4.619870256597734,-0.6429698171551534,0.09430564044691606,5.714859051718994,44,15,13
2STEP-VF,9,2,4.6610604067045465,-0.6576120607754289,0.08677566407635177,7.04692161532849,44,15,14
2STEP-VF,9,2,4.664872177196885,-0.6693572689194327,0.05936820465356196,5.59721408251068,44,15,15
2STEP-VF,9,2,4.629175344295884,-0.6819516639638113,0.0844176763126547,7.6453701277470385,44,15,16
2STEP-VF,9,2,4.6350548703196255,-0.6672983586297355,0.08166417975198857,7.067752084995482,44,15,17
2STEP-VF,9,2,4.651501521276322,-0.6641661119355371,0.07897188243423627,6.258728037874861,44,15,18
2STEP-VF,9,2,4.654264958605804,-0.6604704735196222,0.07971964438475204,5.56353482020251,44,15,19
2STEP-VF,9,2,4.652727856953856,-0.6534922807639184,0.07945805536460278,5.880187005570976,44,15,20
2STEP-VF,9,2,4.656323738940088,-0.6687561627836212,0.07535327464226055,5.654212458138539,44,15,21
2STEP-VF,9,2,4.650350540864069,-0.6711743905824938,0.07902148432691562,5.5114824805783975,44,15,22
2STEP-VF,9,2,4.661194031563891,-0.6569591220103507,0.07018859444213818,7.189549845859828,44,15,23
2STEP-VF,9,2,4.645428423402934,-0.6481433128769416,0.07146172338734118,5.688392062857124,44,15,24
2STEP-VF,9,2,4.677746648302195,-0.6502863261996201,0.06948969620977835,6.714955830086313,44,15,25
2STEP-VF,9,2,4.658464448572696,-0.673174155586315,0.06366214630490713,5.77277078731131,44,15,26
2STEP-VF,9,2,4.6632299952657315,-0.7000609600490668,0.06991800791680318,5.70658935955138,44,15,27
2STEP-VF,9,2,4.667916173062115,-0.6672031001646104,0.062485358387310924,5.877632127331463,44,15,28
2STEP-VF,9,2,4.635078687496988,-0.6356679903794062,0.084668475040299,5.159322944952635,44,15,29
2STEP-VF,9,2,4.653464178731839,-0.6504446140200306,0.08573002108374436,5.975963299547343,44,15,30
2STEP-VF,9,2,4.669103444305312,-0.6707960337435395,0.06874470108166898,7.955010450214904,44,15,31
2STEP-VF,9,2,4.656778555963542,-0.6752032599714025,0.06786887235640238,6.058924399534093,44,15,32
2STEP-VF,9,2,4.659432220295774,-0.656572558748617,0.0815122880846097,6.429417878170502,44,15,33
2STEP-VF,9,2,4.648812487648329,-0.6606135651452973,0.08069747782307041,6.6328531331061065,44,15,34
2STEP-VF,9,2,4.649259020410336,-0.6825519766011265,0.08078714385269942,5.252097830644296,44,15,35
2STEP-VF,9,2,4.662410085370127,-0.6786631324315361,0.06025872366274961,5.591693251712347,44,15,36
2STEP-VF,9,2,4.657756201564121,-0.6561833501463358,0.08396084900484552,5.2519365403446745,44,15,37
2STEP-VF,9,2,4.636918518178952,-0.6688811982647979,0.09381173104745377,5.396821317479321,44,15,38
2STEP-VF,9,2,4.643204039970434,-0.6701003213081419,0.06949934783495856,6.293336663461239,44,15,39
2STEP-VF,9,2,4.697541544676375,-0.6706464304409601,0.06035297551595786,6.717287450557749,44,15,40
2STEP-VF,9,2,4.639612462459368,-0.6615472638412865,0.09142016267442335,7.252611639224124,44,15,41
2STEP-VF,9,2,4.660434948806345,-0.6558343849747904,0.06688876787874551,5.9924393622264205,44,15,42
2STEP-VF,9,2,4.649529378705029,-0.671807782853925,0.07548331693405855,5.189069927185548,44,15,43
2STEP-VF,9,2,4.658277065068567,-0.6658422675454166,0.07572617660650463,6.893954347570904,44,15,44
2STEP-VF,9,2,4.660766270818514,-0.660069869579768,0.0776398889374232,5.22100748134637,44,15,45
2STEP-VF,9,2,4.637037515468459,-0.6752807126444982,0.08148628673139696,6.7922361497294235,44,15,46
2STEP-VF,9,2,4.668474397882392,-0.6608041768633784,0.06920105041554533,5.609886407951025,44,15,47
2STEP-VF,9,2,4.640851090068942,-0.6780724243802364,0.0824173229003546,5.369043741372372,44,15,48
2STEP-VF,9,2,4.651090711107798,-0.6560108152920153,0.07661362876448391,7.148882482327303,44,15,49
2STEP-VF,9,2,4.656285159287357,-0.66271374553895,0.05994617419796933,6.045249446883369,44,15,50
2STEP-VF,9,2,4.683629449341982,-0.6606272615382373,0.06735249215480346,6.439406210855147,44,15,51
2STEP-VF,9,2,4.65581467957467,-0.6605554405049441,0.07757409028837081,5.732577035470514,44,15,52
2STEP-VF,9,2,4.6567345023273665,-0.6629798489332311,0.09384811521650206,6.568160432277215,44,15,53
2STEP-VF,9,2,4.646736087707313,-0.6691295797835756,0.08144496734524048,7.768943269812257,44,15,54
2STEP-VF,9,2,4.692630738328107,-0.6620499958007837,0.06681102007521417,5.284124636792498,44,15,55
2STEP-VF,9,2,4.628082012229159,-0.6762085719936635,0.09368079260370084,6.649682050953279,44,15,56
2STEP-VF,9,2,4.622915841687663,-0.6617260588955455,0.0890369374059102,6.567875651486711,44,15,57
2STEP-VF,9,2,4.661105372389157,-0.6545838219723583,0.07583711970327191,4.885738287314508,44,15,58
2STEP-VF,9,2,4.666449328108789,-0.66531080357061,0.07346409392704205,6.391829122840762,44,15,59
2STEP-VF,9,2,4.654586373261299,-0.6618932202630844,0.07824635497349682,6.0176597514529835,44,15,60
2STEP-VF,9,2,4.661839518941594,-0.6631471133724384,0.07404549260594272,5.502873748304835,44,15,61
2STEP-VF,9,2,4.6569056701165135,-0.6638567001587591,0.0767435863218835,6.56099645559614,44,15,62
2STEP-VF,9,2,4.649380009993611,-0.6553169985207176,0.06933096215218235,5.371620578355349,44,15,63
2STEP-VF,9,2,4.672639506240462,-0.6555179800248621,0.053718149794962144,5.799062640448014,44,15,64
2STEP-VF,9,2,4.668213570661452,-0.6631631536213367,0.06994545510491254,5.63129691657986,44,15,65
2STEP-VF,9,2,4.630663151458745,-0.6748681966376614,0.08992358734424147,6.8465644006240165,44,15,66
2STEP-VF,9,2,4.6338107685990115,-0.6554642674578208,0.09602958247720465,6.578674195261017,44,15,67
2STEP-VF,9,2,4.6563002804587255,-0.6523228689511185,0.06545673693215069,5.762644869626462,44,15,68
2STEP-VF,9,2,4.6723370112323455,-0.6597624640269778,0.065490384170467,6.378574067927115,44,15,69
2STEP-VF,9,2,4.639702909808264,-0.6600382280012042,0.08015880395639492,6.108350744198711,44,15,70
2STEP-VF,9,2,4.647123186824287,-0.6642112009362742,0.08656599296747106,5.811708659430018,44,15,71
2STEP-VF,9,2,4.657475685189278,-0.6583957068565683,0.06715038402248344,6.9100914459471445,44,15,72
2STEP-VF,9,2,4.640241632133246,-0.6448937102628224,0.09073117826487877,5.798714189603564,44,15,73
2STEP-VF,9,2,4.656663604559242,-0.6727976763930981,0.06391114430406232,6.197117851124948,44,15,74
2STEP-VF,9,2,4.651970118174669,-0.6491313241025423,0.06921611796440949,6.199999287810694,44,15,75
2STEP-VF,9,2,4.666366213685332,-0.6609383509973847,0.04654649397414066,5.803418755562305,44,15,76
2STEP-VF,9,2,4.632151594498667,-0.6644619730096964,0.09414977322988616,7.508634911251504,44,15,77
2STEP-VF,9,2,4.641253735997795,-0.6566929182353725,0.09446902913056522,5.851776392871386,44,15,78
2STEP-VF,9,2,4.632781145923564,-0.6612559353191554,0.07020830048985278,5.817960851691881,44,15,79
2STEP-VF,9,2,4.653585834959246,-0.6615368606158119,0.07619811455685808,6.374880652141966,44,15,80
2STEP-VF,9,2,4.66795645978088,-0.6696164814529547,0.07192569185415473,6.500729343556231,44,15,81
2STEP-VF,9,2,4.662932358100328,-0.6480768395330327,0.07575634100837547,6.204333832510598,44,15,82
2STEP-VF,9,2,4.643292102891011,-0.6716647120151686,0.09371912258625928,5.613168903310045,44,15,83
2STEP-VF,9,2,4.6402827469127255,-0.6432819494637748,0.08476097425532449,7.614630424588934,44,15,84
2STEP-VF,9,2,4.630103154506776,-0.6773353946363204,0.0887282362258315,6.025298406575389,44,15,85
2STEP-VF,9,2,4.656145279920168,-0.6782073693690518,0.07073477399108517,5.41659143345099,44,15,86
2STEP-VF,9,2,4.656419171171402,-0.6569277057932492,0.07113543713664565,6.511354097328311,44,15,87
2STEP-VF,9,2,4.640013356946267,-0.6785221007283554,0.08244097870906392,5.803349509698762,44,15,88
2STEP-VF,9,2,4.681548739889494,-0.6541825637042317,0.059741431786171625,5.9344979196834915,44,15,89
2STEP-VF,9,2,4.6483006882608375,-0.663700738314145,0.07192568001278522,6.124953593527073,44,15,90
2STEP-VF,9,2,4.643083083798169,-0.6781784670915448,0.0860176391213533,6.3776010900631865,44,15,91
2STEP-VF,9,2,4.649381473549676,-0.6664090731602904,0.06916792615345489,5.805651038733968,44,15,92
2STEP-VF,9,2,4.683999603211849,-0.6784830188870097,0.07424938455020884,6.878375607398374,44,15,93
2STEP-VF,9,2,4.678161027889482,-0.6529159275150952,0.06600573777647208,5.857956023747628,44,15,94
2STEP-VF,9,2,4.652056911593388,-0.6704464796869748,0.06939500595877655,6.76837448897899,44,15,95
2STEP-VF,9,2,4.671270376725421,-0.6697226557426967,0.06411533734796711,7.156403411192217,44,15,96
2STEP-VF,9,2,4.657593034207685,-0.6515094402752746,0.07058017515905206,5.0982591707876574,44,15,97
2STEP-VF,9,2,4.649480510698406,-0.6641707863289075,0.0764214051577444,6.537776229552231,44,15,98
2STEP-VF,9,2,4.654224078265441,-0.6807260589805538,0.07667605815657114,6.001611794976521,44,15,99
