table,K,alpha,sigma,T,r,d,N_thousands,M0,M_tau,ISD,nu,price_bm,price_paper,price_paper_sd,price_paper_sig,delta_bm,delta_paper,delta_paper_sd,delta_paper_sig,gamma_bm,gamma_paper,gamma_paper_sd,gamma_paper_sig
1,36,0.5,,,,,,,,,,0.9166,0.9183,0.0074,0,-0.1979,-0.2039,0.0540,0,0.0381,0.0627,0.5324,0
1,40,0.5,,,,,,,,,,2.3141,2.3156,0.0147,0,-0.4040,-0.4115,0.0878,0,0.0597,0.1693,1.0262,0
1,44,0.5,,,,,,,,,,4.6535,4.6584,0.0174,1,-0.6648,-0.6640,0.1025,0,0.0765,-0.0519,1.1722,0
1,36,5,,,,,,,,,,0.9166,0.9173,0.0097,0,-0.1979,-0.1987,0.0124,0,0.0381,0.0390,0.0133,0
1,40,5,,,,,,,,,,2.3141,2.3155,0.0174,0,-0.4040,-0.4031,0.0182,0,0.0597,0.0604,0.0204,0
1,44,5,,,,,,,,,,4.6535,4.6576,0.0203,0,-0.6648,-0.6607,0.0220,0,0.0765,0.0742,0.0235,0
1,36,25,,,,,,,,,,0.9166,0.8923,0.0116,1,-0.1979,-0.1870,0.0033,1,0.0381,0.0420,0.0007,1
1,40,25,,,,,,,,,,2.3141,2.2880,0.0161,1,-0.4040,-0.4107,0.0045,1,0.0597,0.0679,0.0009,1
1,44,25,,,,,,,,,,4.6535,4.7007,0.0198,1,-0.6648,-0.6863,0.0041,1,0.0765,0.0695,0.0011,1
2,36,0.5,,,,,,,,,,0.9166,0.9186,0.0057,1,-0.1979,-0.1981,0.0083,0,0.0381,0.0232,0.0793,0
2,40,0.5,,,,,,,,,,2.3141,2.3169,0.0094,1,-0.4040,-0.4044,0.0148,0,0.0597,0.0305,0.1619,0
2,44,0.5,,,,,,,,,,4.6535,4.6567,0.0107,1,-0.6648,-0.6645,0.0232,0,0.0765,0.0318,0.2652,0
2,36,5,,,,,,,,,,0.9166,0.9169,0.0065,0,-0.1979,-0.1983,0.0048,0,0.0381,0.0394,0.0042,1
2,40,5,,,,,,,,,,2.3141,2.3147,0.0110,0,-0.4040,-0.4045,0.0070,0,0.0597,0.0609,0.0061,0
2,44,5,,,,,,,,,,4.6535,4.6559,0.0138,0,-0.6648,-0.6635,0.0087,0,0.0765,0.0776,0.0079,0
2,36,25,,,,,,,,,,0.9166,0.8917,0.0110,1,-0.1979,-0.1868,0.0033,1,0.0381,0.0421,0.0006,1
2,40,25,,,,,,,,,,2.3141,2.2879,0.0153,1,-0.4040,-0.4109,0.0043,1,0.0597,0.0679,0.0008,1
2,44,25,,,,,,,,,,4.6535,4.7009,0.0192,1,-0.6648,-0.6864,0.0038,1,0.0765,0.0695,0.0011,1
3,36,0.5,,,,,,,,,,0.9166,0.9186,0.0057,1,-0.1979,-0.1981,0.0083,0,0.0381,0.0232,0.0793,0
3,40,0.5,,,,,,,,,,2.3141,2.3169,0.0094,1,-0.4040,-0.4044,0.0148,0,0.0597,0.0305,0.1619,0
3,44,0.5,,,,,,,,,,4.6535,4.6567,0.0107,1,-0.6648,-0.6645,0.0232,0,0.0765,0.0318,0.2652,0
3,36,5,,,,,,,,,,0.9166,0.9170,0.0064,0,-0.1979,-0.1984,0.0049,0,0.0381,0.0386,0.0061,0
3,40,5,,,,,,,,,,2.3141,2.3149,0.0112,0,-0.4040,-0.4048,0.0077,0,0.0597,0.0602,0.0105,0
3,44,5,,,,,,,,,,4.6535,4.6563,0.0147,0,-0.6648,-0.6641,0.0099,0,0.0765,0.0766,0.0194,0
3,36,25,,,,,,,,,,0.9166,0.9164,0.0127,0,-0.1979,-0.1971,0.0055,0,0.0381,0.0381,0.0056,0
3,40,25,,,,,,,,,,2.3141,2.3140,0.0197,0,-0.4040,-0.4038,0.0104,0,0.0597,0.0592,0.0103,0
3,44,25,,,,,,,,,,4.6535,4.6595,0.0296,0,-0.6648,-0.6636,0.0183,0,0.0765,0.0768,0.0209,0
4,36,0.5,,,,,,,,,,0.9166,0.9181,0.0061,0,-0.1979,-0.1975,0.0077,0,0.0381,0.0303,0.0297,1
4,40,0.5,,,,,,,,,,2.3141,2.3164,0.0098,0,-0.4040,-0.4043,0.0127,0,0.0597,0.0469,0.0598,0
4,44,0.5,,,,,,,,,,4.6535,4.6564,0.0109,1,-0.6648,-0.6639,0.0201,0,0.0765,0.0576,0.0977,0
4,36,5,,,,,,,,,,0.9166,0.9170,0.0068,0,-0.1979,-0.1978,0.0046,0,0.0381,0.0385,0.0058,0
4,40,5,,,,,,,,,,2.3141,2.3149,0.0102,0,-0.4040,-0.4038,0.0074,0,0.0597,0.0602,0.0097,0
4,44,5,,,,,,,,,,4.6535,4.6553,0.0124,0,-0.6648,-0.6626,0.0102,0,0.0765,0.0768,0.0129,0
4,36,25,,,,,,,,,,0.9166,0.9156,0.0071,0,-0.1979,-0.1982,0.0048,0,0.0381,0.0390,0.0043,0
4,40,25,,,,,,,,,,2.3141,2.3130,0.0122,0,-0.4040,-0.4041,0.0077,0,0.0597,0.0603,0.0065,0
4,44,25,,,,,,,,,,4.6535,4.6541,0.0134,0,-0.6648,-0.6632,0.0091,0,0.0765,0.0769,0.0088,0
5,36,,10,0.5,,,,,,,,0.0304,0.0304,0.0008,0,-0.0281,-0.0281,0.0012,0,0.0236,0.0240,0.0027,0
5,40,,10,0.5,,,,,,,,0.7347,0.7339,0.0048,0,-0.4088,-0.4079,0.0063,0,0.1846,0.1882,0.0088,1
5,44,,10,0.5,,,,,,,,3.9473,3.9478,0.0035,0,-0.9998,-1.0002,0.0057,0,0.0010,-0.0020,0.0189,0
5,36,,20,0.5,,,,,,,,0.4978,0.4984,0.0042,0,-0.1607,-0.1604,0.0038,0,0.0449,0.0451,0.0043,0
5,40,,20,0.5,,,,,,,,1.7915,1.7925,0.0090,0,-0.4256,-0.4244,0.0066,0,0.0790,0.0791,0.0085,0
5,44,,20,0.5,,,,,,,,4.3091,4.3099,0.0118,0,-0.7563,-0.7542,0.0101,0,0.0907,0.0918,0.0135,0
5,36,,40,0.5,,,,,,,,2.1993,2.2011,0.0119,0,-0.2759,-0.2747,0.0076,0,0.0305,0.0303,0.0097,0
5,40,,40,0.5,,,,,,,,3.9718,3.9740,0.0155,0,-0.4186,-0.4167,0.0102,0,0.0367,0.0360,0.0142,0
5,44,,40,0.5,,,,,,,,6.3262,6.3287,0.0200,0,-0.5637,-0.5613,0.0131,0,0.0389,0.0377,0.0187,0
5,36,,10,1.0,,,,,,,,0.0895,0.0893,0.0017,0,-0.0545,-0.0545,0.0020,0,0.0305,0.0308,0.0040,0
5,40,,10,1.0,,,,,,,,0.8893,0.8888,0.0050,0,-0.3901,-0.3901,0.0058,0,0.1505,0.1517,0.0110,0
5,44,,10,1.0,,,,,,,,3.9474,3.9477,0.0030,0,-0.9989,-0.9998,0.0059,0,0.0054,0.0039,0.0175,0
5,36,,20,1.0,,,,,,,,0.9166,0.9159,0.0067,0,-0.1979,-0.1978,0.0047,0,0.0381,0.0390,0.0049,0
5,40,,20,1.0,,,,,,,,2.3141,2.3141,0.0102,0,-0.4040,-0.4041,0.0073,0,0.0597,0.0604,0.0085,0
5,44,,20,1.0,,,,,,,,4.6535,4.6544,0.0123,0,-0.6648,-0.6632,0.0093,0,0.0765,0.0773,0.0120,0
5,36,,40,1.0,,,,,,,,3.4366,3.4368,0.0165,0,-0.2863,-0.2858,0.0078,0,0.0227,0.0232,0.0088,0
5,40,,40,1.0,,,,,,,,5.3120,5.3137,0.0216,0,-0.3903,-0.3894,0.0104,0,0.0265,0.0271,0.0115,0
5,44,,40,1.0,,,,,,,,7.6104,7.6133,0.0241,0,-0.4966,-0.4947,0.0128,0,0.0291,0.0292,0.0149,0
5,36,,10,2.0,,,,,,,,0.1713,0.1714,0.0026,0,-0.0751,-0.0754,0.0028,0,0.0313,0.0310,0.0049,0
5,40,,10,2.0,,,,,,,,1.0241,1.0232,0.0057,0,-0.3729,-0.3720,0.0064,0,0.1301,0.1302,0.0116,0
5,44,,10,2.0,,,,,,,,3.9480,3.9483,0.0031,0,-0.9963,-0.9975,0.0056,0,0.0161,0.0171,0.0168,0
5,36,,20,2.0,,,,,,,,1.4317,1.4319,0.0102,0,-0.2165,-0.2163,0.0056,0,0.0311,0.0308,0.0066,0
5,40,,20,2.0,,,,,,,,2.8846,2.8840,0.0144,0,-0.3796,-0.3791,0.0083,0,0.0468,0.0472,0.0092,0
5,44,,20,2.0,,,,,,,,5.0832,5.0826,0.0157,0,-0.5897,-0.5881,0.0100,0,0.0639,0.0641,0.0116,0
5,36,,40,2.0,,,,,,,,4.9643,4.9649,0.0226,0,-0.2786,-0.2779,0.0072,0,0.0168,0.0157,0.0089,0
5,40,,40,2.0,,,,,,,,6.9171,6.9187,0.0269,0,-0.3552,-0.3538,0.0089,0,0.0195,0.0186,0.0111,0
5,44,,40,2.0,,,,,,,,9.1820,9.1833,0.0317,0,-0.4342,-0.4326,0.0111,0,0.0219,0.0209,0.0134,0
6,36,,,,0,0,,,,,,1.4356,1.4376,0.0099,0,-0.2654,-0.2660,0.0065,0,0.0410,0.0407,0.0075,0
6,40,,,,0,0,,,,,,3.1862,3.1891,0.0155,0,-0.4602,-0.4608,0.0091,0,0.0496,0.0498,0.0110,0
6,44,,,,0,0,,,,,,5.7168,5.7211,0.0200,0,-0.6467,-0.6472,0.0120,0,0.0465,0.0466,0.0148,0
6,36,,,,6,0,,,,,,0.9166,0.9166,0.0061,0,-0.1979,-0.1976,0.0046,0,0.0381,0.0381,0.0054,0
6,40,,,,6,0,,,,,,2.3141,2.3144,0.0109,0,-0.4040,-0.4045,0.0066,0,0.0597,0.0591,0.0093,0
6,44,,,,6,0,,,,,,4.6535,4.6531,0.0119,0,-0.6648,-0.6660,0.0092,0,0.0765,0.0752,0.0135,0
6,36,,,,6,6,,,,,,1.3646,1.3652,0.0089,0,-0.2534,-0.2534,0.0057,0,0.0395,0.0394,0.0070,0
6,40,,,,6,6,,,,,,3.0420,3.0416,0.0127,0,-0.4433,-0.4431,0.0082,0,0.0490,0.0497,0.0101,0
6,44,,,,6,6,,,,,,5.4907,5.4910,0.0163,0,-0.6315,-0.6305,0.0105,0,0.0482,0.0471,0.0133,0
7,36,,,,,,50,5,,,,0.9166,0.9073,0.0239,1,-0.1979,-0.1980,0.0065,0,0.0381,0.0397,0.0037,1
7,40,,,,,,50,5,,,,2.3141,2.3314,0.0894,0,-0.4040,-0.4103,0.0174,1,0.0597,0.0612,0.0047,1
7,44,,,,,,50,5,,,,4.6535,4.6961,0.1119,1,-0.6648,-0.6731,0.0100,1,0.0765,0.0738,0.0098,1
7,36,,,,,,100,5,,,,0.9166,0.9108,0.0192,1,-0.1979,-0.1985,0.0047,0,0.0381,0.0393,0.0029,1
7,40,,,,,,100,5,,,,2.3141,2.3105,0.0239,0,-0.4040,-0.4047,0.0090,0,0.0597,0.0618,0.0033,1
7,44,,,,,,100,5,,,,4.6535,4.6700,0.0512,1,-0.6648,-0.6705,0.0088,1,0.0765,0.0763,0.0072,0
7,36,,,,,,200,5,,,,0.9166,0.9135,0.0164,0,-0.1979,-0.1981,0.0078,0,0.0381,0.0386,0.0024,0
7,40,,,,,,200,5,,,,2.3141,2.3116,0.0123,0,-0.4040,-0.4046,0.0062,0,0.0597,0.0607,0.0029,1
7,44,,,,,,200,5,,,,4.6535,4.6619,0.0380,0,-0.6648,-0.6689,0.0075,1,0.0765,0.0775,0.0060,0
7,36,,,,,,50,9,,,,0.9166,0.9183,0.0105,0,-0.1979,-0.1977,0.0074,0,0.0381,0.0379,0.0088,0
7,40,,,,,,50,9,,,,2.3141,2.3166,0.0166,0,-0.4040,-0.4027,0.0117,0,0.0597,0.0599,0.0128,0
7,44,,,,,,50,9,,,,4.6535,4.6562,0.0167,0,-0.6648,-0.6622,0.0156,0,0.0765,0.0756,0.0166,0
7,36,,,,,,100,9,,,,0.9166,0.9159,0.0067,0,-0.1979,-0.1978,0.0047,0,0.0381,0.0390,0.0049,0
7,40,,,,,,100,9,,,,2.3141,2.3141,0.0102,0,-0.4040,-0.4041,0.0073,0,0.0597,0.0604,0.0085,0
7,44,,,,,,100,9,,,,4.6535,4.6544,0.0123,0,-0.6648,-0.6632,0.0093,0,0.0765,0.0773,0.0120,0
7,36,,,,,,200,9,,,,0.9166,0.9172,0.0052,0,-0.1979,-0.1982,0.0035,0,0.0381,0.0378,0.0036,0
7,40,,,,,,200,9,,,,2.3141,2.3142,0.0076,0,-0.4040,-0.4053,0.0055,0,0.0597,0.0595,0.0070,0
7,44,,,,,,200,9,,,,4.6535,4.6533,0.0080,0,-0.6648,-0.6646,0.0082,0,0.0765,0.0765,0.0103,0
7,36,,,,,,50,15,,,,0.9166,0.9162,0.0087,0,-0.1979,-0.1958,0.0071,1,0.0381,0.0371,0.0117,0
7,40,,,,,,50,15,,,,2.3141,2.3157,0.0138,0,-0.4040,-0.4015,0.0118,0,0.0597,0.0588,0.0213,0
7,44,,,,,,50,15,,,,4.6535,4.6539,0.0153,0,-0.6648,-0.6611,0.0183,0,0.0765,0.0758,0.0288,0
7,36,,,,,,100,15,,,,0.9166,0.9164,0.0062,0,-0.1979,-0.1974,0.0046,0,0.0381,0.0382,0.0082,0
7,40,,,,,,100,15,,,,2.3141,2.3136,0.0099,0,-0.4040,-0.4045,0.0075,0,0.0597,0.0616,0.0142,0
7,44,,,,,,100,15,,,,4.6535,4.6528,0.0128,0,-0.6648,-0.6642,0.0101,0,0.0765,0.0765,0.0217,0
7,36,,,,,,200,15,,,,0.9166,0.9160,0.0044,0,-0.1979,-0.1979,0.0037,0,0.0381,0.0379,0.0049,0
7,40,,,,,,200,15,,,,2.3141,2.3136,0.0073,0,-0.4040,-0.4044,0.0061,0,0.0597,0.0590,0.0084,0
7,44,,,,,,200,15,,,,4.6535,4.6527,0.0087,0,-0.6648,-0.6654,0.0085,0,0.0765,0.0763,0.0124,0
8,36,,,,,,,,5,,,0.9166,0.9163,0.0066,0,-0.1979,-0.1972,0.0045,0,0.0381,0.0386,0.0057,0
8,40,,,,,,,,5,,,2.3141,2.3131,0.0107,0,-0.4040,-0.4042,0.0072,0,0.0597,0.0611,0.0087,0
8,44,,,,,,,,5,,,4.6535,4.6518,0.0132,0,-0.6648,-0.6645,0.0094,0,0.0765,0.0774,0.0121,0
8,36,,,,,,,,9,,,0.9166,0.9159,0.0067,0,-0.1979,-0.1978,0.0047,0,0.0381,0.0390,0.0049,0
8,40,,,,,,,,9,,,2.3141,2.3141,0.0102,0,-0.4040,-0.4041,0.0073,0,0.0597,0.0604,0.0085,0
8,44,,,,,,,,9,,,4.6535,4.6544,0.0123,0,-0.6648,-0.6632,0.0093,0,0.0765,0.0773,0.0120,0
8,36,,,,,,,,15,,,0.9166,0.9163,0.0066,0,-0.1979,-0.1971,0.0045,0,0.0381,0.0385,0.0056,0
8,40,,,,,,,,15,,,2.3141,2.3131,0.0105,0,-0.4040,-0.4040,0.0070,0,0.0597,0.0607,0.0086,0
8,44,,,,,,,,15,,,4.6535,4.6524,0.0132,0,-0.6648,-0.6642,0.0091,0,0.0765,0.0766,0.0113,0
9,36,,,,,,,,,Uni.D.,2,0.9166,0.9167,0.0060,0,-0.1979,-0.1974,0.0054,0,0.0381,0.0391,0.0169,0
9,40,,,,,,,,,Uni.D.,2,2.3141,2.3142,0.0096,0,-0.4040,-0.4036,0.0088,0,0.0597,0.0613,0.0315,0
9,44,,,,,,,,,Uni.D.,2,4.6535,4.6522,0.0115,0,-0.6648,-0.6638,0.0133,0,0.0765,0.0780,0.0472,0
9,36,,,,,,,,,Epa.D.,2,0.9166,0.9163,0.0068,0,-0.1979,-0.1970,0.0045,0,0.0381,0.0386,0.0056,0
9,40,,,,,,,,,Epa.D.,2,2.3141,2.3132,0.0108,0,-0.4040,-0.4040,0.0070,0,0.0597,0.0611,0.0083,0
9,44,,,,,,,,,Epa.D.,2,4.6535,4.6521,0.0133,0,-0.6648,-0.6643,0.0089,0,0.0765,0.0769,0.0115,0
9,36,,,,,,,,,Epa.R.,2,0.9166,0.9164,0.0087,0,-0.1979,-0.1973,0.0045,0,0.0381,0.0377,0.0061,0
9,40,,,,,,,,,Epa.R.,2,2.3141,2.3134,0.0132,0,-0.4040,-0.4041,0.0070,0,0.0597,0.0593,0.0087,0
9,44,,,,,,,,,Epa.R.,2,4.6535,4.6527,0.0161,0,-0.6648,-0.6648,0.0095,0,0.0765,0.0759,0.0128,0
9,36,,,,,,,,,Epa.D.,0,0.9166,0.9168,0.0054,0,-0.1979,-0.1984,0.0086,0,0.0381,0.0385,0.0718,0
9,40,,,,,,,,,Epa.D.,0,2.3141,2.3139,0.0084,0,-0.4040,-0.4050,0.0150,0,0.0597,0.0609,0.1301,0
9,44,,,,,,,,,Epa.D.,0,4.6535,4.6523,0.0106,0,-0.6648,-0.6672,0.0227,0,0.0765,0.0759,0.1928,0
9,36,,,,,,,,,Epa.D.,1,0.9166,0.9167,0.0056,0,-0.1979,-0.1976,0.0051,0,0.0381,0.0391,0.0143,0
9,40,,,,,,,,,Epa.D.,1,2.3141,2.3140,0.0091,0,-0.4040,-0.4045,0.0080,0,0.0597,0.0616,0.0220,0
9,44,,,,,,,,,Epa.D.,1,4.6535,4.6522,0.0114,0,-0.6648,-0.6652,0.0105,0,0.0765,0.0788,0.0290,0
9,36,,,,,,,,,Epa.D.,2,0.9166,0.9163,0.0068,0,-0.1979,-0.1970,0.0045,0,0.0381,0.0386,0.0056,0
9,40,,,,,,,,,Epa.D.,2,2.3141,2.3132,0.0108,0,-0.4040,-0.4040,0.0070,0,0.0597,0.0611,0.0083,0
9,44,,,,,,,,,Epa.D.,2,4.6535,4.6521,0.0133,0,-0.6648,-0.6643,0.0089,0,0.0765,0.0769,0.0115,0
