label|S,rule|S,"label|S,sigma","rule|S,sigma","label|S,r","rule|S,r","label|S,d","rule|S,d",T,sigma,r,d,K,rep
0.5001537940620954,0.5013795042864979,0.4960388419357541,0.5012252694086978,0.493716700093698,0.5013926639843599,0.5000740804137023,0.5016693403637574,0.5,0.2,0.06,0.0,36,0
0.4996755749605592,0.5000799830759499,0.5030036878677207,0.49939307597182053,0.492683600485049,0.4989215242632378,0.4952478590771009,0.49862405665625303,0.5,0.2,0.06,0.0,36,1
0.49679686146063695,0.5009698080373427,0.499869875661148,0.4991934842678311,0.4930148327969623,0.5009125337548408,0.502248082826994,0.5011053952878418,0.5,0.2,0.06,0.0,36,2
0.5004639651217799,0.49800368667896144,0.5046017826914659,0.49856018645939454,0.5002748431839265,0.4959702064078801,0.5053965591958793,0.498672541926378,0.5,0.2,0.06,0.0,36,3
0.4982143330584444,0.49892326927036357,0.49908929030571747,0.4980353303951605,0.47928844586762676,0.4984895893588143,0.4956651763372366,0.49730478022577745,0.5,0.2,0.06,0.0,36,4
0.49718198563973615,0.49452972851214366,0.4924159209187957,0.4939950933372324,0.49791592713934874,0.4942250627599827,0.4928911312081303,0.4934847949056446,0.5,0.2,0.06,0.0,36,5
0.4976135917882367,0.4957911366329007,0.4908325717980205,0.4958206499967545,0.49618091043431095,0.49504726441231905,0.4970573052613309,0.4948986534357046,0.5,0.2,0.06,0.0,36,6
0.4945846847669708,0.5023298093571822,0.4963018808578184,0.5028083323867694,0.4877997789577445,0.5033096977041145,0.49019027400851156,0.5029519236483225,0.5,0.2,0.06,0.0,36,7
0.501694947230825,0.49578523578003836,0.4906353439479679,0.49579286130052197,0.5020452792713939,0.49562900643337626,0.5060898840651593,0.49514176958758593,0.5,0.2,0.06,0.0,36,8
0.4934363142110303,0.4954251724369235,0.4944478949718771,0.49600540625789336,0.4994751752992407,0.493923692082082,0.5024229613675366,0.4954970032498938,0.5,0.2,0.06,0.0,36,9
0.49753701051286975,0.4999962081642817,0.49587323255275834,0.49940026143059074,0.4998586347745521,0.49970605419976283,0.49588262626407725,0.49864830081820943,0.5,0.2,0.06,0.0,36,10
0.5003864195100591,0.4962402444473104,0.495309052551723,0.49673346693066434,0.5005820565512199,0.496450273203727,0.49683403495563605,0.4954878166770091,0.5,0.2,0.06,0.0,36,11
0.4956553877501978,0.4927979184550646,0.49545253558518143,0.4924398920574942,0.4989348907398098,0.4928287167049825,0.5017720975218994,0.4927301222814483,0.5,0.2,0.06,0.0,36,12
0.4947754062957551,0.49818938763061416,0.4927122970790399,0.49564664475886183,0.4952611445789736,0.49556807603772857,0.4937984378450749,0.49655020733186334,0.5,0.2,0.06,0.0,36,13
0.4967267578354986,0.49888839854759787,0.5029837707691722,0.49659018554764894,0.4891164419729034,0.49932123146576707,0.49846312330474163,0.4982474855645338,0.5,0.2,0.06,0.0,36,14
0.5001986108957697,0.4988584545325342,0.49472357935489303,0.5006783027425817,0.49883820756058245,0.4999263976937331,0.49574555178249247,0.4983783906257691,0.5,0.2,0.06,0.0,36,15
0.4997966105029572,0.4934589648829162,0.4992640960367426,0.49307200848528804,0.49995799744796215,0.49347764273170935,0.498537237117328,0.4915021525142962,0.5,0.2,0.06,0.0,36,16
0.49915550432872047,0.4997752617616723,0.4969231708156945,0.49910583386764645,0.4994441155484726,0.49696707516348515,0.49318403230998314,0.5010483044610937,0.5,0.2,0.06,0.0,36,17
0.495494787789334,0.4937879084142273,0.4920005049851661,0.4936021938326448,0.49721088801184166,0.492563697294362,0.496232905809119,0.49369674559800114,0.5,0.2,0.06,0.0,36,18
0.4957706381012793,0.4943932115674707,0.4975780527395012,0.49520696873321696,0.4947399129476774,0.4943301695263313,0.5003144844617847,0.4956647235879352,0.5,0.2,0.06,0.0,36,19
0.49888000986204883,0.49465832584221564,0.4974040037815261,0.4955836882813292,0.49219419166737094,0.4940201321720627,0.4908087654181416,0.4947841949598596,0.5,0.2,0.06,0.0,36,20
0.49802625068958045,0.4958604018190505,0.5042727458876535,0.4954750582194085,0.49985665406074975,0.4949085319461787,0.48974332212151717,0.4942059039728917,0.5,0.2,0.06,0.0,36,21
0.49474655343507656,0.4979074768901312,0.5009716739123069,0.4986805186590427,0.5032337570315379,0.49689422461263283,0.49753456146336794,0.49704939258257247,0.5,0.2,0.06,0.0,36,22
0.49801687481089046,0.49777701838600946,0.49561184182264384,0.4989477397544639,0.4936734989502864,0.4985409563135422,0.5015028809951643,0.4963189305758497,0.5,0.2,0.06,0.0,36,23
0.5011224406011248,0.49646095350724434,0.4981293621267261,0.4957354293429919,0.49686684121161984,0.4954719488047115,0.5022216317806625,0.49580413442463833,0.5,0.2,0.06,0.0,36,24
0.4913501386142469,0.5005837322891595,0.4964569263805019,0.49893820641716147,0.48958987421503025,0.5000716336864943,0.5046867482892219,0.49926061759185,0.5,0.2,0.06,0.0,36,25
0.49871370755733024,0.49884581720252125,0.4955559917069306,0.4973240652429859,0.49535857440813064,0.49798616477161894,0.4902240329861119,0.49800183735683,0.5,0.2,0.06,0.0,36,26
0.49861605872872816,0.4970069307728345,0.4946183674315289,0.4967602350119606,0.49560375828427217,0.4968769063472402,0.500690067742157,0.4969653455778171,0.5,0.2,0.06,0.0,36,27
0.49260182459201185,0.493642382045994,0.4975610258679407,0.4916867720787531,0.49970755076395046,0.4937507028609371,0.49839128932387944,0.49240005263878767,0.5,0.2,0.06,0.0,36,28
0.49318826546412425,0.49779045511132114,0.5008339403679959,0.497726581575074,0.49922284220867486,0.49708945555201994,0.5009170202866539,0.49894423649050124,0.5,0.2,0.06,0.0,36,29
0.5009157556362493,0.49529437522566677,0.49449424917406154,0.4961107750893785,0.4906121319471186,0.49595207213233183,0.5024537578705448,0.496150509266469,0.5,0.2,0.06,0.0,36,30
0.4974680889150721,0.4965707060162736,0.49779816295150275,0.4958478297455694,0.48975842305166156,0.4956664230852589,0.49043387753780887,0.4951868510085917,0.5,0.2,0.06,0.0,36,31
0.4997090258468387,0.4980795607228267,0.4983993134345416,0.49670169696656247,0.49766869941769476,0.49588286718776686,0.4956961171117985,0.49753075697197696,0.5,0.2,0.06,0.0,36,32
0.49621018948423135,0.4941180585077094,0.49612209163433796,0.49371113780933107,0.4984178865788715,0.49444312956458913,0.4924040386595336,0.49391625407345086,0.5,0.2,0.06,0.0,36,33
0.49923091554781746,0.4963856264423151,0.4938471738969173,0.4957488367709762,0.49717293441587884,0.4960776183973866,0.4957409631519666,0.4949132481247603,0.5,0.2,0.06,0.0,36,34
0.49664979245071506,0.4967176007633323,0.49617632497026537,0.4947836514574266,0.49930087765534753,0.4971876070394244,0.5003253033614355,0.4983274217648772,0.5,0.2,0.06,0.0,36,35
0.4970914936222702,0.49640942412936223,0.4953960365517296,0.49772301433633465,0.4982916500973895,0.4976026616751465,0.4973928934573159,0.4960756657664904,0.5,0.2,0.06,0.0,36,36
0.49226977932082544,0.49915127130175857,0.4938636094011794,0.49630604337713174,0.5072856769975248,0.4985416399159518,0.5011108082227175,0.4983350483664134,0.5,0.2,0.06,0.0,36,37
0.5000873752025277,0.49722869956884536,0.5030102575845772,0.4965547812932348,0.4992610349901922,0.4950871372382031,0.4828884139300149,0.4970159476587547,0.5,0.2,0.06,0.0,36,38
0.49381946969257984,0.4985959403678098,0.4995654795055895,0.49791282623697036,0.49898966296211655,0.49781744467976724,0.49188412120434577,0.4974018854468277,0.5,0.2,0.06,0.0,36,39
0.49638898485263827,0.4927438250572844,0.4961588990726137,0.4939331676658432,0.4967570227206604,0.49231520921931304,0.4954195964921839,0.49437253640555834,0.5,0.2,0.06,0.0,36,40
0.49864360367954974,0.495152594489152,0.4970396977730039,0.4946781226016383,0.4958047978475854,0.4957405732021174,0.49389960969231267,0.4940957084100623,0.5,0.2,0.06,0.0,36,41
0.49190101351369314,0.4968785473445468,0.4995038287182317,0.4958750828697468,0.4984380046865198,0.4951193590067743,0.49530594929197297,0.4963371797526349,0.5,0.2,0.06,0.0,36,42
0.4955014518738185,0.4941459710029973,0.493694261821915,0.4955586421348953,0.5042825994322573,0.4944365314338214,0.4985161352916303,0.49458781041393146,0.5,0.2,0.06,0.0,36,43
0.49621104719839215,0.49771784383884743,0.501074120166972,0.49607332837965407,0.5022388781024979,0.4968055806555961,0.4945537902802898,0.4968801893602814,0.5,0.2,0.06,0.0,36,44
0.4994568719860426,0.4966567914823838,0.49979580100212156,0.4963583114402877,0.4960373605659004,0.4959725537518737,0.49265662565878093,0.4955261304191591,0.5,0.2,0.06,0.0,36,45
0.4958711082974877,0.4991006323119049,0.4992974727755434,0.49920282427574747,0.4955661386270487,0.49803214250393446,0.5042497455665824,0.4986101119115547,0.5,0.2,0.06,0.0,36,46
0.49475352893120716,0.4985319561752233,0.4988895563451668,0.4983301585934164,0.49575772605383184,0.49990417093095607,0.48918830170770156,0.49946533369687535,0.5,0.2,0.06,0.0,36,47
0.4975700834264255,0.497968250465198,0.49302279195227794,0.4963875493896611,0.5043201550500849,0.4981578221734256,0.5026775039169855,0.49808197171799296,0.5,0.2,0.06,0.0,36,48
0.49899997485610376,0.4962432906561035,0.5003123762061547,0.4963106948364806,0.49733183496182526,0.49623474460351263,0.49160722564841564,0.49569652830478267,0.5,0.2,0.06,0.0,36,49
5.310845953540679,5.295772244517028,5.344221411273712,5.293573207086773,5.331505182067981,5.290543817834107,5.288235927798949,5.292263221595268,1.0,0.4,0.06,0.0,40,0
5.314708575707275,5.312135235990115,5.295581205593555,5.317467706644953,5.309433758782335,5.317389572260864,5.346318904076087,5.317262128587444,1.0,0.4,0.06,0.0,40,1
5.2811088262996595,5.29447980033811,5.310805459919914,5.290981902196025,5.30812329543529,5.28904214170533,5.326893123269592,5.289274817133151,1.0,0.4,0.06,0.0,40,2
5.3233626312493785,5.308030531260368,5.303456578878754,5.302473800485548,5.312009097712668,5.308227785489402,5.276410223533412,5.306932397333584,1.0,0.4,0.06,0.0,40,3
5.324343739847479,5.312050618240567,5.306418305012366,5.311573936417746,5.325709949269044,5.310712293243256,5.30139942795777,5.310437879661572,1.0,0.4,0.06,0.0,40,4
5.297427617344332,5.295931756593614,5.338023651001758,5.303637249616035,5.310083682421756,5.291724756332386,5.284634621213688,5.292526956308301,1.0,0.4,0.06,0.0,40,5
5.320229012748481,5.292073656246442,5.3228376231090015,5.290277977828137,5.295306079762431,5.288367378872867,5.2864068333143965,5.281990095618445,1.0,0.4,0.06,0.0,40,6
5.299131704518982,5.30688273247227,5.2867326462388915,5.298975803307214,5.2914704664625205,5.308097765178607,5.2472103430131245,5.307160535549571,1.0,0.4,0.06,0.0,40,7
5.315562119698949,5.281325364185099,5.269745538199058,5.285242303441826,5.290585633934389,5.285851097546901,5.305282252001836,5.283630671245936,1.0,0.4,0.06,0.0,40,8
5.3341589357034245,5.307891662240599,5.28973288518369,5.3057678801641694,5.32208576633373,5.311322809447809,5.276503544674505,5.308498630439605,1.0,0.4,0.06,0.0,40,9
5.303331104859247,5.3136838260327695,5.302514603399759,5.307784765377731,5.34997220454142,5.310845177002352,5.28526682646629,5.315100064243018,1.0,0.4,0.06,0.0,40,10
5.303562047636372,5.320782388978325,5.3135545613027855,5.315787786543152,5.294981787199272,5.31819463568333,5.300883592735654,5.318831465173411,1.0,0.4,0.06,0.0,40,11
5.312587966985446,5.309339915632203,5.31578584261273,5.31021577513968,5.301823079586316,5.298038068890634,5.3047063365586595,5.301469174326407,1.0,0.4,0.06,0.0,40,12
5.307887638341167,5.2934314302019505,5.286096448652353,5.291820349974478,5.282617306840342,5.293975061042482,5.312304130252421,5.287768171851061,1.0,0.4,0.06,0.0,40,13
5.303201482526912,5.308202403951155,5.335320843423515,5.2989813082733574,5.304485896440196,5.308609417193983,5.294756327509001,5.31226030679534,1.0,0.4,0.06,0.0,40,14
5.315302526819746,5.307889605176751,5.316329346553129,5.3042558041031445,5.326257757887829,5.308872257231172,5.3183649466748655,5.302082228082272,1.0,0.4,0.06,0.0,40,15
5.32112683052101,5.333971357947372,5.317332998697607,5.333762313144376,5.318155852376469,5.325610717400373,5.30003614837192,5.328774615513432,1.0,0.4,0.06,0.0,40,16
5.3102368109034614,5.298829769071799,5.290425135074475,5.300416521355219,5.286567000152893,5.294842639148758,5.315103586070918,5.3004296411285,1.0,0.4,0.06,0.0,40,17
5.306115014457307,5.323648363771714,5.329037728644859,5.32181638763269,5.32517731482106,5.318816095757142,5.320316049191578,5.316921709341782,1.0,0.4,0.06,0.0,40,18
5.34489469294815,5.300224797463184,5.305159795504459,5.306272550011152,5.329425578807084,5.297360202108477,5.263032067337206,5.293636476777769,1.0,0.4,0.06,0.0,40,19
5.3039554583141175,5.313645801478649,5.311663601664352,5.312712712156892,5.313293472325172,5.312554539308105,5.332174562150798,5.30305086202765,1.0,0.4,0.06,0.0,40,20
5.2971672345578416,5.304934380648989,5.337490030912077,5.2978935869704,5.328651077196039,5.300789629329429,5.308973754059035,5.2954726877471305,1.0,0.4,0.06,0.0,40,21
5.305460984439304,5.289047616951067,5.289740077113361,5.289304109147408,5.320480149752591,5.294781754490692,5.305942561523132,5.2969142522198185,1.0,0.4,0.06,0.0,40,22
5.325012187121865,5.320376648948418,5.293104431243961,5.3220037832394524,5.351009267833553,5.320983453729204,5.318308544485181,5.323993695571853,1.0,0.4,0.06,0.0,40,23
5.313486301440307,5.299210275557922,5.3009907588308645,5.29647446342688,5.35551671422644,5.302534704868272,5.297746860048198,5.303283458384475,1.0,0.4,0.06,0.0,40,24
5.309661988158381,5.295971693802247,5.2897437840746075,5.2853825569422614,5.30461544356558,5.280318269695081,5.319519696656807,5.295158071666423,1.0,0.4,0.06,0.0,40,25
5.296479176025758,5.314066939051384,5.289852058002527,5.310792294432756,5.321931864215418,5.313094928197167,5.3038470501843396,5.307316994913316,1.0,0.4,0.06,0.0,40,26
5.304844403675292,5.313661911460352,5.288732465063867,5.31473871726367,5.300468858813467,5.3091791556366825,5.303075692519285,5.313766847441852,1.0,0.4,0.06,0.0,40,27
5.306728409811589,5.314885572195441,5.295426763411462,5.310324218074839,5.298666714689467,5.317420653492759,5.256227567738976,5.310516657652205,1.0,0.4,0.06,0.0,40,28
5.307782679381096,5.3114701617611075,5.325677338054672,5.30908269499498,5.335793531432363,5.30801085374658,5.336113533830449,5.3071227505087215,1.0,0.4,0.06,0.0,40,29
5.310723764506734,5.315319133373843,5.336031166120793,5.306351487890099,5.312598407858208,5.309565968860206,5.300512842932068,5.308334149918938,1.0,0.4,0.06,0.0,40,30
5.317084085746872,5.3247115548479655,5.3230835183464436,5.3244623006027005,5.333871399274582,5.326980939001775,5.296377437862096,5.323583856020678,1.0,0.4,0.06,0.0,40,31
5.3058085526949395,5.3129267014780535,5.288179666328063,5.305569719244733,5.288808990933241,5.305754890533386,5.303568604377922,5.297378440865871,1.0,0.4,0.06,0.0,40,32
5.302725431957188,5.274471587460236,5.337046291329494,5.274971710627562,5.292381329100355,5.269796889812092,5.310925508853964,5.27260878835246,1.0,0.4,0.06,0.0,40,33
5.285048422542642,5.316393495990669,5.291810000626269,5.3090431828817,5.286417885189768,5.309230621402075,5.327207519686508,5.313921535463205,1.0,0.4,0.06,0.0,40,34
5.308378046978904,5.313360824272245,5.321550213596703,5.309498705636316,5.32102093186188,5.312930222743556,5.263069303976509,5.31168313536887,1.0,0.4,0.06,0.0,40,35
5.289527293222883,5.337889056359945,5.311600301985304,5.330902771532006,5.271108806466458,5.328762851912073,5.317221910208762,5.330227065653977,1.0,0.4,0.06,0.0,40,36
5.2734224955455895,5.31776186480872,5.290850533715841,5.315110893699765,5.296341719218438,5.314346028504158,5.2910139697076355,5.307540396797855,1.0,0.4,0.06,0.0,40,37
5.2874047049684085,5.298302694154648,5.28380684178572,5.29570082104636,5.279307900511315,5.29156710486784,5.353026809868216,5.295425181074933,1.0,0.4,0.06,0.0,40,38
5.293800515049898,5.306606046899375,5.3073586663383585,5.3096129791407565,5.317545862621837,5.3022003998616105,5.307464686792245,5.30505444799518,1.0,0.4,0.06,0.0,40,39
5.338555799355371,5.307222056776138,5.316445162010889,5.3109477639546565,5.320331531800575,5.3107572206235165,5.307591335612603,5.310081717691369,1.0,0.4,0.06,0.0,40,40
5.292737854832708,5.304335598504173,5.319867803232237,5.29147082071222,5.296293220946563,5.293311321207253,5.327843002742986,5.301780049034337,1.0,0.4,0.06,0.0,40,41
5.296183964520409,5.3095178136865115,5.306527991993947,5.314674688289521,5.334958687334926,5.31232584203491,5.3058650922152895,5.312929582888472,1.0,0.4,0.06,0.0,40,42
5.325206165670467,5.324754400566509,5.286451085625415,5.322899994504986,5.300456867449036,5.320592720289962,5.298628072900955,5.31817507737069,1.0,0.4,0.06,0.0,40,43
5.308902777231411,5.319211365181322,5.279977494750627,5.309277044582589,5.318907459780474,5.306210055975377,5.317578414302268,5.310177459253097,1.0,0.4,0.06,0.0,40,44
5.292527708736035,5.313123866675205,5.307089599973178,5.308016234721741,5.335236926659117,5.304465599487623,5.309100301388914,5.309026102678525,1.0,0.4,0.06,0.0,40,45
5.323039663093708,5.311070159834046,5.255951306278564,5.308649515965557,5.320529434158153,5.306571468996568,5.304515389289097,5.310901560064656,1.0,0.4,0.06,0.0,40,46
5.316476696248205,5.2945673006639495,5.2984501149806835,5.286329383997567,5.348779953391805,5.29507335859907,5.312245500145961,5.290136569903345,1.0,0.4,0.06,0.0,40,47
5.311357017102994,5.30767562454966,5.341340406903177,5.306313715859562,5.334281899284696,5.311055961330205,5.273863032714449,5.3060257909798665,1.0,0.4,0.06,0.0,40,48
5.306155660534295,5.318288645111879,5.264555350579596,5.315926806474863,5.275681807472676,5.3211394524852755,5.342529462202849,5.315240177009503,1.0,0.4,0.06,0.0,40,49
2.8885830308749334,2.8743073755506856,2.9060763685605537,2.873656855622783,2.90567426370337,2.870063425914177,2.8679106321812293,2.8741173881700846,2.0,0.2,0.06,0.0,40,0
2.8933909132805025,2.8687230835751025,2.9168309204217833,2.868207677490045,2.873466720842653,2.863343635145471,2.8583400671929606,2.867104441729601,2.0,0.2,0.06,0.0,40,1
2.876557293885062,2.8861931942755934,2.8911992933815105,2.8802214724262427,2.8919597436152378,2.8853649526597644,2.899912565870271,2.8850249250906788,2.0,0.2,0.06,0.0,40,2
2.8979665156691876,2.8834314330852857,2.8899414584905005,2.88371539590949,2.8760933813773315,2.884452856564653,2.906626040398582,2.885479216719373,2.0,0.2,0.06,0.0,40,3
2.8843490093750175,2.8839899697359286,2.8722399296260837,2.8820096886470274,2.8860737091088207,2.884208773566071,2.8646000304184076,2.881213993204631,2.0,0.2,0.06,0.0,40,4
2.8758327898577822,2.902034774051212,2.8883179630381552,2.8944444843970167,2.9010880723158574,2.8981087678797555,2.9057467637764702,2.8993329390635747,2.0,0.2,0.06,0.0,40,5
2.879044812941794,2.86878350222043,2.88275685300692,2.867401792663414,2.874987227624998,2.866800034277415,2.858095317238038,2.8727033359933403,2.0,0.2,0.06,0.0,40,6
2.8887657811417173,2.9028860286392,2.8968961079841256,2.899751968540209,2.887998176618545,2.893828560543014,2.8682716329581224,2.902538072287369,2.0,0.2,0.06,0.0,40,7
2.885559525307847,2.8850729603096688,2.8983031628712324,2.878759818795778,2.873063087845639,2.885313457569835,2.89602823913024,2.883264362617563,2.0,0.2,0.06,0.0,40,8
2.9036892078536507,2.8810333879957413,2.8680293649102735,2.878715475778506,2.8756409514212082,2.8805290518582893,2.9009398050353914,2.8804253586955615,2.0,0.2,0.06,0.0,40,9
2.8932494305369993,2.8814581895130766,2.8395530080231293,2.8792881570558047,2.839654690104215,2.876618599393236,2.8786414936571663,2.877962089642397,2.0,0.2,0.06,0.0,40,10
2.890493896739697,2.8853168989368707,2.901727985510173,2.8860591733669647,2.86374076445818,2.8811990822147187,2.878460602905501,2.884435108095558,2.0,0.2,0.06,0.0,40,11
2.89711957441288,2.875866050799534,2.8677571705436034,2.8739454957152404,2.8698444219361066,2.8747695884328497,2.8755410473249614,2.8753964379218075,2.0,0.2,0.06,0.0,40,12
2.908385337199452,2.8733764474634365,2.8878866756841535,2.8704432969182916,2.856513213189285,2.8689038666437687,2.8818576401153115,2.8673984301114985,2.0,0.2,0.06,0.0,40,13
2.8704496190092716,2.8881051614945057,2.8588440748005195,2.8832490402019584,2.8844543419412445,2.886101294528864,2.869620359899623,2.8832278249710916,2.0,0.2,0.06,0.0,40,14
2.9021424121401798,2.8823731481714696,2.9126442823297607,2.8808257291938077,2.891519664392699,2.886487717223904,2.9093714004985025,2.8862548553629894,2.0,0.2,0.06,0.0,40,15
2.875176902425115,2.868258067590518,2.8762723516045807,2.8752993078359648,2.9196915624754354,2.872500105705131,2.889299019824433,2.873300281567116,2.0,0.2,0.06,0.0,40,16
2.8867921942660058,2.8770249755268065,2.887615226615471,2.87440115724285,2.8906934044727617,2.8831972530863927,2.8460653685330852,2.8774815676150465,2.0,0.2,0.06,0.0,40,17
2.8814588713101026,2.8860706205059,2.8688450390610187,2.8857899774898703,2.8958529130600983,2.887564128758252,2.858834711412529,2.8845608202100177,2.0,0.2,0.06,0.0,40,18
2.8916023354532525,2.8828130283757676,2.912982240142401,2.879474054742784,2.875526725311123,2.8791794034099394,2.8695595254717645,2.8807969773248705,2.0,0.2,0.06,0.0,40,19
2.868025524292144,2.873136148957993,2.9126758256968293,2.87231130738361,2.8583902286134633,2.871256932430935,2.8734813905431813,2.867789477101306,2.0,0.2,0.06,0.0,40,20
2.879737103498525,2.8797708046555828,2.8967590707043556,2.880048384842861,2.8728665676104113,2.8786479783536834,2.891221494620636,2.885217214752254,2.0,0.2,0.06,0.0,40,21
2.881311362396086,2.8751486137396647,2.863717699353912,2.8674896191689423,2.8851896972872564,2.868400536699953,2.9000065843003795,2.87186738302408,2.0,0.2,0.06,0.0,40,22
2.89875738871324,2.873323785427294,2.8653180276768646,2.8750502624278433,2.869313030287196,2.871974563975711,2.88756696858142,2.8764523836603932,2.0,0.2,0.06,0.0,40,23
2.8688792471998563,2.872073168845426,2.8766580616491937,2.871732576954732,2.887689497710434,2.8693954881992845,2.8964418561793277,2.872695126599482,2.0,0.2,0.06,0.0,40,24
2.8947066186690957,2.8776916049164867,2.8856471125498753,2.8718719107261985,2.884057829289484,2.8733376668029806,2.868615695291369,2.8720150839544387,2.0,0.2,0.06,0.0,40,25
2.871626476160345,2.880175226263946,2.9102934587715423,2.881851749940941,2.875527736328743,2.8782535514452183,2.878407427548447,2.878513830397286,2.0,0.2,0.06,0.0,40,26
2.8851581427459743,2.8833658630148045,2.8541118196347686,2.8828283855621386,2.89622562751285,2.8794855899838323,2.9160351390344443,2.877258783751786,2.0,0.2,0.06,0.0,40,27
2.879458796991375,2.8612741803011765,2.8632690670414163,2.859551765729539,2.8861908197190598,2.8581609322363057,2.859013159510226,2.866508875621246,2.0,0.2,0.06,0.0,40,28
2.900378970105507,2.8802977277163357,2.875625495722805,2.880141532726898,2.8810010454443704,2.8773344423224394,2.8659432338820996,2.8794093731556165,2.0,0.2,0.06,0.0,40,29
2.8913575974172034,2.884272868180096,2.888101019989012,2.88725410809539,2.900752281511174,2.884621510485937,2.8858910741447583,2.888894480817439,2.0,0.2,0.06,0.0,40,30
2.8965348111769957,2.879808513958798,2.9048161272338513,2.87907169311163,2.8673712082985414,2.8790818785998127,2.8662476736723366,2.878603659738189,2.0,0.2,0.06,0.0,40,31
2.874413661756521,2.876862269511412,2.883628274866404,2.8693686868514856,2.90908290025926,2.8750939183734907,2.855731204586505,2.8732889529176604,2.0,0.2,0.06,0.0,40,32
2.8705331939493424,2.8895355454163814,2.8625460864224066,2.889492520121164,2.878200403162806,2.8920246158201715,2.888271666162092,2.8935009227778954,2.0,0.2,0.06,0.0,40,33
2.8929523746375048,2.8794634393361305,2.887397194066253,2.8765396846139564,2.8945119439873865,2.872198851027713,2.8880539562701006,2.8764652913872566,2.0,0.2,0.06,0.0,40,34
2.8937453074477046,2.888274398455827,2.8806185299045715,2.8831571175483846,2.8807081287074996,2.882147591628673,2.882324094743886,2.882566932450924,2.0,0.2,0.06,0.0,40,35
2.8851988966932334,2.8857792267640803,2.8944227191418612,2.8835095450514796,2.8752652104577474,2.882924298254127,2.862829122637589,2.8867189524709937,2.0,0.2,0.06,0.0,40,36
2.8575511246107608,2.8799727535845974,2.9145728998576867,2.880455270613913,2.8913888210192886,2.8775323158762975,2.8586171974223666,2.880310279218462,2.0,0.2,0.06,0.0,40,37
2.8775373942513425,2.888242680429741,2.8826607931531263,2.8870737992125606,2.8801297202040295,2.8838545055075318,2.918734725179295,2.8828909923044725,2.0,0.2,0.06,0.0,40,38
2.860124839697476,2.8817066267515186,2.901016390991771,2.8782571906948893,2.8796111759559553,2.8736916356672824,2.8777718540212653,2.8819759506086258,2.0,0.2,0.06,0.0,40,39
2.851368967060845,2.891984573400765,2.8853675557614498,2.891130308063474,2.9024414289558784,2.8899690141928276,2.897706517361991,2.8937158566387717,2.0,0.2,0.06,0.0,40,40
2.8667005807619264,2.9070964728707525,2.870015020820288,2.9087555954808186,2.874660572830798,2.900291537899546,2.8982593667052052,2.904966007852174,2.0,0.2,0.06,0.0,40,41
2.877370117729947,2.8795609700547162,2.889223462347275,2.87780471630503,2.888374048663856,2.878442849421773,2.8864598281798894,2.8802550050875517,2.0,0.2,0.06,0.0,40,42
2.893239083923962,2.890377179251029,2.9064777371291006,2.8841493336472945,2.916025242637849,2.885076216397753,2.8496163188479224,2.888912431217052,2.0,0.2,0.06,0.0,40,43
2.8848998913617745,2.8750472303486005,2.880220063182322,2.871346862445344,2.8670766914251886,2.871865456752465,2.8842700752848875,2.8769618131719046,2.0,0.2,0.06,0.0,40,44
2.891670807115628,2.8744551762480346,2.869611603794545,2.8746005865247604,2.8858999839710546,2.8762414988396117,2.879420947897078,2.8764602076835057,2.0,0.2,0.06,0.0,40,45
2.902466113259715,2.8938760308105755,2.875770579510827,2.8936605750142124,2.8726551869923895,2.89434966827708,2.8985015892492036,2.895235695311735,2.0,0.2,0.06,0.0,40,46
2.88153738354814,2.8707325705238147,2.8525160210980216,2.8667486156742035,2.8628906147935793,2.8686335387278126,2.870125716211616,2.86623866275825,2.0,0.2,0.06,0.0,40,47
2.8785674866499615,2.8918010594229697,2.910013596863682,2.89060012313449,2.9016878227007727,2.8881019136497255,2.8890225218043093,2.8856731046199853,2.0,0.2,0.06,0.0,40,48
2.894890642658834,2.86850559740194,2.8610275300049492,2.864722552903991,2.8952199274496393,2.865794369173453,2.8875753322152606,2.8684118622407135,2.0,0.2,0.06,0.0,40,49
1.357343947335474,1.370506038626284,1.367019014664923,1.3697553707767811,1.3697004114153006,1.3725580237707238,1.3621475036944213,1.3700629896392518,1.0,0.2,0.06,0.06,36,0
1.364317856778944,1.3652280669570425,1.3555772367981151,1.36311672856876,1.3621463991588254,1.362623551514215,1.3649444609372297,1.363768722696396,1.0,0.2,0.06,0.06,36,1
1.3626909344999798,1.360296433910966,1.356022203493892,1.3604110541933172,1.3572046883294409,1.3601465191102695,1.369377884868751,1.35632001655465,1.0,0.2,0.06,0.06,36,2
1.3596838092925905,1.3651374851834326,1.3625897570966226,1.3656374143860908,1.3631682339435858,1.3633679204759497,1.3613068182183414,1.364021980003218,1.0,0.2,0.06,0.06,36,3
1.3665932495978281,1.361729394054244,1.3605490065982881,1.357892650277052,1.3593265229349545,1.36178788133373,1.3625510577890017,1.3643161923810603,1.0,0.2,0.06,0.06,36,4
1.3565580159655908,1.3611494194138258,1.365150957755273,1.360710368786794,1.3754779073343117,1.3643982133986416,1.3623892857844626,1.3618438974902283,1.0,0.2,0.06,0.06,36,5
1.3624503095907985,1.3645092669749632,1.36946972291924,1.3654669928366054,1.3546546769676524,1.3627095770102864,1.365512898015166,1.3636668672536565,1.0,0.2,0.06,0.06,36,6
1.3597751717542164,1.357901565165618,1.3637838504834614,1.3622463032870247,1.3646161388841618,1.358751044897463,1.355194113900492,1.3595347287274664,1.0,0.2,0.06,0.06,36,7
1.3629410475831059,1.3648658511792917,1.3687659940216763,1.3621052233121185,1.36611362755424,1.3619687990821614,1.3650643219933845,1.365453473611268,1.0,0.2,0.06,0.06,36,8
1.3668591890986648,1.3574921614988686,1.3664248248233963,1.3545904717365966,1.3716783087109132,1.3560542711459453,1.3578372088264472,1.353313099758816,1.0,0.2,0.06,0.06,36,9
1.3658146914408122,1.36052108933353,1.3613102153620555,1.359521166302748,1.3592656173951154,1.3584881987194906,1.3691788902251665,1.360505688048739,1.0,0.2,0.06,0.06,36,10
1.3596996342341912,1.3601081549758989,1.3624323977309853,1.3607144413162022,1.36558027586069,1.361752872180529,1.3732977175977341,1.3615204144369215,1.0,0.2,0.06,0.06,36,11
1.3610840836356433,1.3640746406307045,1.3612730200244638,1.3629616002256808,1.3587945761384614,1.3643625103627495,1.3634513875887895,1.3630239256667815,1.0,0.2,0.06,0.06,36,12
1.3564689423401362,1.3570201399732285,1.359588816719648,1.357491389189978,1.3580503746510066,1.3557105447986817,1.3661714999465404,1.35627771764813,1.0,0.2,0.06,0.06,36,13
1.3674420203061128,1.364993764007826,1.3610559867421173,1.3621404847818908,1.3599663626610674,1.3670812583588545,1.3623444290101545,1.3631946380062545,1.0,0.2,0.06,0.06,36,14
1.358077091609243,1.3624854569773364,1.353121651665097,1.3619432935261244,1.3732013829565655,1.3627284259619181,1.3618799701162727,1.3636238861281964,1.0,0.2,0.06,0.06,36,15
1.3629816268910566,1.3612059092872737,1.3632102778925421,1.3592791159719617,1.3661780362626432,1.3576573316584586,1.3516343624831022,1.359849457033156,1.0,0.2,0.06,0.06,36,16
1.367141802168552,1.3611090902957215,1.3573502176337693,1.3624208131411228,1.3597788383765832,1.3601964442534464,1.3667917520279205,1.3593714476411454,1.0,0.2,0.06,0.06,36,17
1.362831004298915,1.3678887945371856,1.374675376342249,1.3649001622486345,1.3687415874396067,1.3600551619118617,1.3647551201545272,1.3613659264786069,1.0,0.2,0.06,0.06,36,18
1.3599107395996008,1.3596874999085065,1.3584950632112092,1.3585823713791338,1.357162931158694,1.358618812445466,1.3576996815763858,1.3598210474484531,1.0,0.2,0.06,0.06,36,19
1.3661908323057912,1.3606586325314673,1.3651264087469528,1.3623178276721066,1.3657568557907784,1.3576789647237109,1.3645653668190703,1.3603972827582391,1.0,0.2,0.06,0.06,36,20
1.363929218472144,1.3599569190608185,1.3597481267228493,1.3592241700052543,1.3717865650755912,1.3606744464902942,1.3673054650829766,1.357641948722667,1.0,0.2,0.06,0.06,36,21
1.3650048708181175,1.363742443870213,1.3619788691256625,1.3644491267539596,1.3609218754920351,1.3599623698123253,1.3688277423484791,1.3625729483045492,1.0,0.2,0.06,0.06,36,22
1.3654458790618134,1.3603231044613069,1.3584969752224143,1.3592248004237433,1.362016562832115,1.356898930752569,1.3633779498643654,1.3599150487004092,1.0,0.2,0.06,0.06,36,23
1.3645557484062634,1.3593645912424641,1.3633574490640485,1.358077452061655,1.3636355972954979,1.3590875496488324,1.3616734221714941,1.3582113257683623,1.0,0.2,0.06,0.06,36,24
1.3638577116133523,1.3593911288515355,1.3711921665174565,1.3635377702573122,1.358008756331186,1.3590159440634282,1.3586034030847947,1.3571905529371984,1.0,0.2,0.06,0.06,36,25
1.3566962462548067,1.3664689939945753,1.3593448171157738,1.3644085995612716,1.3691641518852058,1.3605160826414855,1.351876429265023,1.365933450468905,1.0,0.2,0.06,0.06,36,26
1.3607957630394363,1.3581083905805267,1.3624181434809648,1.359547096060959,1.362823006322389,1.3617093373383113,1.3631719615905296,1.3626027406596348,1.0,0.2,0.06,0.06,36,27
1.3601201161300644,1.3592743923613908,1.3653513543244316,1.3609649805667516,1.3598064320488983,1.362196784117284,1.3611927717883827,1.3624648297071273,1.0,0.2,0.06,0.06,36,28
1.3616532829322368,1.3654915778955394,1.3613441402585778,1.364736936007098,1.367826000309007,1.3678730020833423,1.3494363635980566,1.3668615931668553,1.0,0.2,0.06,0.06,36,29
1.3558778163778396,1.3662373978769555,1.366890139683879,1.3679452401980985,1.3576156224333045,1.3670996590238613,1.3617422080403387,1.3644547564988965,1.0,0.2,0.06,0.06,36,30
1.3595010987516019,1.3594755385878547,1.3566267116236352,1.362022962714126,1.3693407686020116,1.3651491002653788,1.3692186729938969,1.3611438724097322,1.0,0.2,0.06,0.06,36,31
1.361466158305456,1.3657879363442167,1.356661945194412,1.364484151292272,1.3673173962567906,1.3643914622940372,1.3547991767487586,1.3672976429211536,1.0,0.2,0.06,0.06,36,32
1.3634585694606518,1.3640527644658573,1.3556451153588975,1.3615366347670697,1.355826587606566,1.3630934583724161,1.3537599656160852,1.3634307836133275,1.0,0.2,0.06,0.06,36,33
1.3627189335169494,1.3555269848215123,1.3633153926948673,1.3608380072672621,1.357267777279812,1.360969861405631,1.3641316355180624,1.355643073579102,1.0,0.2,0.06,0.06,36,34
1.3650051834315113,1.360456294510852,1.3666684770390802,1.3601589985740425,1.3601159161890886,1.3608344093827314,1.361171323723194,1.3614839620928054,1.0,0.2,0.06,0.06,36,35
1.3569573002801856,1.3652147442293874,1.3582631484308323,1.368084079610706,1.3557213180991514,1.3635974414286327,1.366171670191213,1.364731747601741,1.0,0.2,0.06,0.06,36,36
1.3646041428685012,1.3577035010446996,1.3609233278785162,1.3573239513577355,1.3606979482256518,1.3580813322404846,1.3706137545000112,1.3548816208690402,1.0,0.2,0.06,0.06,36,37
1.3706242895996334,1.3648490539984715,1.3595722078516606,1.3619079516197121,1.3582317355676434,1.3669163128955615,1.3679084791262528,1.3596216094536626,1.0,0.2,0.06,0.06,36,38
1.359070633798452,1.363806820005389,1.3557475881866106,1.3565044418509447,1.3590287439489863,1.360528987121332,1.3621768652111035,1.363781399074365,1.0,0.2,0.06,0.06,36,39
1.3680615560029956,1.3642568498096523,1.3635376748849992,1.3632036073003087,1.358229371590931,1.3617404465037986,1.3624808658252647,1.3617230220656775,1.0,0.2,0.06,0.06,36,40
1.3647521413019599,1.35893190039846,1.3562269822479358,1.3591693172044381,1.353469184249605,1.3571947671998403,1.361690498261583,1.3559267294419406,1.0,0.2,0.06,0.06,36,41
1.3667962425661075,1.3642948142006455,1.3717452823674139,1.364718131520102,1.3595972371031386,1.3616453342465535,1.3587511482386052,1.3663895591369337,1.0,0.2,0.06,0.06,36,42
1.3644428890820328,1.3654529091469763,1.3589137798926054,1.3633237032962329,1.3605731252641773,1.3642033658992199,1.356669293701239,1.3645629109662822,1.0,0.2,0.06,0.06,36,43
1.3621600306009787,1.362452569285432,1.365150494528209,1.3629796030904457,1.3654128574479674,1.3611677900041126,1.356363579499513,1.3605801183920643,1.0,0.2,0.06,0.06,36,44
1.3654209750620496,1.360281105309409,1.3618354853657755,1.3614305900222554,1.3723182809607197,1.3596734137345134,1.3533166310546343,1.3607769025241852,1.0,0.2,0.06,0.06,36,45
1.3624741262904732,1.3575057428625013,1.3571079314471295,1.3632825422163022,1.3694711703151805,1.3629392022200262,1.3571363515259944,1.365453252124593,1.0,0.2,0.06,0.06,36,46
1.361957213992802,1.3621492294699544,1.353690387459794,1.3590085016838305,1.3584121120438577,1.3586306244125153,1.3655651789395258,1.359049515104779,1.0,0.2,0.06,0.06,36,47
1.3632314747143526,1.3707424114952906,1.35929528040209,1.371220813504389,1.3597600987132417,1.3678249949327035,1.363141546156186,1.3683565204796542,1.0,0.2,0.06,0.06,36,48
1.3682220712867335,1.3559987150664454,1.3591020226733634,1.3581614286868486,1.3635213509959991,1.3558019414422842,1.3675852670682318,1.3573854609929237,1.0,0.2,0.06,0.06,36,49
1.4329243603130712,1.435251598726807,1.4347552575237241,1.433843101312695,1.4277726635228434,1.4298983311266298,1.43527589847668,1.4248641511598088,1.0,0.2,0.0,0.0,36,0
1.4359163107524213,1.433635099404805,1.4360585743471257,1.4347247590284766,1.4327401299098497,1.4366308855299734,1.4321757879210415,1.4342413539268817,1.0,0.2,0.0,0.0,36,1
1.4306178560806888,1.4336739932592912,1.437728906330824,1.4378214524450146,1.4390887113239779,1.4375863186582225,1.4290458018256185,1.4335178062469764,1.0,0.2,0.0,0.0,36,2
1.4334037855433268,1.4345218417928256,1.4371191399809218,1.4298690577703568,1.4315469369080793,1.4332043207348206,1.4351979072156984,1.4342009881370243,1.0,0.2,0.0,0.0,36,3
1.437484923860996,1.4277441815407914,1.437901406252154,1.4341480865518286,1.434861559919837,1.4267502373246188,1.4381182709568825,1.4264429522222482,1.0,0.2,0.0,0.0,36,4
1.4319080611534476,1.4354268524754998,1.4315158202900777,1.4281633574669779,1.435022380825866,1.4342893653401738,1.431595101472785,1.4301146196116317,1.0,0.2,0.0,0.0,36,5
1.4344693531087382,1.4374694261185386,1.4339041495477594,1.4375369789985875,1.4375308273155671,1.4365581369521507,1.4303114689646004,1.4340413824189193,1.0,0.2,0.0,0.0,36,6
1.4298421407157949,1.4333441539062208,1.4260244901712216,1.4319163423196142,1.4336860114186822,1.4328673404402559,1.4385005039395797,1.4335765199105759,1.0,0.2,0.0,0.0,36,7
1.4350346571469395,1.4337820774824883,1.4386253737369514,1.4340309248722691,1.4298801799732834,1.4343784260621713,1.4348303569215421,1.4377666502748312,1.0,0.2,0.0,0.0,36,8
1.4356033510786892,1.4302596694389358,1.4353597111916963,1.431180895736548,1.4248043742738319,1.435006334453268,1.433374035405962,1.4340424670580394,1.0,0.2,0.0,0.0,36,9
1.4295602865684864,1.434525355116742,1.4346338230357571,1.4312747575372011,1.4359335479372224,1.4363893326958606,1.4309234122326573,1.433878608809615,1.0,0.2,0.0,0.0,36,10
1.428962835859657,1.4321342064600877,1.4277584567289825,1.4320312950598026,1.4376770099428355,1.4303460101770722,1.4345182746251919,1.4344174412490094,1.0,0.2,0.0,0.0,36,11
1.4347007288492268,1.432436323154524,1.434051111811954,1.4368516670802223,1.4289520961979956,1.4360863752250395,1.4375972538197057,1.434268146535065,1.0,0.2,0.0,0.0,36,12
1.431512294068234,1.4362426688602112,1.4374162898958915,1.4350111288781688,1.4323513757342108,1.4360104328513572,1.4398479222980667,1.435207316197147,1.0,0.2,0.0,0.0,36,13
1.4364553885185998,1.4323423870707126,1.4286042427416399,1.430094420221863,1.4313260637420684,1.4321806573997715,1.4323311782007058,1.4321171846254621,1.0,0.2,0.0,0.0,36,14
1.433979949949013,1.433074959128871,1.427455449797657,1.4329763574921583,1.431541619801848,1.4339333397520548,1.4276061077583848,1.4292111200933477,1.0,0.2,0.0,0.0,36,15
1.4367641835078748,1.4313105300832631,1.4381778013241697,1.4294165533778227,1.4350539766691046,1.4310946274331426,1.4301440582326579,1.42598411146515,1.0,0.2,0.0,0.0,36,16
1.4366295553450512,1.429378586560551,1.4322924878735812,1.425086888841993,1.4350187326425603,1.4286792129369863,1.4321669564761283,1.4276664140165523,1.0,0.2,0.0,0.0,36,17
1.4328574642728313,1.4367950789159991,1.431238334492391,1.4388275223607572,1.434902937783905,1.437543114376879,1.435653869741536,1.4372121370143152,1.0,0.2,0.0,0.0,36,18
1.4350651137343395,1.433703693746866,1.4321840264168697,1.4356024312211946,1.4345673588666001,1.4329744019199413,1.4353311098929333,1.4314873542832058,1.0,0.2,0.0,0.0,36,19
1.4341697735285037,1.4311480145942723,1.439100403359876,1.4305464360058322,1.434778795264169,1.4335301389377917,1.4255679453140124,1.4319019637979546,1.0,0.2,0.0,0.0,36,20
1.4342477140019596,1.431811018903152,1.4199761737532755,1.436274891252947,1.4320212699171262,1.4370622509831346,1.4325209632136513,1.4362629984348376,1.0,0.2,0.0,0.0,36,21
1.4316600863474316,1.4314509065455538,1.4243962023692371,1.4286883683725506,1.4304498717775358,1.4334588631035068,1.4342114485964863,1.4321782432148773,1.0,0.2,0.0,0.0,36,22
1.4379977530323782,1.4333298141016424,1.43514847327862,1.4316297384554622,1.4366606003621711,1.4328616978755442,1.4358723930235573,1.4298118098598764,1.0,0.2,0.0,0.0,36,23
1.4351573923849825,1.4333137481145521,1.4308845596512494,1.433107632362832,1.4327165997637872,1.436560066443702,1.4397683992555186,1.4339547438405431,1.0,0.2,0.0,0.0,36,24
1.434254750808496,1.4380122160191118,1.4375214859423777,1.4387428332835994,1.4305724820859729,1.4339626928401754,1.432988617166262,1.4390518455970165,1.0,0.2,0.0,0.0,36,25
1.4378279454805432,1.4369689429567467,1.4442391189499113,1.4378857585476665,1.436403622177973,1.4363422996667976,1.4377928128797466,1.4366857651126996,1.0,0.2,0.0,0.0,36,26
1.437689014801575,1.4384383760843455,1.4279911557340432,1.4357412420582418,1.4299833550367957,1.4354499428962106,1.4370882311869286,1.4368044618462097,1.0,0.2,0.0,0.0,36,27
1.4318199172477801,1.4377600367314027,1.4348281794683282,1.434258287351488,1.4331062755323758,1.435376364818317,1.4325736768656212,1.4369533465300521,1.0,0.2,0.0,0.0,36,28
1.436580368200872,1.4361450095134662,1.4311856969867576,1.4348814803251304,1.4409253696796678,1.435787349690353,1.4354378925407008,1.4372153528544847,1.0,0.2,0.0,0.0,36,29
1.4337076918065423,1.4346860034433395,1.4217091111545899,1.428130886621658,1.433499111857164,1.4358886120931826,1.4383590811967624,1.4362982699164957,1.0,0.2,0.0,0.0,36,30
1.4319265176089977,1.434418268813253,1.4374685301362458,1.4373581742951673,1.4298539566017336,1.4317247681860508,1.4358629647897232,1.4331134540628965,1.0,0.2,0.0,0.0,36,31
1.4285829850213967,1.4361534052654215,1.4481667703880585,1.4400633805105862,1.439293969208589,1.4381787468357652,1.4429160704901638,1.4366762425506825,1.0,0.2,0.0,0.0,36,32
1.4367872714720566,1.4372003301972558,1.4394072175929349,1.43327758208405,1.4400735675386298,1.4362028988598459,1.4306272522719534,1.436972458005192,1.0,0.2,0.0,0.0,36,33
1.4354161179227065,1.4322049956987486,1.434741950236059,1.433418537344702,1.4423212932948148,1.4328582169427686,1.4295799188772977,1.4347927210880902,1.0,0.2,0.0,0.0,36,34
1.43275201401349,1.4356375684164502,1.4348799298542005,1.4348298956052485,1.433459099109972,1.4318046105358428,1.4373337214426867,1.4337610372781158,1.0,0.2,0.0,0.0,36,35
1.4355632135249161,1.4362930469055404,1.4322132418367846,1.4362926419049684,1.4335917847287378,1.4335296559575517,1.4388580823051418,1.4358871818917889,1.0,0.2,0.0,0.0,36,36
1.4286603106630225,1.4294144766530772,1.4341502255623286,1.4318953789418494,1.4322142723825428,1.4328089990438926,1.4326116630921928,1.4314369332509007,1.0,0.2,0.0,0.0,36,37
1.4355225928282753,1.4356700530124875,1.4342685578248275,1.4329804490639484,1.4383349949427806,1.4370507085896622,1.4259547103859718,1.4315549945212074,1.0,0.2,0.0,0.0,36,38
1.4348263118120033,1.4338207716820093,1.4317639181811908,1.4340124147778737,1.4314089184424696,1.4286627915743022,1.4287599154416932,1.4336400292968192,1.0,0.2,0.0,0.0,36,39
1.4322307805711463,1.4351172264963923,1.4335626622705817,1.4312646848906219,1.423918184385533,1.4299511442351547,1.434363937185259,1.4328013348955924,1.0,0.2,0.0,0.0,36,40
1.4378389212062426,1.4327579142752895,1.4378857166467933,1.4329137788107962,1.431071888442835,1.430166228068485,1.4316348669176764,1.4317679107597951,1.0,0.2,0.0,0.0,36,41
1.4322376255145826,1.4317123067235191,1.4339130499506334,1.429142840611248,1.4350576562535078,1.43233875374688,1.438215989683565,1.4303582784320512,1.0,0.2,0.0,0.0,36,42
1.435678198618301,1.4307852034589637,1.4287516189994358,1.430863919325727,1.440145742207909,1.4272626122133893,1.4370634207744273,1.4278598609757702,1.0,0.2,0.0,0.0,36,43
1.4328854651956193,1.4344879779833646,1.4430388764077113,1.4304963363393755,1.4355418267706195,1.4313721093668061,1.424484418548166,1.427672175691479,1.0,0.2,0.0,0.0,36,44
1.434971728262096,1.4303424738598443,1.438845891479241,1.4349458854645654,1.4385456275508024,1.4321403707303568,1.4340911550423283,1.435192717236753,1.0,0.2,0.0,0.0,36,45
1.4372064243329243,1.432794040285428,1.4309673906001195,1.4312062378556558,1.435967655998796,1.4328903238572241,1.4304649155873284,1.434110217644129,1.0,0.2,0.0,0.0,36,46
1.4348525687828275,1.4338388425103334,1.4298458796262838,1.4336015331525458,1.4369606190555593,1.4331130503071599,1.4327836035491377,1.4295675310603115,1.0,0.2,0.0,0.0,36,47
1.4358306271646537,1.4361792625475727,1.4280611164306394,1.435506822448973,1.436588767722521,1.4390665219803738,1.4281009424290323,1.4372318219485973,1.0,0.2,0.0,0.0,36,48
1.4367607280258312,1.4345322556388078,1.436638990368215,1.4264691308775221,1.4297910998250913,1.4370691602605443,1.4392964436859073,1.4338652546530901,1.0,0.2,0.0,0.0,36,49
6.3267360263958,6.3182852484532015,6.318747289088581,6.327921825363436,6.318486618737833,6.329980407238416,6.317952258166668,6.321659579609531,0.5,0.4,0.06,0.0,44,0
6.335965123591351,6.306361912570348,6.3352585521914015,6.304477544463005,6.307679401621998,6.301740824639573,6.320418128102355,6.307338645060539,0.5,0.4,0.06,0.0,44,1
6.3234349732206985,6.330758564393395,6.347179025153712,6.32831422103427,6.316524337648549,6.324894306577349,6.332880618715958,6.326347857552004,0.5,0.4,0.06,0.0,44,2
6.31284225524453,6.328645940725323,6.345597084619834,6.330183273702219,6.337921952023838,6.326067614289768,6.329885392435299,6.326780770934746,0.5,0.4,0.06,0.0,44,3
6.313101693363638,6.2988958069767875,6.331094636195791,6.292861757446918,6.312137150827255,6.290397082121417,6.343706061767549,6.2925838146173785,0.5,0.4,0.06,0.0,44,4
6.3430112670362755,6.317273972434792,6.320702141558529,6.314129563083668,6.292068897269209,6.311620121935539,6.319118588768286,6.312943338443525,0.5,0.4,0.06,0.0,44,5
6.290434741560188,6.321792107116083,6.302441161664501,6.323326069245133,6.317228610771028,6.323153625728797,6.330445016260586,6.317788508360806,0.5,0.4,0.06,0.0,44,6
6.317964707883331,6.308749734805498,6.312210524566689,6.306762328083776,6.339404381946772,6.3060486436698575,6.309081840073299,6.305398935516991,0.5,0.4,0.06,0.0,44,7
6.332819761465144,6.31567946465404,6.309662762178081,6.314103143455275,6.305672660448158,6.3108237227770205,6.36484513485075,6.303670705334963,0.5,0.4,0.06,0.0,44,8
6.320127920705091,6.321893101590844,6.312846017142456,6.326457349387351,6.301512783467482,6.32923772860227,6.317835045603936,6.323375595357125,0.5,0.4,0.06,0.0,44,9
6.312880649844597,6.312934897058149,6.285157045643584,6.305435339773179,6.327421322102274,6.310893829762621,6.2481197162311615,6.312718975961278,0.5,0.4,0.06,0.0,44,10
6.337639465476425,6.334255939471019,6.326448866456287,6.331775812431342,6.303465185532609,6.328480995550065,6.308954673462963,6.341448585800301,0.5,0.4,0.06,0.0,44,11
6.330003426980934,6.337830569002205,6.336623931461903,6.327269864098325,6.2950881539499814,6.335773522720573,6.326547170882425,6.336290442239658,0.5,0.4,0.06,0.0,44,12
6.334873949311561,6.311909832787234,6.316040632945117,6.309871712246919,6.321861473241364,6.3075125181030245,6.335165697540954,6.313803071419937,0.5,0.4,0.06,0.0,44,13
6.317563318368657,6.304876913872527,6.291180744009799,6.297625210147028,6.330722756681956,6.2972977375701245,6.302727257180446,6.295686078780066,0.5,0.4,0.06,0.0,44,14
6.324751184225202,6.307060300260092,6.3328831131488315,6.310023558116009,6.314348676835525,6.311770251897866,6.3193288078164915,6.3128359359970245,0.5,0.4,0.06,0.0,44,15
6.363605551070112,6.303543195125977,6.35015891131634,6.302433844134642,6.329313889510705,6.2977720422783685,6.2932112643100515,6.304584154982633,0.5,0.4,0.06,0.0,44,16
6.309645949359036,6.3154320223937725,6.32747554749077,6.314114422587655,6.35135926294074,6.315212711818013,6.2968816180315175,6.310997671658479,0.5,0.4,0.06,0.0,44,17
6.337007262941353,6.307381567375561,6.313779674326822,6.311444428523065,6.281043778756119,6.302517909102583,6.3499781076015545,6.313964957095677,0.5,0.4,0.06,0.0,44,18
6.330926323272677,6.325336436017621,6.311244913919869,6.324997682963931,6.306012529089873,6.327472582051555,6.330816458334569,6.326187032711017,0.5,0.4,0.06,0.0,44,19
6.298489503960817,6.3020735272756365,6.35944670961607,6.299312997019981,6.298267416499053,6.300821242268334,6.274112905304047,6.301878450839921,0.5,0.4,0.06,0.0,44,20
6.339283509809376,6.306872192364577,6.320788025471229,6.306350736909431,6.342952273018828,6.30333987710379,6.33147765079308,6.3064349041736385,0.5,0.4,0.06,0.0,44,21
6.332162301153952,6.3193190328484725,6.328486227690414,6.312055134433959,6.322698400375832,6.3078954091290065,6.315681943134495,6.318449516707101,0.5,0.4,0.06,0.0,44,22
6.311240836678857,6.336532275089287,6.285228048084866,6.332803622323477,6.313699515726086,6.333226623805107,6.289303327021778,6.326010662666367,0.5,0.4,0.06,0.0,44,23
6.314715000570422,6.299132320552585,6.311225001186642,6.291932691908178,6.357472477405631,6.298648929970277,6.336339471667579,6.301352568287716,0.5,0.4,0.06,0.0,44,24
6.31940980251685,6.326367225495466,6.3259694137933655,6.325587610309812,6.330233108222256,6.331072281323074,6.312489605523372,6.3348029801766845,0.5,0.4,0.06,0.0,44,25
6.329288197116412,6.303187910223462,6.310743358611862,6.307944200805244,6.329074003331889,6.307970290021155,6.325071493938053,6.30879367516825,0.5,0.4,0.06,0.0,44,26
6.324318499614929,6.316602113922957,6.3231884266090725,6.3140794898946515,6.344883361705612,6.319771876191847,6.326104328293322,6.319470135727877,0.5,0.4,0.06,0.0,44,27
6.34919147806229,6.324112784063814,6.312011035203688,6.330718922605538,6.319987375028584,6.324942630242408,6.300790059870609,6.323285966266821,0.5,0.4,0.06,0.0,44,28
6.305857573429734,6.326940096401873,6.311704515006172,6.315648264676701,6.333400113455595,6.321320609845092,6.346955746676377,6.324201713014807,0.5,0.4,0.06,0.0,44,29
6.319855264598689,6.3286222168009685,6.304886572895919,6.321889687421082,6.308061827348302,6.327278448059246,6.285721996743574,6.322594843883772,0.5,0.4,0.06,0.0,44,30
6.327306484501084,6.323412522089105,6.334729592874947,6.326487703252767,6.331078979110659,6.329264877090429,6.3070457347747295,6.3272972757316905,0.5,0.4,0.06,0.0,44,31
6.324290540149278,6.326397421158422,6.3190674660301855,6.319024851352148,6.349129128828258,6.3247223431383235,6.313503004820519,6.322069889244672,0.5,0.4,0.06,0.0,44,32
6.316857955713079,6.3282650222509575,6.320480418687984,6.3346730036288506,6.2733059467477394,6.324446040322752,6.331465645305044,6.334607428041832,0.5,0.4,0.06,0.0,44,33
6.322035599067742,6.329791690007926,6.340387597626509,6.325064416461445,6.346069525286631,6.327020735249631,6.327475685706594,6.318048179868971,0.5,0.4,0.06,0.0,44,34
6.308358074277079,6.343979011926461,6.330047659645078,6.344983971398299,6.31442075410596,6.344303863758287,6.311909472923651,6.347736969681762,0.5,0.4,0.06,0.0,44,35
6.331838375609325,6.335669818079911,6.321932266716939,6.328947726566814,6.347556291010194,6.332060929687676,6.307400172805536,6.329273022355226,0.5,0.4,0.06,0.0,44,36
6.3395043191504765,6.347636831340897,6.3229966071111825,6.342007095377506,6.349997178743523,6.34057884246948,6.317812596531902,6.34121688177343,0.5,0.4,0.06,0.0,44,37
6.320315328324565,6.30978903254419,6.3313320909010535,6.304123562399136,6.327576871016622,6.311854638084748,6.355704257780846,6.310192535158977,0.5,0.4,0.06,0.0,44,38
6.330531926444934,6.310658693648699,6.326053959342134,6.315510881780935,6.3227738574996675,6.3166369342018625,6.328184581821537,6.315944262536191,0.5,0.4,0.06,0.0,44,39
6.321212240339047,6.323058650570228,6.3574165368195725,6.320883104754398,6.325052895532787,6.319900321867717,6.323997656164688,6.324018294083454,0.5,0.4,0.06,0.0,44,40
6.336816455143128,6.350007719147272,6.311630971046897,6.347026678519865,6.285145960131065,6.339834324542718,6.327870692534918,6.34458551087649,0.5,0.4,0.06,0.0,44,41
6.329075209974975,6.317855807149052,6.310618380297034,6.324278198737855,6.300290093347435,6.321543019282516,6.309664913691109,6.321532537983015,0.5,0.4,0.06,0.0,44,42
6.323201928025815,6.326739748745095,6.3054893729528185,6.329302195708904,6.341328167280483,6.321163229791871,6.313249947850349,6.3222471571251955,0.5,0.4,0.06,0.0,44,43
6.319915314517847,6.347282816502418,6.3281340833215465,6.34376436958007,6.253634997386912,6.346507916879082,6.325647219551741,6.3394161628497265,0.5,0.4,0.06,0.0,44,44
6.33550069914636,6.311206815971,6.3415674248491865,6.3046136076571155,6.307814945839195,6.304164876867232,6.330919065565151,6.308875693129443,0.5,0.4,0.06,0.0,44,45
6.331073951091579,6.299846852868873,6.36144091069935,6.3060052583493365,6.323231022823087,6.301859131002512,6.28387171330735,6.304654851291419,0.5,0.4,0.06,0.0,44,46
6.330007657017857,6.32721164949872,6.318580470517715,6.324232523736775,6.327143815606342,6.331611785223538,6.313409607545172,6.326275138243027,0.5,0.4,0.06,0.0,44,47
6.32998800202345,6.32883049810042,6.299545653696111,6.327950163437223,6.354272526356825,6.320967423579821,6.314658653107702,6.327092462604653,0.5,0.4,0.06,0.0,44,48
6.327854444824493,6.3201310731479765,6.32837377798352,6.328110382586103,6.344283943936506,6.320388570133277,6.320360252602842,6.318691663773363,0.5,0.4,0.06,0.0,44,49
