mode,K,alpha0,alpha_star,price_bias,price_sd,price_sig,delta_bias,delta_sd,delta_sig,gamma_bias,gamma_sd,gamma_sig
refit_t1,36,5,4,0.0009505243495376847,0.0068226280301465995,False,-0.0006244842395148054,0.005411565404328113,False,0.0003326296785364363,0.006437638952492884,False
refit_t1,36,5,5,0.0015020580870067635,0.007317066403731885,False,-0.0008019759770832302,0.005360995041829831,False,-0.00016090282410211737,0.004983740263148428,False
refit_t1,36,5,6,0.0016871822745221365,0.008211488877994139,False,-0.000746411501650085,0.005378648666928295,False,-0.00044052286643846833,0.004460604719828127,False
refit_t1,36,10,4,0.000530837921606242,0.007516799050280534,False,0.0008428277032991593,0.0051541874752181836,False,-0.0002812909653692394,0.0070028628998577295,False
refit_t1,36,10,5,0.0007236712560306779,0.008249119435556371,False,0.0009237302529357116,0.004770397247183746,False,-0.0005484829494420695,0.0058893672322874475,False
refit_t1,36,10,6,0.001259889949367099,0.00888547034451039,False,0.0008415047746972992,0.004588254691331196,False,-0.0007347572898502089,0.0051809193211833195,False
refit_t1,36,25,4,-0.00015671886138857172,0.006391446988025311,False,0.000277879262426034,0.004914103324883313,False,-0.0011268855527498747,0.005934241606351019,False
refit_t1,36,25,5,0.00017990124611488856,0.007030115682117882,False,4.061275633224226e-05,0.004904283508475454,False,-0.000986763193845698,0.005347029356112885,False
refit_t1,36,25,6,0.00036254736424989886,0.007665820500975612,False,-0.0001729080273421557,0.004889902477078837,False,-0.0009004401922527508,0.005080653577649436,False
refit_t1,40,5,4,0.0010581320759044388,0.011225322476442682,False,0.0009016872054697367,0.008078100296532845,False,-4.024132574505235e-06,0.012357153344028522,False
refit_t1,40,5,5,0.0016404004479491086,0.011818560446973126,False,0.0007929382133738949,0.007772142727066362,False,-0.0005008797456830111,0.009417513816212046,False
refit_t1,40,5,6,0.0017141221153385011,0.013031594076236715,False,0.0009914296096285025,0.0077429067373995415,False,-0.0006611460224369425,0.007702967982482596,False
refit_t1,40,10,4,-0.0017881836202842116,0.008727611318006777,False,0.000331705639766422,0.008405618646881158,False,0.0008867655870120617,0.01167427870878416,False
refit_t1,40,10,5,-0.0016566357370906282,0.009665541229524002,False,0.0001649666063736066,0.008336069413085978,False,0.000996584072028829,0.009281855766792703,False
refit_t1,40,10,6,-0.0017192786299915497,0.010819998485189344,False,-6.586932874752538e-05,0.008012354385101325,False,0.000930318939053959,0.007560833538168651,False
refit_t1,40,25,4,-0.0025785988523963077,0.010610010138854062,False,0.00024770688658526385,0.00903890906825717,False,-8.796891121773398e-05,0.011761597517555022,False
refit_t1,40,25,5,-0.002099185334390352,0.011452778788256509,False,0.0006958877950686837,0.008910854277454087,False,-0.00032469157440180585,0.008882885857838438,False
refit_t1,40,25,6,-0.002106403723522998,0.012177834655052849,False,0.0012964362297121501,0.008294324048307851,False,-2.5338927623519414e-05,0.006920945962959995,False
refit_t1,44,5,4,0.0027096199825340506,0.011812791024666713,False,-0.0016596385953966397,0.01250688319210825,False,-0.002003696518111567,0.015340362010109233,False
refit_t1,44,5,5,0.0023244425236219612,0.013175856536291603,False,-0.001687654698808605,0.011635993445427826,False,-0.0009014383745300919,0.011219964077259925,False
refit_t1,44,5,6,0.002136487622193428,0.01412439403176148,False,-0.0010475168381548494,0.011031821490351434,False,-0.0006565079642608662,0.008741623778186196,False
refit_t1,44,10,4,-0.0008538482765292343,0.013273144568351773,False,-0.0009487066711757475,0.012606535710809243,False,-0.0008911619291015055,0.016276644287505845,False
refit_t1,44,10,5,-4.1404598023930816e-05,0.014612334969466333,False,-0.00030002578807719615,0.01124891297367229,False,-0.0010584751895117983,0.011698522275533575,False
refit_t1,44,10,6,0.00013772706922932088,0.015481635835760925,False,0.00010284370708002477,0.010459328590728617,False,-0.0006253900703713372,0.009261725422364326,False
refit_t1,44,25,4,-0.0028458224118317332,0.013484625310556565,False,-0.0008371226596969317,0.01085548040563588,False,0.0024419481001685395,0.0170093300474001,False
refit_t1,44,25,5,-0.0021836165620960912,0.014580013324238729,False,-0.0004346134049009187,0.009959616173786493,False,0.0007139683145387932,0.012026997114902566,False
refit_t1,44,25,6,-0.0026924708849120904,0.015059934393220273,False,0.0003272887669536484,0.009581209269514439,False,0.000548645620655,0.009386878469659079,False
rerun,36,5,4,0.0015155207984656194,0.006817702872154019,False,-0.0009341177774682685,0.005473764981326064,False,0.0005609834994518212,0.0064315853971913415,False
rerun,36,5,5,0.0014984813452051382,0.0073172367460675024,False,-0.0007986499146079573,0.0053519325958751845,False,-0.0001446220148106428,0.004969360795860522,False
rerun,36,5,6,0.0019310424036518281,0.008148315655190707,False,-0.0006860185725939272,0.005367322917778746,False,-0.0004875561328231831,0.004431964042881995,False
rerun,36,10,4,0.0017838740076041582,0.007739719719004264,False,0.0002480529566522005,0.005267454608166102,False,9.820614550806739e-05,0.0071537442000907505,False
rerun,36,10,5,0.002109339653661668,0.008380389910585512,False,0.0004248925357797917,0.004688496071351898,False,-0.00029948957129712767,0.006043155545290979,False
rerun,36,10,6,0.0022567398296223784,0.008790632715506405,False,0.000549765473679048,0.0046087533534119466,False,-0.0005361982005373106,0.005258988393880862,False
rerun,36,25,4,0.0014885175960652752,0.006406618553870473,False,-0.0004885556323238893,0.004917703316431542,False,-0.0005994033655785658,0.005853920641732748,False
rerun,36,25,5,0.0016793099391595456,0.007048316239979373,False,-0.0005107119700989426,0.004781445275132261,False,-0.0007541378569205087,0.005184246701398079,False
rerun,36,25,6,0.0017336570734468593,0.007755964006002501,False,-0.0005719699265600564,0.004711110104402545,False,-0.000687003322981973,0.005092072139201916,False
rerun,40,5,4,0.0014850319339121398,0.011254924794564004,False,0.0005859328139670716,0.00810700552819953,False,0.0003077960071978178,0.012171424755680064,False
rerun,40,5,5,0.0016409842728228874,0.011817865688685456,False,0.0007886777008969115,0.007773130213295295,False,-0.0005018728941903888,0.009419276850784145,False
rerun,40,5,6,0.0018758050499720902,0.012849896518944857,False,0.0008520006953868231,0.007564232337967896,False,-0.0005889056967260387,0.0075962078424527315,False
rerun,40,10,4,-0.00021003055686286132,0.008721739830906985,False,2.0392538503388735e-06,0.008310566602007465,False,0.001278737393016316,0.011689659952762253,False
rerun,40,10,5,-0.00044577301277204384,0.009661636097773254,False,-0.00024536236733591066,0.008120868654707939,False,0.001208558370908823,0.009234416942915479,False
rerun,40,10,6,-0.0004548266796997602,0.010736204050678662,False,-0.00047221139367797926,0.0077086853310635445,False,0.0011409783645170563,0.007383710603954544,False
rerun,40,25,4,-0.00025907075871023366,0.01080373239346129,False,-0.0001923623588767076,0.009255502956546603,False,0.0003835037176278394,0.011890298393999904,False
rerun,40,25,5,-0.0001103969613320821,0.011279193245279217,False,0.0001492935600999612,0.008902916400756631,False,9.814288911915575e-05,0.008889922582050711,False
rerun,40,25,6,5.9904746237293693e-05,0.011692871816275924,False,0.000464665507576123,0.00830744015612391,False,0.00026590446794538813,0.006837020531387174,False
rerun,44,5,4,0.0024066178121744386,0.011942869492414847,False,-0.0017683316118307646,0.01253979603177796,False,-0.0018709337110068974,0.015204019043297937,False
rerun,44,5,5,0.0023209350928361516,0.013173492886135327,False,-0.0016824873290811615,0.0116353890368706,False,-0.0009089378120403224,0.011215450106956137,False
rerun,44,5,6,0.0023793883093485846,0.014407078821859296,False,-0.0010684496471176086,0.011228049723935443,False,-0.0007473813586080652,0.00877535140309795,False
rerun,44,10,4,0.0008910388344496312,0.01330774525296674,False,-0.001196975374703091,0.01265188124276056,False,-0.0007063789366962975,0.016346585296966115,False
rerun,44,10,5,0.0009280799104640636,0.014376673266569023,False,-0.0007500813145330243,0.011529107676909985,False,-0.0008160122695590188,0.011730310279488444,False
rerun,44,10,6,0.0009260343191979103,0.015746351684277918,False,-0.00022895815720225254,0.010293616874063393,False,-0.0005189188874525075,0.009226488183942796,False
rerun,44,25,4,7.077871198291064e-05,0.013340335854014089,False,-0.0009121904030053862,0.010944573569111772,False,0.0025912002396278194,0.01685176894663949,False
rerun,44,25,5,0.00013311814132777045,0.014333975716191931,False,-0.0005539318220654232,0.009912021334471981,False,0.0011159232173727357,0.012264632998357996,False
rerun,44,25,6,-0.00013205941677885136,0.014942461923492781,False,1.8376318048130003e-05,0.009409074967169839,False,0.0008259014525708597,0.009351996397449313,False
reuse_t1,36,5,4,0.0015009717051321925,0.007315821677379032,False,-0.0008766491337618976,0.0056215333947067184,False,0.00010361128695865474,0.006177447538509324,False
reuse_t1,36,5,5,0.0015020580870067635,0.007317066403731885,False,-0.0008019759770832302,0.005360995041829831,False,-0.00016090282410211737,0.004983740263148428,False
reuse_t1,36,5,6,0.001562893242810226,0.007308058268891765,False,-0.0007594801469237855,0.005220547683824008,False,-0.0005017787378411923,0.0044219336056558,False
reuse_t1,36,10,4,0.002122898450684807,0.010539033852456248,False,0.0013498248224300957,0.0051278596526990955,True,-2.2370018242241774e-05,0.006089313212497631,False
reuse_t1,36,10,5,0.0021102518291490346,0.010546083002349061,False,0.0012235998306305562,0.004917014001564231,False,-0.00011883179481096684,0.004826180826529763,False
reuse_t1,36,10,6,0.0020975191819894157,0.010553613765853466,False,0.0011399396650109417,0.004800430908344791,False,-0.00017547864854593198,0.0042206602122169985,False
reuse_t1,36,25,4,-0.027945154031529973,0.010993833777714597,True,0.00573556718860313,0.0037687429749313503,True,0.0045359793703909496,0.004512958797772691,True
reuse_t1,36,25,5,-0.02793935115318258,0.010988046030100571,True,0.005805715477508605,0.0034652362043013367,True,0.004570305259784857,0.0030602578764391936,True
reuse_t1,36,25,6,-0.02793354425008232,0.010983409992824014,True,0.0058515278689176276,0.003283348734231834,True,0.004590464961073126,0.0022803407671337806,True
reuse_t1,40,5,4,0.0016557774764391908,0.011801460947207108,False,0.0009840548371583546,0.00825275008982098,False,-5.7847612392490644e-05,0.012034546547173678,False
reuse_t1,40,5,5,0.0016404004479491086,0.011818560446973126,False,0.0007929382133738949,0.007772142727066362,False,-0.0005008797456830111,0.009417513816212046,False
reuse_t1,40,5,6,0.0016503332447097563,0.01185587611411916,False,0.0006669570283787118,0.007583861113487373,False,-0.0008368368209639016,0.008249738048227382,False
reuse_t1,40,10,4,-0.0008052631222161821,0.012636381966599873,False,0.000505286350477141,0.00829888296978774,False,-0.0008413193972472074,0.00947167374232081,False
reuse_t1,40,10,5,-0.0008076743146481213,0.012625008320659964,False,0.0004901951204623334,0.007686085490860394,False,-0.0007239008388231633,0.006852332294825636,False
reuse_t1,40,10,6,-0.0008109658641961559,0.01261267358408609,False,0.0004845191494076695,0.007338907088219976,False,-0.000661438159787163,0.005621078203347004,False
reuse_t1,40,25,4,-0.028076475706766413,0.016030077568923738,True,-0.009711207810147504,0.0064336634699873885,True,0.0074756220070130025,0.009940693554512482,True
reuse_t1,40,25,5,-0.028068302966800296,0.016026038983453426,True,-0.009657903066428775,0.005616367759608115,True,0.007586398589268406,0.006460106699924953,True
reuse_t1,40,25,6,-0.02805797540898558,0.016023004829715883,True,-0.009621559612030428,0.005111393147203922,True,0.007641809209942077,0.004577111353869887,True
reuse_t1,44,5,4,0.002288337247060568,0.013166688740659224,False,-0.001877765425361222,0.013054685725305106,False,-0.0011737169946642867,0.01559676453770001,False
reuse_t1,44,5,5,0.0023244425236219612,0.013175856536291603,False,-0.001687654698808605,0.011635993445427826,False,-0.0009014383745300919,0.011219964077259925,False
reuse_t1,44,5,6,0.0024238005838315146,0.013168041602242664,False,-0.0014296957955536316,0.010780503559918204,False,-0.0010029596115854467,0.009146458125635217,False
reuse_t1,44,10,4,-0.0006555829035184146,0.018633604865045107,False,-0.0020425165499916575,0.011893717130278642,False,0.0018258485403318675,0.015515434341791342,False
reuse_t1,44,10,5,-0.0006113356664618763,0.01864413726422389,False,-0.0019497117492863758,0.01040136078291197,False,0.0017963809026954741,0.01063821135216004,False
reuse_t1,44,10,6,-0.0005470827029139258,0.018668675591593027,False,-0.0017840468316695501,0.009509477010032102,False,0.001673359339035549,0.008133063608924358,False
reuse_t1,44,25,4,0.04339375221578834,0.01881720879641045,True,-0.015163138502821583,0.00874930267806466,True,-0.004242714285148663,0.015000849457441403,True
reuse_t1,44,25,5,0.04347283557627435,0.018809579994341335,True,-0.015016194816094286,0.0072359665210794824,True,-0.006089495400127598,0.009597642952820862,True
reuse_t1,44,25,6,0.043656212523348614,0.018820709353945916,True,-0.014865693292866244,0.006257980648641796,True,-0.007490583976123247,0.006688390504321385,True
