id,S0,K,moneyness,sigma,r,d,T,price,delta,gamma,theta,vega,volga,vanna,rho,rho_d,delta_r,delta_d,ex_region,alpha_S,alpha_sigma,exact_price,exact_delta,exact_gamma,exact_theta,exact_vega,exact_volga,exact_vanna,exact_rho,exact_rho_d,exact_delta_r,exact_delta_d
0,100,90,1.1111,0.28,0.0375,0.01,1.75,7.80693,-0.282434,0.0102123,-2.93377,42.6317,-0.595369,-0.0132048,-50.9045,43.6818,0.796939,1.26449,False,7.19888,0.0519858,7.84199,-0.285049,0.00965706,-2.70761,44.1567,19.3792,-0.244114,-49.2484,39.773,0.952052,-0.690768
1,100,105,0.9524,0.24,0.01,0.0375,0.25,8.22166,-0.648575,0.0299446,-10.3254,17.7533,22.9346,0.903784,-18.9062,16.354,1.00138,-1.00884,False,5.31626,0.0580839,8.22545,-0.650721,0.0303559,-10.4497,18.2132,16.0567,0.795123,-18.3243,16.2679,0.758874,-0.596195
2,100,113,0.885,0.4,0.0525,0.0175,0.7,19.9646,-0.568417,0.011775,-6.38239,35.9784,-49.9179,0.218075,-28.2301,33.5263,-0.647342,1.23605,False,11.6909,0.0763136,19.9678,-0.56664,0.0127835,-7.19523,32.1344,9.26679,0.533472,-36.0888,27.9303,0.0933553,0.00763462
3,100,99,1.0101,0.13,0.0225,0.03,1.3,5.67,-0.449304,0.0220425,-2.07199,44.9813,-110.412,0.510546,-63.6908,57.5768,3.67034,-3.67885,False,5.93589,0.0310812,5.66737,-0.451855,0.0258439,-2.39519,43.6637,-0.227642,0.204993,-65.3341,58.1887,3.21144,-2.66697
4,100,95,1.0526,0.33,0,0.0225,1.45,14.2119,-0.392167,0.00830729,-5.4057,44.3606,-16.507,0.197506,-74.6599,58.1868,1.77157,-0.561928,False,6.24811,0.0854476,14.224,-0.390034,0.00942848,-6.01138,45.1151,-5.09635,0.172228,-77.1798,56.5549,1.3671,-0.801556
5,100,110,0.9091,0.14,0.045,0.01,1.05,10.595,-0.764421,0.0454679,-1.30361,20.5047,333.315,0.907924,-31.506,19.2044,0.73022,1.87474,False,6.31732,0.0210788,10.607,-0.769916,0.0405739,-0.804194,26.6386,320.148,3.5756,-28.9397,26.0779,-2.988,2.75279
6,100,101,0.9901,0.3,0.0175,0.03,0.6,10.0176,-0.467478,0.0175376,-8.30094,30.9385,24.5592,0.238779,-35.6134,29.8014,1.94947,-0.808858,False,7.21661,0.079956,10.0551,-0.475009,0.0168512,-8.00085,30.3305,-0.678866,0.248977,-34.3672,28.4099,0.98916,-0.714192
7,100,87,1.1494,0.19,0.0575,0.0025,1.85,2.4502,-0.174854,0.0115288,-0.978363,33.8655,104.933,-0.641182,-24.4769,22.6977,1.25882,-2.39991,False,7.2896,0.04916,2.45287,-0.17084,0.0111671,-0.934999,33.3676,127.684,-0.995401,-26.1473,23.2262,1.14704,-0.988582
8,100,88,1.1364,0.37,0.02,0.0125,0.45,4.36369,-0.255415,0.0119571,-7.90578,21.6904,15.8341,-0.265507,-12.6429,11.9816,0.211614,-0.537673,False,8.53971,0.0886407,4.36295,-0.256308,0.0129804,-8.6056,21.5415,15.3717,-0.350984,-12.4006,10.7158,0.494849,-0.404164
9,100,103,0.9709,0.11,0.055,0.025,1.6,5.29187,-0.525577,0.0360843,-0.315314,41.1734,556.708,3.453,-49.2888,37.4409,-1.34587,0.158948,False,5.04273,0.0171522,5.29951,-0.519583,0.0417865,-0.677863,44.8803,77.3041,1.33483,-43.5915,40.1799,-0.136596,0.195067
10,100,108,0.9259,0.27,0.005,0.005,1.15,16.2933,-0.54719,0.0141593,-5.07958,42.4348,-62.2161,0.818345,-73.6586,62.6901,0.413758,-0.899002,False,5.92414,0.0533613,16.3113,-0.546013,0.0136576,-4.89662,42.2583,7.7984,0.600528,-70.2739,55.5033,0.979296,-0.585948
11,100,94,1.0638,0.23,0.04,0.0325,0.9,5.41126,-0.329975,0.0168188,-3.98464,34.5672,-2.49264,-0.275039,-30.5662,25.5312,1.0854,-0.380218,False,6.25763,0.0533874,5.39326,-0.331475,0.0166866,-3.94926,33.8715,12.6462,-0.315304,-29.5519,25.807,1.05856,-0.86557
12,100,97,1.0309,0.31,0.0475,0.035,1,9.90431,-0.381083,0.0128208,-5.2136,35.8017,-4.32925,-0.0915455,-45.2044,27.0209,1.67264,-1.42795,False,7.62921,0.0704289,9.88968,-0.38102,0.0124778,-5.04954,37.258,-0.985995,0.0322967,-38.5429,31.4368,0.711842,-0.504636
13,100,112,0.8929,0.2,0.0275,0.0075,1.5,15.7141,-0.624412,0.0159713,-1.51329,46.6976,-8.47422,0.465111,-78.8376,60.9765,1.11792,1.69989,False,8.26046,0.0440968,15.663,-0.62552,0.0184778,-2.01379,44.5029,64.7538,1.27976,-67.6206,56.174,-0.374489,0.462626
14,100,106,0.9434,0.35,0.0325,0.0275,1.9,21.4257,-0.433169,0.00461486,-1.91368,51.8709,-42.9844,0.937214,-84.8027,60.5901,0.443748,2.11964,False,7.88691,0.0607089,21.4209,-0.435984,0.00832323,-4.18381,52.3208,-6.2502,0.38831,-92.7054,65.4946,0.571341,-0.228067
15,100,92,1.087,0.17,0.0125,0.015,0.55,1.86135,-0.235246,0.0245692,-3.5858,21.6546,50.5329,-1.05555,-12.9596,12.9189,0.93178,-1.00526,False,5.80427,0.0297476,1.86134,-0.235837,0.0243358,-3.55221,22.7527,56.1969,-1.06068,-13.8116,12.8273,1.29813,-1.17678
16,100,91,1.0989,0.35,0.055,0.0325,1.3,9.6297,-0.29907,0.00823519,-3.84151,38.5491,22.1394,-0.451869,-40.6888,38.9414,1.49678,-0.992819,False,9.27299,0.0909386,9.64665,-0.30525,0.00903737,-4.31801,38.9902,6.58363,-0.0961326,-41.2379,32.3677,0.670322,-0.45718
17,100,107,0.9346,0.16,0.02,0,0.8,9.19477,-0.654122,0.0244366,-1.63574,37.4414,-55.7362,2.57439,-33.5388,24.5583,0.811303,1.60088,False,5.95938,0.0283485,9.19215,-0.646779,0.0298351,-2.34149,32.4547,58.2404,1.41585,-36.5335,32.6952,-0.0660405,0.152641
18,100,112,0.8929,0.32,0.0375,0.02,0.3,14.4688,-0.703542,0.0223196,-9.65383,18.2839,74.2447,0.66434,-19.1137,16.1527,-0.621694,0.395106,False,7.97029,0.072933,14.4829,-0.70781,0.020445,-8.68604,18.5479,24.6839,0.813139,-18.161,15.4834,0.0119579,0.0465015
19,100,98,1.0204,0.21,0.0075,0.0125,1.7,10.0318,-0.423667,0.016118,-3.69062,50.9427,29.9927,0.414714,-88.4092,65.4956,1.04692,-1.33893,False,6.1532,0.0422325,10.0392,-0.41979,0.0140454,-3.2316,50.1338,-3.46277,0.170053,-87.0994,70.6567,2.25563,-1.60374
20,100,93,1.0753,0.25,0.03,0.02,1.8,8.70321,-0.332687,0.0117802,-3.08752,46.5273,59.3361,0.422492,-64.5509,51.7724,3.40933,-1.53355,False,7.46307,0.0564111,8.72923,-0.328729,0.0109725,-2.83829,47.5112,7.3108,-0.132694,-60.519,49.1217,1.19751,-0.862123
21,100,109,0.9174,0.21,0.045,0.0275,0.65,11.6112,-0.651594,0.0240544,-3.64121,29.3644,-20.6394,0.64006,-39.5059,15.1998,2.84506,-0.987897,False,6.42404,0.0370349,11.6526,-0.654894,0.0239246,-3.60495,28.7143,41.4481,1.11883,-32.3509,28.1893,-0.0340382,0.116104
22,100,102,0.9804,0.38,0.0125,0.0075,1.1,16.5015,-0.427491,0.00838597,-5.63465,39.5858,47.4171,0.188252,-58.4055,42.8753,-0.020771,-0.496019,False,9.75738,0.0548577,16.5716,-0.434404,0.00992162,-6.73907,41.0123,-3.74473,0.246857,-55.4209,41.4748,0.667142,-0.379993
23,100,88,1.1364,0.11,0.03,0.04,1.4,1.21836,-0.162536,0.0175868,-1.18998,28.6451,205.403,-1.71619,-25.7399,23.9273,2.60864,-2.69386,False,4.50964,0.0299499,1.22136,-0.164235,0.0186389,-1.25525,28.7036,198.683,-1.78568,-24.6868,22.9813,2.60472,-2.37607
24,100,85,1.1765,0.29,0.01,0.025,0.85,4.34323,-0.238558,0.0108862,-4.89205,28.3122,27.4034,-0.473656,-22.5465,19.8479,0.879327,-0.762299,False,7.15244,0.0795027,4.34761,-0.238759,0.0114825,-5.14305,28.3042,28.8825,-0.451492,-23.9899,20.2945,0.975948,-0.773028
25,100,101,0.9901,0.18,0.035,0.0175,1.2,7.37045,-0.464669,0.0214624,-2.40577,41.0287,38.4747,0.734515,-46.4884,35.448,1.15657,-0.575225,False,8.7055,0.037119,7.37293,-0.451851,0.021462,-2.42805,42.321,0.773207,0.219525,-45.8576,40.2532,1.03797,-0.816327
26,100,110,0.9091,0.34,0.025,0.0375,1.6,23.4265,-0.492019,0.0112595,-6.53735,47.4205,-25.7442,0.802629,-112.117,83.7672,-1.27555,-5.02773,False,10.8783,0.0760213,23.4565,-0.494985,0.0089309,-5.19438,48.0095,3.81299,0.523286,-99.6707,70.4034,0.747479,-0.3045
27,100,96,1.0417,0.16,0.05,0.005,0.35,1.60074,-0.267038,0.0377293,-3.54764,19.4442,73.0207,-1.82462,-7.55407,8.1195,0.466643,-0.610679,False,5.46246,0.0230135,1.60865,-0.271287,0.0366724,-3.39285,19.4264,39.4753,-1.08539,-8.23064,7.8187,0.867135,-0.80954
28,100,99,1.0101,0.38,0.0425,0.0025,0.5,9.24926,-0.409908,0.0160755,-9.57375,26.7879,2.05769,0.0397831,-15.3626,13.5505,0.65389,0.15255,False,8.82524,0.158382,9.2561,-0.412203,0.0150098,-8.79489,27.3535,0.372802,0.0501913,-20.0396,16.7676,0.411004,-0.302781
29,100,115,0.8696,0.12,0.0025,0.035,1.95,21.9834,-0.812029,0.0117266,-3.42845,27.539,345.424,2.0821,-200.82,158.436,2.68183,-0.596953,False,4.81686,0.0231832,21.9836,-0.813011,0.0117639,-3.43433,27.5274,335.497,2.12903,-201.405,158.537,2.29399,-0.708618
30,100,104,0.9615,0.28,0.0575,0.015,1.55,13.1022,-0.454465,0.0177765,-4.28353,47.4,-23.1817,0.26596,-44.6439,40.406,-1.06258,1.79836,False,7.80435,0.0453206,13.1024,-0.441919,0.0134068,-2.62391,46.8276,4.38743,0.341935,-55.0317,44.1606,0.362324,-0.198849
31,100,90,1.1111,0.24,0.0175,0.0225,0.95,4.77721,-0.285164,0.0140316,-4.10007,31.88,24.8631,-0.461828,-25.8588,26.1615,1.35415,-1.11518,False,6.28103,0.0437761,4.78156,-0.286234,0.0144011,-4.20695,32.8144,23.8078,-0.442004,-30.4215,26.2727,1.23733,-1.00607
32,100,90,1.1111,0.39,0.005,0.04,1.9,17.5156,-0.340703,0.00602171,-5.6844,47.9128,-6.22642,0.247178,-101.256,64.4265,2.05353,-0.699259,False,8.56697,0.085809,17.5485,-0.339697,0.00648937,-6.03636,48.086,-8.26186,0.175755,-97.8832,64.5423,1.23284,-0.587523
33,100,104,0.9615,0.13,0.04,0.0075,0.6,5.49306,-0.621176,0.0446149,-1.53142,25.3265,-68.8353,3.79916,-22.0928,21.0071,0.766841,-1.22812,False,7.61833,0.0307568,5.47814,-0.616939,0.0479879,-1.8308,28.0839,58.8271,1.6084,-22.3586,20.8328,-0.170139,0.208859
34,100,114,0.8772,0.27,0.02,0.0275,1.05,20.1863,-0.627384,0.0104506,-3.87606,39.4227,-85.774,1.76711,-77.4404,59.1748,2.02831,0.351634,False,6.54895,0.0370018,20.1629,-0.626125,0.0132907,-4.91081,37.4155,31.9655,0.853977,-75.2372,58.5222,0.666641,-0.303681
35,100,98,1.0204,0.24,0.055,0.02,1.4,8.16053,-0.378145,0.015013,-2.55141,47.1952,134.446,-0.0587701,-45.5455,38.3469,1.17033,-0.77678,False,7.14703,0.0307135,8.17535,-0.372916,0.0147992,-2.50731,43.2543,5.17762,-0.0388603,-44.29,37.3415,0.795526,-0.596016
36,100,96,1.0417,0.3,0.0325,0.0125,1.3,10.2299,-0.3561,0.0122997,-4.49019,43.4287,-41.2972,0.587317,-42.2437,35.5113,0.984824,-0.361218,False,5.75812,0.0647302,10.2192,-0.36305,0.011353,-4.05064,42.1748,1.28896,-0.00268977,-47.4794,38.1816,0.803783,-0.558591
37,100,110,0.9091,0.19,0.0125,0.02,0.7,13.0609,-0.701029,0.0198643,-3.94802,29.6857,50.0811,0.938214,-53.793,38.9729,0.285413,0.76313,False,6.08377,0.0465467,13.0634,-0.700055,0.021241,-4.19574,28.2494,58.6941,1.26452,-58.0048,48.9158,1.45736,-0.979225
38,100,101,0.9901,0.33,0.0475,0,0.3,7.08482,-0.46759,0.0233265,-10.1437,22.598,-0.869148,0.0544891,-6.39067,13.0915,-1.15599,0.209825,False,8.49481,0.0620262,7.08966,-0.465872,0.0229305,-9.93601,21.6314,-0.638945,0.123378,-12.6449,11.1675,0.351233,-0.281551
39,100,86,1.1628,0.14,0.0275,0.0325,1.8,2.14022,-0.187727,0.0143291,-1.43926,34.9479,137.436,-1.29673,-34.8946,34.9645,2.00617,-1.98437,False,5.33959,0.044669,2.14351,-0.187172,0.014039,-1.41047,35.3289,143.773,-1.25232,-35.9681,32.4574,2.31815,-2.02892
40,100,89,1.1236,0.26,0.0525,0.0225,0.6,2.83807,-0.222044,0.0160469,-4.60871,21.936,19.0609,-0.493333,-13.3083,12.2021,0.648636,0.29058,False,6.59446,0.0605888,2.84358,-0.223396,0.0150802,-4.27762,22.9553,37.5154,-0.642059,-13.0432,11.7022,0.687611,-0.595305
41,100,102,0.9804,0.22,0.0225,0.015,1.95,12.359,-0.436399,0.0129769,-2.53502,53.2958,31.6886,0.282656,-75.3181,62.7757,2.82298,-1.75812,False,6.22591,0.0327926,12.3778,-0.445988,0.0132354,-2.58997,53.9071,-4.06279,0.342898,-84.9966,68.6587,1.16694,-0.765636
42,100,109,0.9174,0.37,0.0375,0.035,1.5,22.4611,-0.471958,0.00662778,-3.57644,47.3949,56.0082,-0.12528,-83.9009,45.939,0.717902,1.47985,False,6.39696,0.0615422,22.4668,-0.470962,0.00888773,-5.1234,46.8419,-0.458388,0.436241,-78.4852,55.9204,0.446356,-0.15999
43,100,93,1.0753,0.1,0.0075,0.0025,1,1.21131,-0.2069,0.0258084,-1.17789,30.711,93.8809,-2.38807,-21.2605,19.3959,3.24189,-2.70919,False,4.22553,0.0176803,1.21093,-0.205748,0.0286491,-1.3205,28.4242,168.709,-2.05872,-19.7422,18.7279,2.42049,-2.26158
44,100,98,1.0204,0.36,0.015,0.005,0.85,11.6175,-0.39957,0.0113072,-6.75322,35.077,3.44769,-0.0666289,-38.2885,33.5416,2.04379,-0.856907,False,6.06222,0.155084,11.6405,-0.40186,0.011759,-7.04337,35.526,-2.07131,0.0919941,-37.2817,29.6643,0.655915,-0.442699
45,100,111,0.9009,0.17,0.06,0.0375,1.15,12.8058,-0.682413,0.0175714,-0.235296,35.4724,125.088,1.58182,-48.961,40.8185,-2.12263,2.72344,False,6.99431,0.0432281,12.7609,-0.688025,0.0263737,-1.49729,34.3743,122.924,1.92281,-44.2703,38.5164,-1.24693,1.18494
46,100,107,0.9346,0.32,0.0025,0.0175,1.6,21.3905,-0.492992,0.0101687,-5.8924,48.9094,8.55909,0.513083,-116.109,78.3806,1.57322,-1.03309,False,6.79495,0.0748839,21.4223,-0.495526,0.00958115,-5.59528,49.0553,1.58029,0.519702,-113.56,79.284,1.53301,-0.740123
47,100,91,1.0989,0.2,0.0425,0.025,0.45,1.62276,-0.202653,0.0223119,-4.03878,18.0777,61.7488,-0.742926,-7.35837,7.74995,0.408395,-0.181109,False,5.57971,0.0325922,1.63345,-0.203885,0.0212492,-3.82362,18.8994,53.889,-0.977503,-8.91683,8.30679,0.792444,-0.723059
48,100,92,1.087,0.32,0.025,0.0025,1.35,9.37895,-0.314105,0.0089316,-3.63177,40.5904,-30.7863,-0.415693,-43.0831,33.1791,-0.666962,-0.965545,False,6.27466,0.0847989,9.37056,-0.319193,0.00991508,-4.12407,41.2332,6.57429,-0.114229,-44.9617,35.7948,0.814079,-0.569259
49,100,106,0.9434,0.21,0.05,0.03,1.1,10.9993,-0.538725,0.0183303,-2.41443,29.8613,-591.635,3.45536,-42.5407,43.4999,0.743127,-3.37718,False,9.03043,0.0275746,10.997,-0.539051,0.0199715,-2.77577,39.9009,13.9002,0.705512,-46.9822,40.1471,0.365211,-0.209788
50,100,113,0.885,0.35,0.01,0.01,0.7,19.8242,-0.599357,0.0124864,-7.44965,31.6674,-2.42814,0.40274,-52.8896,41.1163,0.135297,-1.40844,False,7.23206,0.0933988,19.8415,-0.604141,0.0131298,-7.84357,31.9717,14.0835,0.618269,-47.0334,36.4585,0.461664,-0.225119
51,100,97,1.0309,0.16,0.035,0.0225,1.8,5.98129,-0.35134,0.0167635,-1.49721,49.9819,-143.128,-0.447446,-59.2488,52.4285,1.17898,0.987021,False,5.86535,0.0357927,5.98075,-0.366606,0.0183912,-1.6865,49.0326,12.6853,-0.24633,-58.2719,51.0747,1.70188,-1.38268
52,100,94,1.0638,0.38,0.0575,0.03,1.7,13.7708,-0.334064,0.00672253,-3.14317,43.7522,-101.706,0.263561,-60.1071,46.2907,1.61243,-0.786497,False,13.2535,0.0684534,13.7383,-0.325171,0.00769251,-3.86982,45.367,-2.74255,0.0516134,-57.8689,42.5903,0.568446,-0.327605
53,100,108,0.9259,0.12,0.0175,0.0175,0.35,8.48312,-0.852188,0.0319829,-2.15431,14.1107,150.989,1.03583,-28.0678,23.0046,-0.14018,-0.474692,False,5.5301,0.0150559,8.48667,-0.851011,0.0328308,-2.2153,13.4509,134.937,2.17277,-23.5356,21.6931,-0.479718,0.546118
54,100,103,0.9709,0.26,0.0425,0.0375,0.75,10.2253,-0.491887,0.0174472,-5.21665,34.4551,-53.8898,-0.0234076,-34.6153,30.0383,1.76463,-0.246407,False,6.35724,0.0581138,10.2591,-0.494853,0.0178238,-5.341,33.7502,0.57126,0.356855,-35.9171,30.4266,0.684618,-0.493548
55,100,87,1.1494,0.22,0.0025,0.01,1.25,4.27659,-0.256844,0.0131464,-3.36337,36.989,80.3765,-0.363753,-39.3701,29.8652,1.45603,-1.41429,False,5.36489,0.0408708,4.29175,-0.254307,0.0129587,-3.31602,35.6364,42.7212,-0.586894,-37.1533,31.7885,1.61982,-1.30193
56,100,86,1.1628,0.34,0.04,0.015,0.9,5.47061,-0.244951,0.00996844,-4.93056,30.4241,20.8779,-0.383561,-23.4764,17.3014,0.107017,-0.729909,False,7.63941,0.103121,5.49208,-0.244434,0.00988844,-4.88475,29.5496,22.4273,-0.340349,-22.954,19.1215,0.646131,-0.500172
57,100,100,1,0.15,0.005,0.0275,1.5,8.90626,-0.512138,0.0197725,-3.33219,45.5935,20.8,1.18099,-89.4755,78.3369,3.51867,-2.86692,False,5.22569,0.0341584,8.91025,-0.514908,0.0207507,-3.44844,46.6888,7.87282,0.70031,-90.6017,77.2363,3.11254,-2.34018
58,100,111,0.9009,0.29,0.0525,0.0075,2,18.6647,-0.499901,0.0153105,-3.20861,54.6293,0.00708345,1.33165,-83.4179,65.9037,2.21454,-2.26949,False,9.14532,0.100785,18.7158,-0.501737,0.012719,-2.10794,52.6587,20.9056,0.697229,-73.5052,56.3893,-0.137835,0.22261
59,100,95,1.0526,0.18,0.0225,0.035,0.5,3.00271,-0.330584,0.0290149,-5.04608,25.5414,18.5162,-0.900712,-16.3138,15.9314,1.05485,-1.09001,False,6.11501,0.0458931,3.01419,-0.332277,0.0282292,-4.92066,25.406,17.108,-0.579382,-18.1208,16.6137,1.41133,-1.24522
60,100,100,1,0.29,0.015,0.0325,0.4,7.5776,-0.469162,0.0210215,-9.54691,25.156,-2.46308,0.0374791,-21.8282,16.2298,1.08309,0.0333967,False,5.63145,0.0721399,7.58966,-0.472468,0.0214399,-9.72845,24.8699,-0.597579,0.176094,-21.9346,18.8987,0.857558,-0.668576
61,100,114,0.8772,0.25,0.03,0.005,1.65,19.3337,-0.585585,0.0123277,-1.80843,54.8603,-69.5871,0.306854,-69.679,62.7845,-0.207772,-0.51795,False,9.0269,0.038618,19.3757,-0.58865,0.014431,-2.45679,48.0512,39.7387,0.989969,-75.3548,59.4559,-0.224254,0.331991
62,100,105,0.9524,0.39,0.0275,0.025,1.2,19.3093,-0.44924,0.00864199,-5.92892,42.0274,42.2483,0.526921,-64.0032,43.6751,1.65296,-0.277716,False,6.85845,0.0725819,19.3292,-0.450526,0.0092869,-6.4185,42.4303,-3.40935,0.323767,-62.0974,45.2937,0.552826,-0.273614
63,100,89,1.1236,0.12,0.045,0.0125,0.8,0.443521,-0.0890132,0.0147872,-0.755425,13.6599,334.728,-1.7846,-5.45856,6.44305,1.67137,-1.301,False,5.1109,0.0184551,0.444049,-0.0875777,0.0152729,-0.79504,14.1136,202.083,-1.68239,-6.41898,6.13479,0.991156,-0.939611
64,100,89,1.1236,0.33,0.0275,0.0275,0.6,5.00957,-0.275844,0.012663,-6.75722,26.5362,6.31194,-0.366704,-17.7336,14.8862,1.04905,-0.616533,False,6.88196,0.0881756,5.01242,-0.27598,0.0130177,-6.95032,25.6974,14.8822,-0.331233,-17.941,15.3683,0.654968,-0.526078
65,100,105,0.9524,0.14,0.0475,0.015,1.9,7.9456,-0.537887,0.0275174,-0.57116,57.0404,12.0663,0.180376,-54.444,48.1576,-0.783985,2.15343,False,7.07268,0.0234792,8.00309,-0.535453,0.0300362,-0.823183,49.1234,75.6748,1.32467,-55.2068,49.1402,-0.3812,0.427938
66,100,114,0.8772,0.31,0.0125,0.035,1.4,24.9134,-0.571237,0.00924564,-5.4164,44.5301,16.5222,0.55453,-112.039,79.9307,2.22401,-1.79636,False,11.6337,0.0532484,24.9171,-0.573684,0.0100167,-5.79233,43.4692,23.1047,0.741234,-114.839,80.1993,1.37212,-0.589503
67,100,100,1,0.19,0.0325,0.0075,1.05,6.62023,-0.423384,0.0172075,-1.83233,42.7772,61.2118,-0.069827,-37.8273,29.6129,2.22318,-2.90176,False,6.07718,0.0331681,6.63192,-0.4283,0.0217933,-2.6474,39.4695,2.83663,0.0593532,-37.7308,33.3221,0.968607,-0.780787
68,100,95,1.0526,0.27,0.055,0.005,0.7,5.29626,-0.327445,0.0173697,-4.40274,30.0965,0.866847,-0.366212,-18.7892,15.4542,1.9611,-0.101941,False,8.48172,0.111166,5.29765,-0.327087,0.0170268,-4.27946,29.7836,11.9286,-0.303046,-20.4426,17.9227,0.659518,-0.542592
69,100,111,0.9009,0.23,0.02,0.0325,1.3,17.878,-0.604864,0.0139709,-4.09382,40.5701,42.0924,0.73894,-98.8843,73.5334,3.00878,3.80075,False,5.71041,0.101933,17.8909,-0.603567,0.013889,-4.07029,41.4636,36.6096,0.920419,-97.6954,76.2119,1.44515,-0.821565
70,100,100,1,0.39,0.04,0.0125,1.75,17.8383,-0.370484,0.00729095,-3.81241,45.6493,9.80121,0.198341,-73.625,48.0295,1.0622,-2.01836,False,8.89891,0.0687108,17.8617,-0.375205,0.00785204,-4.2252,49.0294,-7.19137,0.198479,-70.0066,49.9932,0.502655,-0.243629
71,100,86,1.1628,0.13,0.005,0.025,0.3,0.0507109,-0.018733,0.00665172,-0.599283,2.61544,80.7808,-0.773832,-0.586579,0.636206,0.215517,-0.258835,False,4.23845,0.034269,0.0509258,-0.019107,0.00653312,-0.590008,2.5481,81.0512,-0.715049,-0.588554,0.573274,0.196017,-0.190284
72,100,87,1.1494,0.31,0.045,0.03,1.9,8.77676,-0.270948,0.00964625,-3.83365,43.1523,35.584,-0.265922,-54.72,43.7365,0.897363,1.21243,False,11.3474,0.0772683,8.8086,-0.268485,0.00788519,-2.98972,44.2025,13.7363,-0.181262,-54.2273,42.1707,0.905932,-0.618427
73,100,103,0.9709,0.2,0,0.0025,0.55,7.68653,-0.551965,0.026779,-5.49379,29.5837,-2.53306,0.44991,-32.5984,27.4508,0.477666,-0.932794,False,5.24519,0.0559363,7.69481,-0.552694,0.0266186,-5.46189,29.2801,5.56134,0.5581,-34.6442,30.3981,1.46635,-1.16001
74,100,108,0.9259,0.36,0.06,0.0225,0.95,16.698,-0.499746,0.0131339,-5.63481,36.0131,113.803,0.580407,-43.9224,23.197,-0.117437,0.818808,False,10.6687,0.0714034,16.7348,-0.497202,0.0125501,-5.26388,37.6577,2.30418,0.420629,-42.252,33.0149,0.224067,-0.0921687
75,100,94,1.0638,0.17,0.015,0.01,1.45,4.94565,-0.331442,0.0166803,-2.1704,44.0447,0.884532,-0.628617,-48.4958,43.0909,2.81713,-1.47071,False,5.64976,0.0299507,4.95415,-0.329142,0.0177864,-2.33125,43.1939,25.3822,-0.488299,-47.2534,41.6375,1.87912,-1.56056
76,100,97,1.0309,0.36,0.01,0.0175,1.15,13.8007,-0.392655,0.00812311,-5.42026,40.936,14.2124,0.194301,-53.97,40.8014,0.641407,-0.159886,False,7.0239,0.074998,13.8077,-0.393677,0.00983293,-6.52892,40.6888,-3.53426,0.14159,-58.7503,44.0951,0.987656,-0.60931
77,100,113,0.885,0.1,0.035,0.03,0.85,13.0661,-0.931613,0.032071,-0.680433,12.5293,229.367,3.94865,-23.742,18.0477,-5.08167,4.913,False,5.74475,0.0281227,13.0961,-0.928679,0.0266782,-0.411196,10.7579,476.413,3.60863,-24.1105,21.7315,-6.29232,5.76307
78,100,106,0.9434,0.26,0.0225,0.01,0.45,10.1939,-0.596069,0.0232534,-6.88521,27.2588,7.32777,0.875526,-17.264,25.8082,-1.21824,-0.508925,False,6.21806,0.0345654,10.1922,-0.589251,0.0228162,-6.74598,25.892,10.158,0.618154,-24.2991,21.1347,0.420509,-0.298455
79,100,92,1.087,0.23,0.0525,0.0375,1.6,6.47348,-0.297871,0.0112723,-2.19486,44.1085,-17.4561,-0.380915,-41.757,37.5263,1.87668,0.429767,False,6.54577,0.0960874,6.45055,-0.300333,0.0122952,-2.46293,42.6113,19.8832,-0.313089,-46.0802,38.8137,1.15773,-0.89627
80,100,91,1.0989,0.26,0.0025,0.015,1.05,6.63247,-0.323164,0.0127404,-4.69364,36.7114,7.61077,-0.25001,-40.923,35.0828,0.875137,-1.36527,False,5.23538,0.12,6.64584,-0.325546,0.0133924,-4.91694,36.561,10.5627,-0.235378,-41.1606,34.1824,1.40617,-1.06434
81,100,107,0.9346,0.22,0.0425,0.0225,1.35,12.7407,-0.527844,0.0162814,-2.34293,45.9253,287.807,0.457557,-58.8398,45.2233,-0.980646,0.321196,False,6.20738,0.0368318,12.764,-0.532865,0.0173777,-2.5972,44.3013,13.0534,0.708977,-57.9352,48.3154,0.339212,-0.161043
82,100,112,0.8929,0.38,0.0175,0.0025,1.8,26.1291,-0.479671,0.00751006,-4.2455,53.0948,-1.04857,0.211436,-104.042,65.4032,1.7871,-4.22153,False,8.03865,0.175385,26.1481,-0.47653,0.00818098,-4.73428,52.8946,-2.53008,0.482587,-97.1957,66.59,0.422317,-0.102014
83,100,97,1.0309,0.12,0.0575,0.035,0.65,1.99917,-0.316874,0.0375893,-1.87852,26.6971,72.385,-0.510216,-18.5485,15.6756,1.37746,-1.04612,False,5.4902,0.0307008,2.00468,-0.313219,0.0384881,-1.95113,28.014,44.8579,-1.12883,-17.103,16.1925,1.53156,-1.41911
84,100,93,1.0753,0.35,0.035,0.0375,0.35,4.91718,-0.32373,0.0183157,-11.1272,21.6229,15.8834,-0.113403,-11.899,11.1383,0.617916,-0.512126,False,7.7403,0.08505,4.91223,-0.322738,0.0172448,-10.4712,21.0858,6.57865,-0.248418,-12.0754,10.5812,0.512521,-0.423122
85,100,109,0.9174,0.16,0.01,0.005,1.7,13.3134,-0.615208,0.0220706,-2.3843,55.719,-350.11,0.885731,-91.278,80.4719,-0.0134662,0.378389,False,6.72718,0.0230129,13.3232,-0.612421,0.0190954,-2.00477,49.2287,50.1124,1.24297,-92.1563,77.814,0.775666,-0.408362
86,100,103,0.9709,0.32,0.05,0.025,1.25,14.168,-0.431626,0.014738,-5.75841,41.6759,9.48541,0.371194,-50.5706,41.1053,1.31506,-0.015789,False,10.5801,0.0895648,14.1559,-0.437208,0.0117638,-4.22227,42.7318,-2.20396,0.273757,-51.6623,40.5803,0.497226,-0.292782
87,100,89,1.1236,0.2,0.025,0.0175,0.75,2.28051,-0.214211,0.0174483,-3.27199,24.257,16.167,-0.755232,-15.5895,14.0938,0.362876,-1.94263,False,5.51636,0.0400388,2.28583,-0.213106,0.0168144,-3.14591,25.0388,61.0579,-0.894674,-16.0431,14.6037,1.058,-0.935013
88,100,86,1.1628,0.39,0.045,0.0075,1.5,9.49886,-0.257034,0.00613917,-3.27752,37.1492,-12.1261,0.0613684,-38.2296,33.5915,0.760097,-0.736457,False,7.43369,0.0835515,9.52582,-0.26048,0.00712208,-4.01088,39.2523,10.9395,-0.144978,-41.8548,31.7874,0.617633,-0.406351
89,100,102,0.9804,0.13,0.03,0.04,0.95,6.48834,-0.544029,0.0285643,-2.76306,34.7657,67.1728,1.04799,-57.1962,50.352,2.32242,-1.78899,False,5.02423,0.0331132,6.49856,-0.545664,0.0299165,-2.87865,36.939,15.2195,0.852441,-57.5844,51.5298,2.74315,-2.25259
90,100,110,0.9091,0.28,0.0325,0.02,0.5,13.7064,-0.635865,0.0188897,-6.16447,26.3928,45.1363,0.778804,-27.3179,24.3982,-1.16158,-0.672459,False,7.47,0.0718595,13.73,-0.641469,0.0195169,-6.40254,25.9931,21.5093,0.782075,-28.5269,24.1394,0.197875,-0.0867949
91,100,95,1.0526,0.25,0.0125,0.0275,2,12.1394,-0.382413,0.00975422,-3.47007,52.5824,-9.69661,0.42193,-100.566,70.5206,1.61087,-0.685182,False,6.38261,0.054472,12.1679,-0.38464,0.0103899,-3.67169,51.9439,-5.14829,0.169435,-100.735,76.7108,2.03285,-1.29028
92,100,98,1.0204,0.29,0.02,0.02,1.65,13.2661,-0.398332,0.0116872,-4.64915,47.1157,54.459,0.50475,-83.4836,59.957,1.4994,-1.31347,False,10.9549,0.066645,13.2917,-0.396076,0.0102865,-4.05962,48.4981,-5.10896,0.17059,-73.4334,56.6636,1.0707,-0.674551
93,100,114,0.8772,0.18,0.0525,0.0125,0.4,14.0611,-0.919803,0.0259607,0.211793,7.71997,250.748,3.3629,-12.0245,-1.16922,-3.12845,-0.12448,False,7.02814,0.0304814,14.044,-0.926854,0.027249,0.0302375,7.33146,218.069,2.4395,-8.49601,7.59468,-2.02371,1.84954
94,100,105,0.9524,0.34,0.0075,0.0325,0.8,15.96,-0.517038,0.0139358,-9.22777,33.8342,17.1925,0.418374,-54.3718,37.5147,0.898073,-0.256921,False,7.71144,0.0703333,15.9718,-0.515964,0.0127469,-8.53785,34.6714,2.85908,0.431249,-54.0545,41.277,1.01973,-0.606964
95,100,90,1.1111,0.15,0.0375,0,1.2,1.58261,-0.170776,0.0134773,-0.816436,25.9169,127.839,-0.911553,-17.8756,17.1312,0.974669,-1.47842,False,5.52717,0.0351807,1.59244,-0.174155,0.0167242,-1.16867,27.7432,140.902,-1.37886,-18.1816,16.8169,1.34901,-1.2233
96,100,90,1.1111,0.3,0.06,0.0175,0.25,1.78829,-0.199386,0.018759,-7.48687,13.4091,38.0563,-0.704718,-3.89861,5.28637,-0.0187065,-0.613659,False,5.77923,0.0417379,1.7892,-0.199839,0.0188425,-7.52247,13.9479,27.116,-0.648076,-4.92127,4.54752,0.39185,-0.353861
97,100,104,0.9615,0.19,0.015,0.025,1.75,12.883,-0.518087,0.0131747,-2.70287,52.034,32.8524,0.107028,-111.97,89.7243,3.16628,-1.08454,False,5.26185,0.044594,12.8958,-0.516962,0.0151456,-3.0573,50.3367,10.9209,0.696123,-111.245,89.4796,2.45953,-1.64117
98,100,115,0.8696,0.33,0.045,0.005,1.35,21.8521,-0.567459,0.0158308,-5.36671,45.0887,-10.9675,0.869297,-63.8446,21.0067,-2.06816,1.70363,False,9.4329,0.102302,21.8379,-0.558501,0.0124001,-3.53513,44.0099,20.0855,0.733362,-60.8057,46.1669,-0.134492,0.217612
99,100,99,1.0101,0.14,0,0.0375,0.75,5.68157,-0.520261,0.0319564,-5.0827,33.4615,10.276,0.616128,-43.2428,39.1607,2.44999,-1.89653,False,4.29679,0.0266113,5.68194,-0.520397,0.031867,-5.07446,33.4601,4.43198,0.578682,-43.2913,39.0298,2.38997,-1.99967
