T,sigma,r,d,K,price_ref,delta_ref,gamma_ref,theta_C,theta_id,ex_ref,theta_ref,theta_am,theta_mean,theta_sd,n,ex_freq,alpha_star,t,sig
0.5,0.1,0.06,0.0,36,0.030389909456074525,-0.028075190804737492,0.023632023648955766,-0.11985228980281731,-0.11985233669291175,False,-0.11985228980281731,-0.12074459822930539,-0.12282922408280791,0.028189103428304333,100,0.0,1.6970562748477145,-1.0560585183427642,False
0.5,0.1,0.06,0.0,40,0.7346752334357313,-0.40880969740669143,0.1846055404334556,-0.4516211421190519,-0.4516205356854417,False,-0.4516211421190519,-0.4513563204061599,-0.5073888492123988,0.26907669234534026,100,0.0,1.6970562748477145,-2.072558072840182,False
0.5,0.1,0.06,0.0,44,3.9472578427727996,-0.9998314476826817,0.0010095455039551026,2.628336911587592,2.628354580973163,True,0.0,0.0,0.0,0.0,100,1.0,1.6970562748477145,,False
0.5,0.2,0.06,0.0,36,0.49776731422403964,-0.16067008742994457,0.04494322475263238,-1.022708997365951,-1.022708943398927,False,-1.022708997365951,-1.0247771696667018,-1.0316600538426781,0.21089445015955874,100,0.0,3.394112549695429,-0.424433002857829,False
0.5,0.2,0.06,0.0,40,1.7915078750380067,-0.42559782797289836,0.07896695331842567,-1.3980176493721963,-1.3980172465523852,False,-1.3980176493721963,-1.3979781674544611,-1.325083000622908,0.4715133611825767,100,0.0,3.394112549695429,1.5468204032726658,False
0.5,0.2,0.06,0.0,44,4.3090951477714015,-0.7562851079104089,0.09070659415599767,-0.8289533750636124,-0.8289810451406607,False,-0.8289533750636124,-0.8212258859519039,-0.8895225382783254,0.7889017928963366,100,0.0,3.394112549695429,-0.7677655667677241,False
0.5,0.4,0.06,0.0,36,2.199230292473617,-0.27594327179355144,0.030512680491628596,-3.1114060075965178,-3.1114054330755208,False,-3.1114060075965178,-3.113402833754275,-3.2408588118660173,0.6048282969622211,100,0.0,6.788225099390858,-2.1403232110614274,False
0.5,0.4,0.06,0.0,40,3.9717641000702746,-0.4185921365363929,0.0366530120598614,-3.44865941652861,-3.448658569970701,False,-3.44865941652861,-3.4491288239602014,-3.5647226661114706,0.9170571486958405,100,0.0,6.788225099390858,-1.265605417807557,False
0.5,0.4,0.06,0.0,44,6.326114560350362,-0.5637160783454781,0.038886892020430296,-3.245037314044019,-3.2450367169649095,False,-3.245037314044019,-3.2435708694089627,-3.340456072962796,1.215201819476685,100,0.0,6.788225099390858,-0.7852091511833639,False
1.0,0.1,0.06,0.0,36,0.089455289463776,-0.05452647022746922,0.03049002093131264,-0.10768932042184987,-0.10768932153674851,False,-0.10768932042184987,-0.10815954930624982,-0.1023240722842042,0.03848653251251095,100,0.0,2.4000000000000004,1.3940585933278251,False
1.0,0.1,0.06,0.0,40,0.8892858456323576,-0.39011452357085374,0.15054685409853227,-0.21474285758404932,-0.21474282548026802,False,-0.21474285758404932,-0.21453356925049683,-0.21683146843643084,0.12389201596891258,100,0.0,2.4000000000000004,-0.16858316785365723,False
1.0,0.1,0.06,0.0,44,3.947423733652819,-0.9989297094143076,0.005415601579042244,2.5909265193084785,2.5909519139811694,True,0.0,0.0,0.0,0.0,100,1.0,2.4000000000000004,,False
1.0,0.2,0.06,0.0,36,0.9166063680422125,-0.19787362704938496,0.03806037632462418,-0.68803899122305,-0.6880389553869174,False,-0.68803899122305,-0.6887812979650132,-0.6542976457224641,0.17069676703784245,100,0.0,4.800000000000001,1.976683336545307,False
1.0,0.2,0.06,0.0,40,2.314035107894279,-0.40402368768095026,0.05966622464155194,-0.8008203026532712,-0.8008202316217252,False,-0.8008203026532712,-0.8007138806864766,-0.7818993097100702,0.32536246095708593,100,0.0,4.800000000000001,0.5815358319931275,False
1.0,0.2,0.06,0.0,44,4.653467996681783,-0.6648055819655913,0.0764641313068682,-0.572110954668581,-0.572110725301457,False,-0.572110954668581,-0.5708790836811417,-0.5789772932343813,0.4233224769689334,100,0.0,4.800000000000001,-0.16220113363610095,False
1.0,0.4,0.06,0.0,36,3.436506138397451,-0.2863306584336266,0.02268092415020481,-2.009774466069203,-2.009774342681665,False,-2.009774466069203,-2.0104807473408925,-2.048499447915638,0.49398416348724095,100,0.0,9.600000000000001,-0.7839316461697714,False
1.0,0.4,0.06,0.0,40,5.311898495035676,-0.3903027721004308,0.02651973583929733,-2.139085774598648,-2.1390856246868846,False,-2.139085774598648,-2.1392448001167352,-2.1712439232014695,0.5607732497303539,100,0.0,9.600000000000001,-0.5734608171535404,False
1.0,0.4,0.06,0.0,44,7.610346327295631,-0.4966456139756693,0.02910666553393101,-2.0770830666165807,-2.0770829351638262,False,-2.0770830666165807,-2.076598804556795,-2.0670887997166534,0.7887733368706334,100,0.0,9.600000000000001,0.12670644953058913,False
2.0,0.1,0.06,0.0,36,0.1712972313552842,-0.07509940088923314,0.031330104492288006,-0.06012444139952278,-0.06012443992282751,False,-0.06012444139952278,-0.06028053186737936,-0.06514477368291272,0.04735452388821346,100,0.0,3.394112549695429,-1.0601589607871655,False
2.0,0.1,0.06,0.0,40,1.0240825448369617,-0.37290368848394057,0.13008343098759037,-0.08425362218500432,-0.08425364284904824,False,-0.08425362218500432,-0.08413415081287567,-0.05478730650785637,0.10099585495005416,100,0.0,3.394112549695429,2.917576735373945,True
2.0,0.1,0.06,0.0,44,3.9479932012277,-0.9962633546448478,0.016226862684528304,2.4980932163898295,2.49809674174507,True,0.0,0.0,0.0,0.0,100,1.0,3.394112549695429,,False
2.0,0.2,0.06,0.0,36,1.4316797058115736,-0.21654398193250213,0.031089363617486536,-0.38925330564176797,-0.3892532967728699,False,-0.38925330564176797,-0.38947505732078724,-0.372228901825714,0.17734400965523903,100,0.0,6.788225099390858,0.9599649770606752,False
2.0,0.2,0.06,0.0,40,2.8845193495890413,-0.3795691909586342,0.04681811644938696,-0.41414251886262576,-0.41414250710431855,False,-0.41414251886262576,-0.414064439058226,-0.4311774162221696,0.25065664836442386,100,0.0,6.788225099390858,-0.6796108330139798,False
2.0,0.2,0.06,0.0,44,5.083146638910403,-0.5897026492451771,0.06390618171124732,-0.3247227196716551,-0.3247226582368654,False,-0.3247227196716551,-0.32427057118145086,-0.29211992584707097,0.2851433229684203,100,0.0,6.788225099390858,1.1433826850714968,False
2.0,0.4,0.06,0.0,36,4.964281236240158,-0.27860041922185597,0.01680766382275695,-1.1848831128480342,-1.1848830890060262,False,-1.1848831128480342,-1.1851258096928774,-1.1978469483419922,0.43836459514918524,100,0.0,13.576450198781716,-0.2957318094894546,False
2.0,0.4,0.06,0.0,40,6.916993593079366,-0.35517673203689554,0.01952639474010949,-1.2319347807414616,-1.231934754260704,False,-1.2319347807414616,-1.2319902437418762,-1.2551365557979628,0.5540329642154855,100,0.0,13.576450198781716,-0.4187796855978615,False
2.0,0.4,0.06,0.0,44,9.181934184355223,-0.43421733096925424,0.02192495352187346,-1.2133564305099043,-1.21335640541228,False,-1.2133564305099043,-1.2132018321153737,-1.280066487930871,0.6314471114797164,100,0.0,13.576450198781716,-1.0564631021058932,False
1.0,0.2,0.0,0.0,36,1.4356316032436087,-0.26539315695853044,0.04097398713626761,-1.3111676175787679,-1.3111675883605638,False,-1.3111676175787679,-1.311164046062796,-1.280883068053818,0.2924152397449234,100,0.0,4.800000000000001,1.0356693293881492,False
1.0,0.2,0.0,0.0,40,3.1861962452868378,-0.46017148049641576,0.049619697383071475,-1.5878303911964764,-1.5878303162582876,False,-1.5878303911964764,-1.5878427381021964,-1.5065334462721867,0.39111015748112615,100,0.0,4.800000000000001,2.078620137300139,False
1.0,0.2,0.0,0.0,44,5.71680182028694,-0.6467451973351801,0.04645485088899184,-1.4865552680385363,-1.486555228447739,False,-1.4865552680385363,-1.4865538676867018,-1.477428175689821,0.4780322160512695,100,0.0,4.800000000000001,0.19093048631969892,False
1.0,0.2,0.06,0.06,36,1.3645827984546348,-0.2534119925745645,0.03951794809555248,-1.182699404219667,-1.1826993711504015,False,-1.182699404219667,-1.1830586766226059,-1.1304104746385013,0.21401830092419052,100,0.0,4.800000000000001,2.443198986038464,False
1.0,0.2,0.06,0.06,40,3.0419651676499497,-0.4432615275503856,0.0489995668026483,-1.3854683064797868,-1.3854682276257493,False,-1.3854683064797868,-1.385880595106137,-1.365501018520101,0.3583686543106631,100,0.0,4.800000000000001,0.557171720224628,False
1.0,0.2,0.06,0.06,44,5.490669311884794,-0.6314504929289255,0.048211358264813736,-1.2133233486029127,-1.2133233057609525,False,-1.2133233486029127,-1.2136465286616271,-1.1302517046382918,0.4522653381475146,100,0.0,4.800000000000001,1.836789976098622,False
