cpu|S,label|S,rule|S,"cpu|S,sigma","label|S,sigma","rule|S,sigma","cpu|S,r","label|S,r","rule|S,r","cpu|S,d","label|S,d","rule|S,d",T,sigma,r,d,K,rep
2.983556896,0.4933435800159818,0.5025781121377881,4.45290605,0.5006637667923152,0.5019768144920055,3.936352532000001,0.4968463420913227,0.5019493307181195,4.584061369999999,0.5070100462647964,0.5030773070676782,0.5,0.2,0.06,0.0,36,0
2.811727557,0.4994825989417177,0.5004587517808095,4.272606548000001,0.4993495952659892,0.4994260153611352,4.245219218999999,0.500604996798787,0.49890288931572124,4.37039628,0.49338466986899376,0.49990192470416356,0.5,0.2,0.06,0.0,36,1
2.8598939910000003,0.49530870548347566,0.5009943872650549,4.448517592,0.4926948714993066,0.4996914988739563,4.201479003,0.49240814039370484,0.5012547172206344,3.869937330000001,0.4992368438009474,0.5011404921181726,0.5,0.2,0.06,0.0,36,2
2.678150635,0.4997191489839778,0.49986660423764007,4.405928933,0.4992685243454658,0.4995417102818516,3.549978414,0.49415115618786365,0.4985579983812296,4.013044606000001,0.4979056691489213,0.4997130350451172,0.5,0.2,0.06,0.0,36,3
2.3725800579999987,0.5000067357227307,0.49946262345973447,4.444142266999997,0.4979118948038061,0.4981828018753959,3.6926114469999973,0.49768870563554324,0.49833724131755436,3.659857744,0.4968496598406155,0.498696884024176,0.5,0.2,0.06,0.0,36,4
2.048625222000002,0.500586432093915,0.4943622723629633,4.6471957790000005,0.5040630546683809,0.4943195064774669,4.043362858000002,0.497813629869166,0.4937487305627383,4.045096351999998,0.49600329574214547,0.4944206950204448,0.5,0.2,0.06,0.0,36,5
2.3872343879999995,0.5009585701858699,0.4959237756757614,4.157391893,0.4934827158575227,0.4952850631936467,3.8147778369999976,0.4976980862106547,0.4961857017993801,3.917407568999998,0.4969748368208954,0.4950642863520251,0.5,0.2,0.06,0.0,36,6
2.027698787000002,0.49758695987397306,0.5039093282584214,4.097706156000001,0.49467002770569246,0.5043043987810725,3.8259695550000004,0.49447189222044474,0.5034589900167281,4.025264185000001,0.5044698755246434,0.5033860869943458,0.5,0.2,0.06,0.0,36,7
2.092560277999997,0.4961954702153778,0.4951733612637238,4.175978669999999,0.5005922184544953,0.496375308584665,3.466758680000005,0.4926207344678576,0.4956551443876508,3.5068078830000005,0.49549019643955305,0.49504171455775575,0.5,0.2,0.06,0.0,36,8
2.2786672299999964,0.4990970710425734,0.4961298740677751,4.305826187000001,0.4944286352153023,0.495606952568659,3.641162889999997,0.49489336126101025,0.49578059365460375,3.8918088080000004,0.49257991136963314,0.49652040850812856,0.5,0.2,0.06,0.0,36,9
2.1472995860000026,0.4968825407711875,0.5000277459117733,4.002627421,0.4970930850476616,0.4993345042057752,3.567460515999997,0.4955942384444099,0.49946559868825935,3.668543843000002,0.495276919374142,0.4999395095505126,0.5,0.2,0.06,0.0,36,10
2.1138437440000004,0.5016419679481811,0.4975603473937521,3.8153628870000063,0.4958140246717256,0.49700647441368856,3.6545346690000002,0.49599449848780053,0.4974631080176863,3.4269007309999964,0.49737945566801034,0.49717770804282657,0.5,0.2,0.06,0.0,36,11
2.1675906469999973,0.5005883665011782,0.4942113183727903,3.5996471699999972,0.4991606622162061,0.49527346944132783,3.6128941859999983,0.4993079600986342,0.4943622217092921,3.731994571999998,0.4964116052879442,0.49402281525230946,0.5,0.2,0.06,0.0,36,12
2.014826847000002,0.49693362533260677,0.498574014499489,3.7512553769999997,0.49300943449269985,0.49767314941306406,3.512212471000005,0.49277199609303646,0.498021548522039,3.451500882000005,0.4974525072032872,0.4976014662716086,0.5,0.2,0.06,0.0,36,13
2.1702711749999963,0.5025509533408429,0.4988803983278177,3.846994008000003,0.49616081256902217,0.4992583051746974,3.6719172169999936,0.4953220680031166,0.4995872031826107,4.235667063000001,0.4975721483004201,0.4998394236991965,0.5,0.2,0.06,0.0,36,14
1.9537008919999934,0.4994412658863906,0.500414212348745,3.9297684689999954,0.4933305956691881,0.5001601634009114,3.45338847,0.4954513590021535,0.5003477994308342,4.344614036000003,0.49727913114864,0.5005507575822804,0.5,0.2,0.06,0.0,36,15
2.3516172819999994,0.4955335636042385,0.49338037802268575,3.781264815,0.49743186705166287,0.4933844466874578,3.6185649479999924,0.49166057245656886,0.49256728581744286,3.5717802980000073,0.4976913040441042,0.49309674077633675,0.5,0.2,0.06,0.0,36,16
2.380524978000004,0.49761084423412694,0.5010507862862691,3.600048034000004,0.49287280127395194,0.500627539797896,3.897898535000003,0.5007550031804409,0.4998526106276928,4.061295356999992,0.5019221393799298,0.5004260149308492,0.5,0.2,0.06,0.0,36,17
2.3376812630000003,0.49418247611272215,0.4944066585881906,4.180936344000003,0.5005061722340018,0.4946039321473374,4.079496340999995,0.5002610616037518,0.4942855535760133,4.155542468000007,0.5019172565453562,0.49461527036838643,0.5,0.2,0.06,0.0,36,18
2.2031274050000036,0.5007490928486746,0.4952308972848494,3.8251178079999946,0.5025927835497642,0.4944265743668646,3.90744909,0.49438266339921466,0.4946319885834168,4.132371496000005,0.49394464331257204,0.495526829895256,0.5,0.2,0.06,0.0,36,19
2.0876335140000037,0.4976492188900423,0.495577782114523,4.286072938999993,0.49669149618493935,0.4945137221595719,3.602343676000004,0.4957056424403987,0.49545833141387885,3.7268239519999895,0.4962984794296877,0.49574281838555373,0.5,0.2,0.06,0.0,36,20
2.668016954999999,0.49817377459643913,0.4968678070433662,4.234734979999999,0.4939489272387934,0.49643780786007746,3.683839430000006,0.5022924182704352,0.4951577630463355,3.888642801000003,0.4975043659345959,0.49565492098788255,0.5,0.2,0.06,0.0,36,21
2.557106472000001,0.4950518567478859,0.4982506507528782,3.883446027000005,0.5062602985494505,0.4979604520761476,3.5727202310000052,0.5043110394858148,0.4980328035600233,3.4210129300000034,0.49661584191785063,0.4987981469515291,0.5,0.2,0.06,0.0,36,22
2.4998395540000047,0.4979115879553118,0.4986852894742331,4.4211520829999955,0.4958527760088143,0.4978528030289261,3.557467899999992,0.4982067652972311,0.498077653233144,3.3365329720000005,0.4948895571906373,0.49856472806262186,0.5,0.2,0.06,0.0,36,23
2.2038550879999974,0.4998246809775736,0.49627907983457636,4.1225683499999946,0.4987167721232566,0.4963574992973844,3.6654847570000015,0.4985579660044794,0.4965952605907496,3.7913923159999996,0.5007688266536506,0.4961147491758037,0.5,0.2,0.06,0.0,36,24
7.183398996999998,5.301117103413637,5.297336556473659,11.402247420000009,5.321956677465279,5.297401787633511,12.38507262600001,5.320183690008055,5.295553110788969,12.263520073999999,5.337623716465417,5.297042039495375,1.0,0.4,0.06,0.0,40,0
6.681790266000007,5.311866854255123,5.318327417206001,11.982064895000008,5.313070225365489,5.319849553248859,12.23444667999999,5.28880376409117,5.318451917111914,13.157071919999993,5.317762312089229,5.321290139912569,1.0,0.4,0.06,0.0,40,1
7.590340449999999,5.334436201278313,5.294343556471438,12.238311905000003,5.307255109443445,5.296503487736858,12.67781113800001,5.3432875122316315,5.294109975624624,12.905664775000005,5.299379135051685,5.29698425127814,1.0,0.4,0.06,0.0,40,2
6.859420573000008,5.285951500698,5.311662867659498,12.098185419000004,5.327837024706218,5.305738459052482,12.185815278999996,5.325425879144168,5.312184760573447,12.623850661999995,5.327066619675719,5.310782126783088,1.0,0.4,0.06,0.0,40,3
7.390294356999988,5.32939410076353,5.319904830162894,11.460254989999981,5.262299897465126,5.3186440914296815,13.129901864999994,5.278798829339691,5.321321802495953,12.06179697799999,5.300347726492902,5.312447500176567,1.0,0.4,0.06,0.0,40,4
7.34213516600002,5.303415884217858,5.305558789534521,11.82931988300001,5.291165395293165,5.302527392126572,13.194655812999997,5.308981913439137,5.302128146072812,11.679597450000017,5.292093874947799,5.30600190423875,1.0,0.4,0.06,0.0,40,5
7.813631563000001,5.294514108234874,5.28914124802674,12.368678614999993,5.330329586793329,5.295115282617687,12.417308582000004,5.29135339427705,5.290116043229629,13.199502910999996,5.308039203124077,5.29518134246146,1.0,0.4,0.06,0.0,40,6
7.0736247720000165,5.327118601910676,5.311629781384516,13.296821996999995,5.309737716583388,5.308185108986722,12.044953429000003,5.31012159518835,5.3120017246516,12.17595251100002,5.310429283269041,5.310803664988617,1.0,0.4,0.06,0.0,40,7
6.897086956999999,5.301494223464713,5.285475611272315,12.292880531000009,5.287016915249769,5.284958019104535,11.908428592999996,5.291513558143201,5.285099495421552,12.542561563999982,5.293671609790605,5.287740006652812,1.0,0.4,0.06,0.0,40,8
7.627543144000015,5.312640026765558,5.3154850285798,12.68984871500001,5.3184337760797264,5.317928157932055,13.13077816400002,5.297115164575674,5.317803436827408,13.296060571000027,5.341764334060148,5.312741999294543,1.0,0.4,0.06,0.0,40,9
6.94842022200001,5.322191800077777,5.3177092957901175,12.686433981999983,5.24768598134433,5.314409503732442,12.259280772000011,5.297217367959018,5.314849806286475,12.332133165000016,5.2858670740256075,5.314577480849161,1.0,0.4,0.06,0.0,40,10
7.000377772999997,5.314697825816971,5.320344457753917,11.850394875000006,5.3137290007837175,5.319477279384356,12.532312308999991,5.321021566857974,5.317876248071692,12.148560301999993,5.2712755558619,5.318176431160582,1.0,0.4,0.06,0.0,40,11
7.19379535600001,5.326461662727425,5.3124465125118085,12.773484909000018,5.316488195495176,5.312745526096463,12.184580006000004,5.3309432419772875,5.305979392569456,12.62917072199997,5.2992361385830655,5.313655806649716,1.0,0.4,0.06,0.0,40,12
7.324316223000011,5.306457453703241,5.297752992392507,12.810965469999985,5.301310206935751,5.2961589057985226,11.718177002999994,5.309055154968282,5.293968466449711,12.553302283999983,5.3203635934091835,5.29012589206542,1.0,0.4,0.06,0.0,40,13
7.809837318000007,5.291147687087301,5.3069870717759375,12.225988236999996,5.302846861177117,5.3076702806346185,12.711781443000007,5.288877526779773,5.308100057677465,12.298944844999994,5.318844341592065,5.3102117195641805,1.0,0.4,0.06,0.0,40,14
7.158112872000004,5.310448632498647,5.309278272494475,11.774013955999976,5.31726756107568,5.307517538321191,11.632103877999953,5.300301428216619,5.3091193420563645,12.013823654999953,5.31399487667835,5.312606936144172,1.0,0.4,0.06,0.0,40,15
7.130706317000033,5.302043843712837,5.32987909938057,12.276721217999977,5.2971574684254,5.329270231323343,12.493771943000013,5.328318782981551,5.3277878355575865,11.778722458999994,5.284771065142666,5.332934222511889,1.0,0.4,0.06,0.0,40,16
7.619089734999989,5.298775048439837,5.303743926468566,12.056266348999998,5.276790793149782,5.304221762782127,11.910756738999964,5.314739214414912,5.296043946600751,11.717725914000027,5.31598707986438,5.303774740087187,1.0,0.4,0.06,0.0,40,17
7.47039889499996,5.298664049309726,5.326918925691248,11.536514764999993,5.301872917529436,5.323687995522107,12.025351925999985,5.298453160424993,5.328188635142832,12.017230471000005,5.310271897723344,5.32339598304195,1.0,0.4,0.06,0.0,40,18
7.154571970000006,5.329109677939431,5.306511083248121,11.919921147000025,5.313154066467461,5.305272682806176,11.774874304999969,5.294206471590458,5.305789105777151,12.20124234800005,5.296008358180309,5.3095974207095775,1.0,0.4,0.06,0.0,40,19
7.252237382999965,5.317585001779423,5.312734356514542,13.050209361000043,5.30413420060421,5.314723829746596,12.083910325999966,5.335617203961269,5.311370088782459,11.801443234999965,5.273735742330175,5.30957050301283,1.0,0.4,0.06,0.0,40,20
7.369231936999995,5.324988711434743,5.30495411070454,13.203049390999979,5.308789763535459,5.303310047881653,12.372254424000005,5.304538998537935,5.299400064840616,12.126053817000013,5.262823262787806,5.30074978137721,1.0,0.4,0.06,0.0,40,21
7.718755541000007,5.309223034335803,5.295365784148488,12.235244274000024,5.300956543230922,5.2927694079232985,12.486612140000034,5.310922225838628,5.29564698840957,12.842095755999992,5.316130865599007,5.292866199834805,1.0,0.4,0.06,0.0,40,22
7.604137200999958,5.346625853410429,5.32475376904573,13.142835523999963,5.321550239719765,5.323221492771148,12.19381675599999,5.288238978295475,5.32048907816156,11.657427125000027,5.3114205395762415,5.322482631145162,1.0,0.4,0.06,0.0,40,23
7.5537847490000445,5.311419469050807,5.302385816365661,11.568435411999985,5.281090969534007,5.304509195045683,13.18176577700001,5.33435379677023,5.302385230700419,11.744408647,5.327614624333368,5.303175633426201,1.0,0.4,0.06,0.0,40,24
12.91438653199998,2.8844559372194842,2.8749640399523186,19.293507455999986,2.887635175383194,2.87548247461186,18.736364482,2.895927926815929,2.874358461358929,18.754158930000017,2.8770654874607464,2.8753006819330853,2.0,0.2,0.06,0.0,40,0
13.123651321000011,2.879604106501361,2.868374698946882,18.96872158800005,2.874054329592273,2.863940846002947,18.995580555000004,2.895330203413557,2.8667855053349025,18.25140841199999,2.876455973588497,2.8659846279722254,2.0,0.2,0.06,0.0,40,1
13.52766793699999,2.8808157803109196,2.886982039970066,18.92468884499999,2.892005463792721,2.8832225148981445,19.84312755100001,2.890105814145251,2.885008430686211,19.252892271000007,2.87345058750806,2.8834803266944675,2.0,0.2,0.06,0.0,40,2
13.271127313000022,2.8819660830368896,2.8836417136793564,18.04407857199999,2.8819929402031472,2.884490783305137,19.249583943000005,2.858921405284595,2.8839567936282604,18.97011667099997,2.8916065914004005,2.88701615625791,2.0,0.2,0.06,0.0,40,3
12.841320214000007,2.878660592184298,2.8867319875995,21.038127968000026,2.9179033094463183,2.885579928019678,19.399195151000015,2.868173520163668,2.886680080197298,18.890123544999938,2.8811259660138346,2.8845022749247913,2.0,0.2,0.06,0.0,40,4
14.104611137999996,2.892420164740586,2.9002414306251434,18.71614914700001,2.84963322690078,2.900330337244511,18.727000069999974,2.8712673815315926,2.9015494892072873,20.759570526000005,2.881963599400991,2.9005132687222677,2.0,0.2,0.06,0.0,40,5
14.47707882200001,2.8936544648348326,2.871257191393323,19.438817444999984,2.87478272572174,2.8717305022106174,19.96180153299997,2.896237300391873,2.8704637805814763,19.493169572000056,2.858448915542839,2.8718592005914134,2.0,0.2,0.06,0.0,40,6
13.898033430999988,2.881540477900668,2.9046523729802676,18.74670975300006,2.888846060910474,2.905406458874528,18.91624764300002,2.8542250777358396,2.90305946301811,19.50308168999993,2.905182552071458,2.904120578573124,2.0,0.2,0.06,0.0,40,7
13.147288974000048,2.9004364185884404,2.8866351072402674,20.477813159999982,2.8739731726145594,2.8840820836081136,19.2143190810001,2.903110010018259,2.887124595845631,18.416051169999946,2.883455331660909,2.885958336286994,2.0,0.2,0.06,0.0,40,8
14.319447566000008,2.881256794658655,2.882753687617902,19.063973490999956,2.8822396918150273,2.8826618653630236,18.328414006000003,2.8941986043104357,2.880718018214779,19.966711327999974,2.8627490880517237,2.8815391500018905,2.0,0.2,0.06,0.0,40,9
13.211812397000017,2.859538543568781,2.8830691471774097,19.464445755999918,2.878171200203513,2.8786282825081138,19.69451176000007,2.890512895093561,2.8827221461158814,20.10451178400001,2.847735039786267,2.8788311690139783,2.0,0.2,0.06,0.0,40,10
13.850875703000042,2.881601207878855,2.887577248824602,19.04099506900002,2.8809100800587246,2.8865156504928473,18.441751841999917,2.8926533722367513,2.885835924376624,18.853936707999992,2.8648277128671333,2.8865407067096154,2.0,0.2,0.06,0.0,40,11
13.083783505000042,2.869058240532365,2.875825133202926,20.33374449500002,2.909363779211705,2.878863213366737,18.74588152399997,2.898284933557169,2.878924412621589,19.247143069999993,2.8714052749453756,2.879177255628042,2.0,0.2,0.06,0.0,40,12
13.531391269999972,2.871406874697054,2.873205718555158,18.854985601999942,2.8824988718797364,2.8730392225199,20.10386841600007,2.8986303474155815,2.873411547635382,19.75258166200001,2.8724714541905323,2.871431780093932,2.0,0.2,0.06,0.0,40,13
12.761120857000037,2.8743660232284114,2.8880509737783533,19.761247510999965,2.8833032322095047,2.8825126432882153,20.47090747499999,2.8586397812313376,2.8875397995435286,20.233097589999943,2.8544628018098925,2.888252738384306,2.0,0.2,0.06,0.0,40,14
13.819643490999965,2.8791589937023065,2.88500516627777,18.541081298999984,2.846226666666444,2.8826137734570105,18.392861274999973,2.8849594037787334,2.8863906605910152,18.386122623999995,2.8824547900490245,2.8851062390471656,2.0,0.2,0.06,0.0,40,15
13.928496168999914,2.893197121767124,2.8761683226694235,18.897242636999977,2.8728556274840167,2.8777027180411148,20.166474167000047,2.901785964139148,2.8759836931593035,19.96109724300004,2.896666739203665,2.8735090844119044,2.0,0.2,0.06,0.0,40,16
13.355634697000028,2.889661092306214,2.881888929964687,21.46977591999996,2.9056118745251065,2.8804746861822164,19.465134114999955,2.876199359198453,2.8796100538992353,19.26358123,2.866040832694769,2.8809768274030834,2.0,0.2,0.06,0.0,40,17
13.024898164999968,2.8944418548522024,2.8891451569517272,20.505247663999967,2.880379905452883,2.8865601377547363,19.003536504999943,2.895735889560837,2.886758839237421,18.767062815999907,2.865787926058812,2.8868370054473025,2.0,0.2,0.06,0.0,40,18
13.97945421899999,2.8724869972071327,2.8816172171629386,19.398800326000014,2.858327858768486,2.8822441247102364,19.08647635500006,2.867471322338428,2.881124498693535,18.728781845999947,2.8652106032628932,2.8823696896632196,2.0,0.2,0.06,0.0,40,19
13.974965158000032,2.8723587139904203,2.8731250320776525,19.11139394899999,2.8892713470165923,2.8744634136247837,19.196910246000016,2.883334554721408,2.8721085978228507,19.77923278300011,2.877326998897747,2.8691320167792003,2.0,0.2,0.06,0.0,40,20
14.073630478000041,2.8912036407659505,2.883972578274828,21.051848153000037,2.8784237573793616,2.8790048242571213,19.862341539,2.850558244783307,2.882269996103224,20.108854814999972,2.861198155892605,2.8839461164841103,2.0,0.2,0.06,0.0,40,21
12.784155860000055,2.8913688581980894,2.872673993131932,19.907371822000073,2.89520638070753,2.8703741305364385,18.901828987000044,2.8662524922899935,2.871813584566726,18.84358289399995,2.8976698849973195,2.872619154581608,2.0,0.2,0.06,0.0,40,22
13.984334399999966,2.8785743020947443,2.8748730061951324,19.403902950999964,2.898514428130193,2.8745753278108497,20.256802333999985,2.8829004692523177,2.8745539984230066,18.648509976000014,2.879101327741981,2.8753305153078847,2.0,0.2,0.06,0.0,40,23
13.760644089999914,2.8944291327420757,2.8740628376579207,18.751039488999936,2.8974083083987736,2.8722273298942893,17.860341532000007,2.880603685615191,2.8739629745850728,19.39345269599994,2.8785706786543797,2.875694851576171,2.0,0.2,0.06,0.0,40,24
5.266816957999936,1.360419897899055,1.3729194785887944,7.376831315999993,1.3646042815807267,1.3733250393622138,7.536575325000058,1.3609887680271675,1.371580163277414,7.5679542689999835,1.3675091890262319,1.3734407637448494,1.0,0.2,0.06,0.06,36,0
5.138355286999968,1.3619233379370017,1.3682532522345559,8.219845163000059,1.3606025626142,1.365879029736475,7.643276397000022,1.3677940186605622,1.3669307016529453,7.379925327000024,1.371909148626428,1.366747708103157,1.0,0.2,0.06,0.06,36,1
4.620930950999991,1.3598448575072442,1.3597465793881007,7.244661873000041,1.366787699401012,1.360285870401143,7.3055487279999625,1.355483502478744,1.3594325259152553,8.502262238000071,1.3704267768198157,1.36028675698103,1.0,0.2,0.06,0.06,36,2
5.07325006699989,1.3663438094624067,1.3658489240203746,7.693018024000025,1.368240025578027,1.3681493719455027,7.566277830999979,1.3757105946053074,1.3676764699585244,7.614995109000006,1.3683112162542128,1.3658600089337654,1.0,0.2,0.06,0.06,36,3
5.076978353999948,1.3627412953271538,1.3637437636101817,7.255462608000016,1.3611019989126925,1.3627046653667674,7.20029707499998,1.3712773969233545,1.363066135036993,8.303938346999985,1.3664743748355526,1.363302473755318,1.0,0.2,0.06,0.06,36,4
5.141514460000053,1.3629529620412049,1.362684884446203,7.709066317000065,1.3586434140756412,1.3641806753477106,7.564850848999981,1.3550527469140186,1.3618108737630183,8.169047621999994,1.3678511147246275,1.3613605554066166,1.0,0.2,0.06,0.06,36,5
5.308948858000008,1.361973545428607,1.3646905098373503,7.099484617999906,1.3654151467754172,1.3663424710769971,8.013366528999995,1.3614613899639463,1.364893073921009,7.923286070000017,1.3693686892609476,1.36520395918822,1.0,0.2,0.06,0.06,36,6
4.708894022999971,1.3634599279238513,1.3598976840789563,7.382673195000052,1.3681912448052127,1.362493474899669,7.863453918999994,1.3674128988502046,1.361763285104779,8.39434826999991,1.3674979140140313,1.3611118171848224,1.0,0.2,0.06,0.06,36,7
5.278842189999978,1.3659678624167537,1.3680913702508237,7.764832609999985,1.3644947008591857,1.3678782645174585,8.722647381000002,1.366422404822829,1.366158698258928,7.8193820019999976,1.3626265946797178,1.3677572094250052,1.0,0.2,0.06,0.06,36,8
5.106268444999955,1.3652937327403794,1.3577392243331339,7.315934711000068,1.3563294950414948,1.3562693072127434,7.871109284999989,1.3680833980890998,1.3571498304610785,7.255415812000024,1.3554840588843966,1.3573418735159535,1.0,0.2,0.06,0.06,36,9
5.201953280999987,1.3636832383586255,1.3613994389018402,8.08674196600009,1.3743276830384588,1.3617161264549087,7.784243480999976,1.3688361026327953,1.3630873207264658,7.628718165999999,1.3652837932914748,1.3615018398776046,1.0,0.2,0.06,0.06,36,10
4.899281690999942,1.3634435251090007,1.3623172319552064,8.463606066000011,1.3639390873153616,1.3623885033818603,7.373354623000068,1.3634727392900534,1.362092922132722,7.435737827000025,1.367724123596009,1.3623170161284517,1.0,0.2,0.06,0.06,36,11
4.496364944999982,1.3627808882803352,1.3632327383533793,7.975607325999931,1.3515968470708033,1.364996029884517,6.927035049999972,1.3538423109807665,1.3647278325214556,7.327469613000062,1.3571968095545965,1.3634694812065462,1.0,0.2,0.06,0.06,36,12
5.227941580999982,1.3636606281992762,1.3589323991347682,7.485780518999945,1.362240403682603,1.3571819030255796,7.233867851000014,1.3536362114792615,1.35889251391277,7.364511332000006,1.3639481453201538,1.356749508975407,1.0,0.2,0.06,0.06,36,13
5.138765809000006,1.3579005262207453,1.3682918365434231,6.91983596099999,1.3647658173589707,1.3648665822471053,7.833902104000003,1.3629023897872732,1.3666369069917328,7.253148913000018,1.3669766728168924,1.3646850118184979,1.0,0.2,0.06,0.06,36,14
5.208186882999939,1.3596458867694192,1.3642305449921646,7.083775152000044,1.361643100028304,1.3626570348502887,7.491136967999978,1.3594670971804383,1.3650855633634447,7.030718051999997,1.3483155111519725,1.3643118078883194,1.0,0.2,0.06,0.06,36,15
4.845458522999934,1.3666511003968167,1.3612958069743912,7.541011524999931,1.3583411774692415,1.3618314898508284,7.410266589999992,1.3640389701717108,1.3599585695154544,6.99005152999996,1.3651499205735194,1.361121832245109,1.0,0.2,0.06,0.06,36,16
4.684590658000047,1.3662572299975828,1.3628302740881517,7.564575319000028,1.3702038525457274,1.3603015050376328,7.628286620999916,1.3685994690311032,1.3619240321270552,7.402663460999975,1.3663100583617862,1.3606287126584793,1.0,0.2,0.06,0.06,36,17
5.0509777150000446,1.3592465593236744,1.364863406950266,7.148692390000065,1.3633447117695943,1.365905492557132,7.708667777999949,1.3554608626226818,1.3651239000709467,7.468355082000016,1.3661946418879185,1.366956965977494,1.0,0.2,0.06,0.06,36,18
4.52948482499994,1.361476266867175,1.3612142303929484,7.801255562999927,1.357675089604074,1.360539149456112,7.524309683999945,1.3687699934938653,1.3592385774189886,7.404910188000031,1.368314343719587,1.3603998584288302,1.0,0.2,0.06,0.06,36,19
5.023416011999984,1.3613746588443538,1.3624191801807959,7.582181786999968,1.362417412623897,1.3626281686993196,7.7348887570000215,1.3686950037568262,1.3648507871344813,7.98360908799998,1.3614916907311616,1.3626053368772753,1.0,0.2,0.06,0.06,36,20
4.709489732999941,1.3639601999756776,1.3605613124678497,8.204552766000006,1.353207585456556,1.3599060264003824,6.986085543000058,1.3631854410038564,1.3587042838169694,7.1162640689999535,1.3684991001878513,1.3602865086469038,1.0,0.2,0.06,0.06,36,21
5.105136399000003,1.3621116131271114,1.3637567894518012,7.200449316000004,1.3652220944249647,1.3654670863460519,7.410726233999981,1.3599615663944422,1.364866642019291,7.17000129500002,1.3606913982923299,1.3654704980208459,1.0,0.2,0.06,0.06,36,22
5.050842041999999,1.364674082380528,1.3593277458803308,7.301348980000057,1.3705239485041083,1.35854046216215,7.124928372999989,1.3654052295761774,1.359760025061166,7.141842014999952,1.3641607825838074,1.360362167152848,1.0,0.2,0.06,0.06,36,23
4.75038847899998,1.363034297162149,1.3574539544506574,7.303153236000071,1.368422515619396,1.3580421189177068,7.15256680199991,1.3602396734500761,1.3593719623366014,7.520233360000134,1.3628503006661823,1.3605440739540742,1.0,0.2,0.06,0.06,36,24
4.507025611000017,1.4354217328852061,1.4355368911920487,7.630275344999973,1.4366794230654294,1.4320888929643363,6.939056978000053,1.4381373177880887,1.4365196950771992,7.177702854000017,1.4419280131946552,1.4342000408013573,1.0,0.2,0.0,0.0,36,0
4.917493896999986,1.4343064769577247,1.4359132280111035,7.083161460999918,1.437952160085365,1.4345009088209963,7.4446613480001815,1.4355687856192272,1.4352807735220563,7.510278949999929,1.436834365877572,1.4347384224182658,1.0,0.2,0.0,0.0,36,1
5.20525102900001,1.4323624029834008,1.4355078374019548,7.2482677320001585,1.432567836826333,1.4369213305357347,7.1659509940000135,1.4348706907960267,1.435543033517235,7.3458044700000755,1.4334105839794071,1.4363790152256728,1.0,0.2,0.0,0.0,36,2
5.020228091000035,1.4357680762865679,1.4388343038604068,7.198026157000186,1.4279142844317665,1.4319727001209817,7.198073464999879,1.4356927047988262,1.437969715891649,7.834868844000084,1.429586311177452,1.4330639204835878,1.0,0.2,0.0,0.0,36,3
4.727022476000002,1.4355112725729593,1.4305640679139293,7.839404145000117,1.435297976745525,1.432147529757926,7.972658504999799,1.4308922387848608,1.4317746002879659,8.201261853999995,1.4301000494390972,1.428701827443848,1.0,0.2,0.0,0.0,36,4
4.907402967999815,1.438296347269146,1.4353311738578545,8.129292751000094,1.430026631932411,1.4362860384487306,8.144152376999955,1.4383638791951732,1.4362093743654996,8.544497481000008,1.434690305539809,1.4326474016080128,1.0,0.2,0.0,0.0,36,5
4.798354293999864,1.4384625286524526,1.4368533718449756,8.43713369499983,1.426657646562783,1.4370382632879601,8.298180550000097,1.438035263245048,1.4381037057371486,8.264771095000015,1.4435046403617966,1.4351760062713965,1.0,0.2,0.0,0.0,36,6
5.542524133999905,1.4332874558662951,1.4342413104479714,7.39840931599997,1.4432202793441093,1.4357185278904816,8.094119156000033,1.4431861758517797,1.4317449607158594,7.381228674999875,1.4391434272411707,1.4339388728303184,1.0,0.2,0.0,0.0,36,7
5.6994335980000415,1.4362324762724445,1.4356813393938532,7.970049762999906,1.4329992214312735,1.4356866755308324,7.2830313580000166,1.432526206544505,1.4338926399836647,7.476629865999939,1.4331960987960297,1.4365553802839468,1.0,0.2,0.0,0.0,36,8
5.136683345999927,1.4314432269326451,1.4352450490384365,7.3187371609999445,1.4316011976288032,1.4349667489649889,7.624548513000036,1.42781004837154,1.4346445213997039,7.61500640600002,1.431562605783642,1.4350097726442863,1.0,0.2,0.0,0.0,36,9
4.871035823999819,1.4353295176936562,1.4366049441540676,7.850059525000006,1.433978780847674,1.4339005335991726,7.4877741140001035,1.4369897991844054,1.4344495644944706,7.1942669410000235,1.4439791018336356,1.4367340255791898,1.0,0.2,0.0,0.0,36,10
5.06288183599986,1.4348821849361575,1.435130970366511,8.20914938399983,1.4282314976682609,1.4297861507192033,7.472448681999822,1.4366834720091513,1.432917209205876,7.4212888060001205,1.4428727519327536,1.434542570030805,1.0,0.2,0.0,0.0,36,11
4.8818574290000925,1.4348247328571142,1.4338239367030106,7.121671467999931,1.437285755386754,1.43608509922789,7.302855046000104,1.4370295428270607,1.4355143305632625,7.171928321999985,1.4372209384827805,1.4359531767838662,1.0,0.2,0.0,0.0,36,12
5.027996711000014,1.4341762643698939,1.4332761760759118,7.202082561999987,1.44133093414103,1.4346604698117331,7.405303705000051,1.4359278628379604,1.4346513081282926,7.271125490000031,1.4351408042751286,1.4352348449191095,1.0,0.2,0.0,0.0,36,13
4.599406654999939,1.4363213436770885,1.4306270090949982,7.512362499999881,1.4308966500443978,1.4338315907978727,7.183818563000159,1.435623154933326,1.433387920343839,7.299828413999876,1.4392248781053485,1.4325226288519428,1.0,0.2,0.0,0.0,36,14
5.043575232999956,1.4400429742001584,1.4350962372522091,7.157616085999962,1.4359163158843715,1.4355122844257542,7.478698868000038,1.4390832405716005,1.4378332314554003,7.204892238999946,1.4334637686932161,1.4331288607690142,1.0,0.2,0.0,0.0,36,15
4.680736243999945,1.432755637916762,1.4315416716843061,7.569914331000064,1.4390781047133567,1.4298320289612096,8.067795151999917,1.4283709442482215,1.430672754526762,7.57654080400016,1.4344726635164238,1.4326354116596371,1.0,0.2,0.0,0.0,36,16
4.950972660999923,1.432077709478895,1.4314691872457297,8.089118675999998,1.4283905081117763,1.4314802852474595,8.025786974000084,1.435574709163333,1.4304067015288264,7.0985556890000225,1.4340440697498489,1.431346318953227,1.0,0.2,0.0,0.0,36,17
5.913900912999907,1.4355228897102659,1.4384449265984496,7.87020770800018,1.4417204274487276,1.4369432232441102,7.543724036000185,1.4339431833509686,1.4395558731409779,7.205207260999941,1.4383013490487147,1.4398411878703363,1.0,0.2,0.0,0.0,36,18
5.381856458000129,1.4355193309374077,1.4345286152779682,7.49487625200004,1.4365141851296144,1.434823522829927,7.706031642000198,1.4359590077211866,1.43499506152879,7.49189083300007,1.4424159406939,1.4364571256486085,1.0,0.2,0.0,0.0,36,19
4.703580681999938,1.4349942238381994,1.4327110637211844,6.982380924999916,1.4278623369217556,1.4315756577143899,7.743073122999931,1.4336183714124895,1.4351205459039216,7.94421337599988,1.4382037482291268,1.4310302549203964,1.0,0.2,0.0,0.0,36,20
4.9534987310000815,1.4363050675872453,1.4354960164877995,7.865409372000158,1.43199167877853,1.4324106464048303,7.784630706999906,1.4352676259326542,1.434591004982406,8.148275311000134,1.4279456844859268,1.4352273445729185,1.0,0.2,0.0,0.0,36,21
4.666168868000113,1.4336817353064735,1.4324788130382864,9.247847602999855,1.4321901742132976,1.4339745377893105,7.328556832999993,1.43766526749613,1.4353395201027828,8.041149962999953,1.4326529527644811,1.4353290674381962,1.0,0.2,0.0,0.0,36,22
5.320017400000097,1.4309340013365983,1.4330295737052212,7.528944114000069,1.436897881216,1.4339601351998763,7.851126013000112,1.4382464806362667,1.4354625487294472,8.004279076999865,1.4425376194123263,1.4352075472927635,1.0,0.2,0.0,0.0,36,23
5.333169170000019,1.440429991595974,1.4342638712769218,7.5178916790000585,1.43320276757921,1.433406172619609,7.735788537999952,1.4359951294705102,1.4343916777972265,7.440381651000052,1.4277333268832766,1.4333989299720726,1.0,0.2,0.0,0.0,36,24
4.121779425000113,6.304010972315472,6.3261595846763,8.708105765000028,6.3217528634002935,6.332012986643581,8.032812026999864,6.333442612126587,6.327058923398969,8.555390468000041,6.30559470543083,6.3286996430635245,0.5,0.4,0.06,0.0,44,0
3.876741481999943,6.310075487897437,6.302222354571358,8.744920051999998,6.340750371505152,6.305615623935985,8.197451550999858,6.327577189306023,6.304750527460177,8.83260937,6.304994396889473,6.309706748007478,0.5,0.4,0.06,0.0,44,1
4.042961572999957,6.325794891159191,6.338009044584416,8.255776835000006,6.357924265917303,6.333099925428869,8.396024296000178,6.332421793176517,6.331207224150877,8.277990746000114,6.327585060164413,6.334444741328171,0.5,0.4,0.06,0.0,44,2
4.568730189999997,6.336389394598673,6.331411386066458,8.379586251000092,6.313066138204115,6.32855100237877,8.303176944999905,6.295482191683272,6.329343688236255,8.17588088299999,6.307108719312,6.3347502013587285,0.5,0.4,0.06,0.0,44,3
4.253293051000128,6.337391496335946,6.298911792273281,8.183551725000143,6.314658101582894,6.294321176779917,8.10304558300004,6.313368402759144,6.294807591744272,8.265827982000019,6.31419692770342,6.295204553402263,0.5,0.4,0.06,0.0,44,4
4.12921087299992,6.303821009980546,6.313417003378053,8.024837618999982,6.337496348012559,6.310661185823505,8.25694515300006,6.329517849519999,6.313589141759392,8.325193474999878,6.341137979366432,6.31601330491942,0.5,0.4,0.06,0.0,44,5
4.4085907160001625,6.297407728914465,6.321352672526656,8.197902242000055,6.34782783808445,6.316561560032335,8.274460199000032,6.359645518957134,6.3198701194100355,7.947051099999953,6.297415206787649,6.319040790100549,0.5,0.4,0.06,0.0,44,6
4.2939975570000115,6.337237850399741,6.3104218801467065,8.31182720300012,6.285292006675692,6.307586582087998,7.869794877000004,6.296539225115517,6.312198737627386,8.080223222000086,6.317073369241061,6.308255923927869,0.5,0.4,0.06,0.0,44,7
4.032875542000056,6.317197696459087,6.317871119626195,8.004294762999962,6.315358011777734,6.31423347964294,7.567413177999924,6.3436678097131525,6.316644633328155,7.843812524999976,6.312878543510862,6.3147337644343535,0.5,0.4,0.06,0.0,44,8
4.003728286000069,6.3175484324270474,6.327357436894955,7.730387632999964,6.30999096868005,6.330134855207198,7.830075566000005,6.334647660382727,6.329586483934196,8.01683065300017,6.292984195173736,6.325352833470301,0.5,0.4,0.06,0.0,44,9
4.106592788999933,6.327793634256356,6.312958259629999,8.444608611000149,6.327460843379449,6.316719935915019,7.748521496999956,6.317426601438594,6.314989004619751,7.728552291999904,6.269007738570488,6.314334346633482,0.5,0.4,0.06,0.0,44,10
4.249009085999887,6.33080075622687,6.3376724331199705,8.006454437999992,6.316030432525327,6.336336772226499,8.641743180000049,6.325293402251627,6.338910431974632,8.301445875999889,6.335165147968545,6.339050774533075,0.5,0.4,0.06,0.0,44,11
3.9439670470001147,6.331683302971228,6.338707754394717,8.257744828000114,6.312119802591842,6.335002355625732,8.404534398999886,6.360731572368084,6.339098144227797,8.31463577500017,6.324781663677632,6.337895512659166,0.5,0.4,0.06,0.0,44,12
4.099861646999898,6.334104164525013,6.315235613289138,7.841111250999802,6.301593901266948,6.313481396568339,7.963427302999889,6.361907774996496,6.315000302433944,8.84347323299994,6.343613586311946,6.316587574634559,0.5,0.4,0.06,0.0,44,13
4.2958268889999545,6.328994638674074,6.305441125883649,8.236216736000188,6.323455281883784,6.307006671263503,8.117858451000075,6.310424483929224,6.305699235559807,8.015531296999825,6.317156498837792,6.305805409630864,0.5,0.4,0.06,0.0,44,14
3.9727284809998764,6.311594932926448,6.309949370644151,8.249427580999964,6.319655879133576,6.314912904594721,8.377327888000082,6.339571758101521,6.311000080673341,8.425056362000078,6.345111661290505,6.311623930541294,0.5,0.4,0.06,0.0,44,15
4.124697099000059,6.323071811033498,6.3075430801907375,7.928306740999915,6.348717455467931,6.303642218395998,8.180943591999949,6.324267151366522,6.30431952229093,8.11326919499993,6.338529877684152,6.302958307603106,0.5,0.4,0.06,0.0,44,16
4.072207854999988,6.327649598005952,6.315379448576026,8.535105179000084,6.343473337898635,6.314409567173771,8.026422177999848,6.330747486940891,6.3132707058413216,8.14564931699988,6.314840807544766,6.3172718287174385,0.5,0.4,0.06,0.0,44,17
4.003664410000056,6.318627126468587,6.314111113374654,7.953832829000021,6.304166049155354,6.3138432389596435,7.668770719999884,6.349532013932814,6.3166078126434115,7.8549207549999664,6.305768873282266,6.311628318653267,0.5,0.4,0.06,0.0,44,18
3.9139754899999843,6.32034800180071,6.330389751772357,7.982793731999891,6.326332758862453,6.325571863839256,7.91020903399999,6.350785701885261,6.329019576297543,7.980266191000055,6.340628811837187,6.327322865658864,0.5,0.4,0.06,0.0,44,19
4.381697499999973,6.356605148427369,6.303097748002052,8.70498251999993,6.309424694078544,6.302051496265464,8.30604930000004,6.311797343911303,6.301689115695101,8.352500899999995,6.339013362856642,6.305986140217818,0.5,0.4,0.06,0.0,44,20
4.031399300999965,6.324631927659699,6.306685118450006,7.550784971999974,6.32766749113829,6.303558864905806,7.663691552000046,6.339232791946767,6.300967468906593,7.817861747000052,6.327753994024774,6.300832281773538,0.5,0.4,0.06,0.0,44,21
4.294917590000068,6.302319115006718,6.321789356533282,8.307694501000014,6.312998000600463,6.320445849401691,8.06718816900002,6.3100486209930775,6.320003880151771,7.81432097600009,6.298059074458276,6.317987168606847,0.5,0.4,0.06,0.0,44,22
4.183761381000068,6.328673924280516,6.338025630759398,7.586131828000134,6.299047256616745,6.33980707476857,7.405263462999983,6.316509787341138,6.336759791334513,8.017809338999996,6.321276422810371,6.335624049857449,0.5,0.4,0.06,0.0,44,23
3.9843502310000076,6.3363785294122765,6.300318468004835,8.100137888000063,6.3208514160767875,6.299576272145944,7.620531023000012,6.344888218231444,6.299139769706829,7.824672163000059,6.354762339030076,6.301567131493543,0.5,0.4,0.06,0.0,44,24
