T,sigma,r,d,K,variant,rep,rho,delta_r,phi,delta_d,price_r,price_d
1.0,0.2,0.0,0.0,36,sym,0,-11.483837789743081,1.6614517592010742,10.108751120596402,-1.3269700680408165,1.4394822144700612,1.430025559305618
1.0,0.2,0.0,0.0,36,sym,1,-11.622540665723129,1.710948903381322,9.980827678112801,-0.9692819003392315,1.4361722575567615,1.4406593955216236
1.0,0.2,0.0,0.0,36,sym,2,-11.707879403005771,1.0731795038180836,10.156770161638816,-1.2647439969082963,1.4351356305619285,1.4354489265905053
1.0,0.2,0.0,0.0,36,sym,3,-11.305653160342034,1.2113493086674558,10.692644349528429,-1.2382653416366787,1.4338602343385813,1.4339362141670902
1.0,0.2,0.0,0.0,36,sym,4,-11.295189503767736,1.229438253165444,9.880133153592968,-1.0428344842815889,1.440171442692905,1.436712688425643
1.0,0.2,0.0,0.0,36,sym,5,-11.30997876801109,1.4810799847065186,10.201098776820237,-1.4868642026863863,1.4325217473301237,1.4213234809949145
1.0,0.2,0.0,0.0,36,sym,6,-12.047771029287345,1.6983709690981075,10.208629362822192,-1.5692414107547341,1.4309088476686354,1.4335788430466532
1.0,0.2,0.0,0.0,36,sym,7,-11.106629500436952,1.8578605851569843,10.403607830910273,-1.6788421817564338,1.4430327015468967,1.4311198969156682
1.0,0.2,0.0,0.0,36,sym,8,-11.208625127967554,1.1015186673451756,10.080090348541088,-1.4955513012041868,1.4343162513153502,1.436210298232095
1.0,0.2,0.0,0.0,36,sym,9,-11.536227585811398,1.445026751138986,10.559083863766235,-1.4746443127791917,1.440012105350614,1.4357613615267308
1.0,0.2,0.0,0.0,36,sym,10,-11.56141924081385,2.0272334217939374,10.320609128051947,-1.3145577457948092,1.440388638882632,1.435096053413536
1.0,0.2,0.0,0.0,36,sym,11,-11.762285853965212,1.5082567488269685,10.277261492729629,-1.1495320944771366,1.4342226635165485,1.430896849813706
1.0,0.2,0.0,0.0,36,sym,12,-12.071703693551544,1.7596092094102418,10.001562363755616,-1.134436206370095,1.4314574856209168,1.442028405138066
1.0,0.2,0.0,0.0,36,sym,13,-10.632498175496378,0.9003067809228283,10.271647836075418,-1.3092671100229594,1.4371431969656328,1.4349868356259787
1.0,0.2,0.0,0.0,36,sym,14,-11.283555804218931,1.3436968036285788,9.91340082591478,-1.8925511544716311,1.4320886626514742,1.4378853014953585
1.0,0.2,0.0,0.0,36,sym,15,-12.042536380050743,1.5712393504656403,10.381886203051076,-1.6120573811924148,1.4336207721321688,1.4326559204180864
1.0,0.2,0.0,0.0,36,sym,16,-11.360743555183406,1.5183355187618481,11.38422976339175,-1.9296167875550425,1.4279706019735323,1.4317142896296722
1.0,0.2,0.0,0.0,36,sym,17,-12.305468331804555,1.7605948971144147,10.192169730886377,-1.283705611811657,1.429929719816477,1.4393236754496834
1.0,0.2,0.0,0.0,36,sym,18,-11.160890629606037,1.4705073757666693,10.462137483123238,-1.7531208908959033,1.4385066941865408,1.436136738808533
1.0,0.2,0.0,0.0,36,sym,19,-11.507443275856874,1.5755927577136455,10.183803720669482,-1.028398274588035,1.4357974048680375,1.4360590531739426
1.0,0.2,0.0,0.0,36,sym,20,-11.420606896468056,1.8113161097685953,10.705643038040973,-1.340911218882936,1.432805047308781,1.4253858378959852
1.0,0.2,0.0,0.0,36,sym,21,-11.318219959274224,1.5577508448539892,9.857377513764494,-1.6079328956557573,1.4431761554037752,1.4400353341534091
1.0,0.2,0.0,0.0,36,sym,22,-11.074713864500291,1.2124034608221552,10.002937844403537,-0.9997168342893374,1.4374912660059747,1.4390746949502184
1.0,0.2,0.0,0.0,36,sym,23,-11.22574678878788,1.3055143321852545,9.673356759880729,-1.4815411417126376,1.4400139404583885,1.4295878597179335
1.0,0.2,0.0,0.0,36,sym,24,-11.804947575179286,1.564032849702534,10.134685460930434,-1.31333478096138,1.4318243461605955,1.4355594083055019
1.0,0.2,0.0,0.0,36,sym,25,-11.660410168534384,1.5619190742728486,9.855200946616343,-1.2068148561207994,1.434104739247357,1.4436260204624052
1.0,0.2,0.0,0.0,36,sym,26,-11.813874480879507,1.4505036058720018,10.000819709981892,-1.1038559835255772,1.4358670067238692,1.439574073142999
1.0,0.2,0.0,0.0,36,sym,27,-11.601360260530848,1.7045941003988818,9.800766559501758,-0.7126499392198015,1.4360608093263156,1.438866920732836
1.0,0.2,0.0,0.0,36,sym,28,-11.045024229615718,2.029582016351503,10.4661262133984,-1.0539605848868032,1.4379631197789322,1.4350508381155545
1.0,0.2,0.0,0.0,36,sym,29,-11.553562918301783,1.4332358026086118,10.64894873180571,-1.0314832807211003,1.429645992913209,1.428326786164732
1.0,0.2,0.0,0.0,36,sym,30,-11.581697481206412,2.2653687276359653,9.478076190381238,-1.7315028389862523,1.4366503038136136,1.4388544451763439
1.0,0.2,0.0,0.0,36,sym,31,-11.580322307156774,1.8979749465107116,10.014087212294125,-0.9373363960044729,1.4293934738543073,1.436361831943275
1.0,0.2,0.0,0.0,36,sym,32,-11.75783722649305,1.535382424956964,9.634714066653284,-1.2976832403347849,1.4341995008162172,1.4362129929882659
1.0,0.2,0.0,0.0,36,sym,33,-11.42884527912151,1.7130146377259008,9.965549658831238,-1.0905823647483122,1.4377874437654483,1.437051664025987
1.0,0.2,0.0,0.0,36,sym,34,-11.493834363914445,1.5630182834109134,10.287749035282252,-1.1452061645500184,1.4386443243899618,1.4345445302074957
1.0,0.2,0.0,0.0,36,sym,35,-12.049103574308955,1.4440252450369457,9.941629345510613,-1.62649042297051,1.4254995585635042,1.437447352393508
1.0,0.2,0.0,0.0,36,sym,36,-11.595972814247995,1.9506269876701172,10.092056785200674,-1.2341644194542867,1.4376108795698403,1.4416785235556926
1.0,0.2,0.0,0.0,36,sym,37,-11.083316408650713,2.132442214792167,10.223534042296977,-1.1936839095650007,1.4410358696915948,1.4342461221403406
1.0,0.2,0.0,0.0,36,sym,38,-12.015304358860917,1.9229904959289033,10.097623187632385,-1.5423027182288231,1.4344502898252627,1.4384760778903134
1.0,0.2,0.0,0.0,36,sym,39,-11.762904807045784,1.5847885199393221,10.285393373108779,-0.9826270552994354,1.4330167721752685,1.4381969488903517
1.0,0.2,0.0,0.0,36,sym,40,-11.448874434657542,1.5206616685769627,10.060929614836395,-1.5444581706366054,1.4369059494477103,1.435640197402112
1.0,0.2,0.0,0.0,36,sym,41,-11.96800014142652,1.905778822926627,10.273631870301507,-1.3794180431805174,1.433794273758644,1.4294280746753267
1.0,0.2,0.0,0.0,36,sym,42,-11.13356387859064,1.510121142217062,10.767856681570658,-0.8338923975944194,1.4342472329728144,1.4363599548921167
1.0,0.2,0.0,0.0,36,sym,43,-11.580659274823986,1.6296621821106434,9.52761028146702,-1.524810978827603,1.4405438183874768,1.4311061448299462
1.0,0.2,0.0,0.0,36,sym,44,-12.064328006894888,1.485629223220201,10.96987310686113,-1.966980051078156,1.4327702448372481,1.4292031311712912
1.0,0.2,0.0,0.0,36,sym,45,-11.4674349314253,1.2754616384690474,9.946646602452539,-0.7635876122785085,1.432773431098622,1.4367058917912665
1.0,0.2,0.0,0.0,36,sym,46,-12.084045854318047,1.0222459054431308,10.625972698415538,-0.8315408657453471,1.4333261167785978,1.424460958918557
1.0,0.2,0.0,0.0,36,sym,47,-11.473386128255044,1.4386134502475443,10.227185696405583,-1.1414567133287592,1.4398560600486805,1.4365378554703794
1.0,0.2,0.0,0.0,36,sym,48,-11.761951252610107,1.5624283540440194,9.784847243484649,-0.810401405614772,1.4363955423501038,1.4371090417969126
1.0,0.2,0.0,0.0,36,sym,49,-12.10490254015186,2.116002288120465,10.084739803395452,-1.323324382786363,1.4342105683818003,1.4347737438239863
1.0,0.2,0.0,0.0,36,floor,0,-8.575060021905747,1.1630333342838357,10.20288350953525,-1.5540186634141695,1.4249381159554038,1.4363364298299905
1.0,0.2,0.0,0.0,36,floor,1,-13.609221254197273,0.8729431030862935,11.208045561826388,-1.5642684526791681,1.4418983658570743,1.429479282672726
1.0,0.2,0.0,0.0,36,floor,2,-8.615279484288662,7.193721591682614,12.795958156224199,-1.2994750685581917,1.4142838039489778,1.4221345761964805
1.0,0.2,0.0,0.0,36,floor,3,-13.964075251735236,2.8977166475040317,9.501667223059759,-1.9041212015244957,1.443752032505201,1.440496568372262
1.0,0.2,0.0,0.0,36,floor,4,-8.197694449042016,0.14494573466945204,11.275124954802683,0.26188168484697094,1.4138141052319384,1.433829824695952
1.0,0.2,0.0,0.0,36,floor,5,-5.512660255450419,-1.102148997460613,3.479810184547004,0.5261715866054446,1.4078187406561198,1.454085041651381
1.0,0.2,0.0,0.0,36,floor,6,-9.67974683048779,3.249591295829548,8.978093256693379,0.04135634770351704,1.4355188848117915,1.44322182416719
1.0,0.2,0.0,0.0,36,floor,7,-15.818771849958543,0.32129500796535626,11.821813642313689,-0.6174687929788399,1.4420567818971137,1.4302668395970093
1.0,0.2,0.0,0.0,36,floor,8,-10.75696197584464,2.6961454068033097,13.548983905205016,-0.27330517560453127,1.4324297922499545,1.4210132576517571
1.0,0.2,0.0,0.0,36,floor,9,-4.378297949490354,1.040067805090784,6.603387603415577,0.5548120808513983,1.4131937551246605,1.4501769336066852
1.0,0.2,0.0,0.0,36,floor,10,-18.260729756318284,-2.0710354674415443,8.278280253113792,0.8591759558536403,1.4629224659776532,1.4402184875636406
1.0,0.2,0.0,0.0,36,floor,11,-11.310699145305936,3.882842861665285,9.23076775930066,-5.232671318851674,1.43963892051949,1.4349943022929261
1.0,0.2,0.0,0.0,36,floor,12,-17.086326354973302,0.9735379721488822,16.48453262169508,-3.085346946987525,1.4615779573913457,1.4111190807669998
1.0,0.2,0.0,0.0,36,floor,13,-19.12319742208595,4.791519076581565,9.333263707421292,-1.1881604081435713,1.456840630432361,1.4417005790956128
1.0,0.2,0.0,0.0,36,floor,14,-13.336760713578487,3.318506366133084,16.75354939063272,-0.6304783000759856,1.433336979974702,1.3989121959625093
1.0,0.2,0.0,0.0,36,floor,15,-5.512245609224718,4.481534165602406,7.92448767583004,1.1423009784821443,1.4111983166588764,1.4376844471800623
1.0,0.2,0.0,0.0,36,floor,16,-12.488381699789795,2.0146071917656982,10.605658207784728,-2.4647998381352054,1.4411255598732362,1.4315563213222289
1.0,0.2,0.0,0.0,36,floor,17,-7.859478172515752,2.3029357164246735,13.512999224346705,-2.357542139340997,1.425094062402533,1.4253576627262035
1.0,0.2,0.0,0.0,36,floor,18,-16.854988350484266,3.3903882285457807,13.13602695134615,1.1098463476146887,1.456348063076966,1.4218039692103908
1.0,0.2,0.0,0.0,36,floor,19,-14.093562547026103,2.1948126379830915,10.4388022567548,0.5211065084991566,1.4447867863334827,1.4332828487003424
1.0,0.2,0.0,0.0,36,floor,20,-15.759631703107168,-0.6720155615321426,6.411263713852416,2.2410371591863534,1.4429810932583775,1.4416069831018856
1.0,0.2,0.0,0.0,36,floor,21,-10.145217835191811,-3.80478132715872,8.611853068988882,-0.18291148796172796,1.4188001542880295,1.4424442632056775
1.0,0.2,0.0,0.0,36,floor,22,-17.531491429435807,7.223754116840645,14.150947782256019,-3.8634333995025227,1.450490768668122,1.4142626221616363
1.0,0.2,0.0,0.0,36,floor,23,-14.126907197676639,3.4438035474505755,14.012878171156672,0.6503274283308333,1.44221617593316,1.4158651524084447
1.0,0.2,0.0,0.0,36,floor,24,-11.32460429024818,-1.6655143746422176,15.506662044881566,1.593696326943038,1.4248233765294862,1.4022700635703778
1.0,0.2,0.0,0.0,36,floor,25,-11.834128521968612,1.312451080071165,8.944960723590762,-0.7926670810022453,1.4230293929703037,1.4342155125286347
1.0,0.2,0.0,0.0,36,floor,26,-15.654521076481029,5.528309945936321,7.067369251448958,0.29296910410334354,1.446547942599225,1.448143653365691
1.0,0.2,0.0,0.0,36,floor,27,-14.411421937196899,5.568325279257703,10.637430741733217,-2.1502119377720392,1.4581300865891569,1.435350368660095
1.0,0.2,0.0,0.0,36,floor,28,-14.742236735958743,-3.082500968020325,8.896961655126066,-5.72085589271245,1.4375582977494707,1.4347578880585736
1.0,0.2,0.0,0.0,36,floor,29,-8.885903985098356,4.215526988028014,7.991580272483982,-3.629637248813502,1.4246824671476002,1.429349194214485
1.0,0.2,0.0,0.0,36,floor,30,-12.415673356815432,0.6856658565364481,10.94000914504958,-1.0395517797000475,1.4333557068812923,1.4362801378709735
1.0,0.2,0.0,0.0,36,floor,31,-20.53762358973377,3.2570443878815176,13.177569989754408,-0.5292943507253905,1.461919073572783,1.4218067533052914
1.0,0.2,0.0,0.0,36,floor,32,-12.12860154410897,4.6678377753062295,18.00966190539092,-2.112234547710861,1.43125439437767,1.39457689415795
1.0,0.2,0.0,0.0,36,floor,33,-15.988740860960874,2.98990319346765,9.300076157445588,-1.9127020838515594,1.4435076026841085,1.4409658854130565
1.0,0.2,0.0,0.0,36,floor,34,-13.372494344589857,2.9887782712186377,7.948575742494988,-4.646765311757108,1.4423293340658383,1.4488089213928348
1.0,0.2,0.0,0.0,36,floor,35,-15.152738219141181,3.982524508247851,10.263957080633634,0.504879692874064,1.447158657725906,1.4427377824823517
1.0,0.2,0.0,0.0,36,floor,36,-11.08102014725332,-3.6048397410206334,16.357217143121076,-4.1568453111239,1.4367269518211934,1.4079269806730026
1.0,0.2,0.0,0.0,36,floor,37,-14.834359216355063,-0.3427007239177835,11.080053476603833,-2.4067542352978375,1.441843427772909,1.42615692919216
1.0,0.2,0.0,0.0,36,floor,38,-5.477305036666619,-1.5010376462926223,9.138143815090837,-2.283853732781287,1.421190680643208,1.4300915093410538
1.0,0.2,0.0,0.0,36,floor,39,-6.21396580066653,-0.14086510715918998,18.2151825309864,-3.586515000710481,1.41397002379239,1.3920947458129191
1.0,0.2,0.0,0.0,36,floor,40,-12.681662786961367,2.13648270748726,14.373158735076633,-1.080010128246966,1.4398947984276573,1.4168224337404023
1.0,0.2,0.0,0.0,36,floor,41,-8.412812381106615,3.500573700081552,8.555845623527333,-0.47833899007246905,1.4341410895243987,1.44297482783632
1.0,0.2,0.0,0.0,36,floor,42,-11.484823253432275,-1.2018276810999389,9.62600998740336,-1.349713637652545,1.4342947817474498,1.4359091299392206
1.0,0.2,0.0,0.0,36,floor,43,-16.06433987373239,2.7381076313461925,10.313472994529757,1.8386175838629866,1.4389906484845458,1.436404331047712
1.0,0.2,0.0,0.0,36,floor,44,-10.707527705706365,7.5431853346504845,4.1843002872702835,-1.2056662114397412,1.4303745516499085,1.4453955613472984
1.0,0.2,0.0,0.0,36,floor,45,-7.163966476857463,-1.2156419800065636,10.409629237498395,-4.525903721376913,1.4045413001478928,1.4380978484790614
1.0,0.2,0.0,0.0,36,floor,46,-5.51961139346702,0.6918024772863154,5.228328280070739,-1.1471969161901059,1.4144706684036987,1.4540670731733631
1.0,0.2,0.0,0.0,36,floor,47,-11.216630982091974,3.2765367454487664,11.757382830092993,-5.113445521468009,1.4302965516111845,1.42638228567455
1.0,0.2,0.0,0.0,36,floor,48,-11.363313374985069,3.367070152963156,12.947628185486131,-4.642403120197612,1.434939869467933,1.4241833359845149
1.0,0.2,0.0,0.0,36,floor,49,-12.017410676329385,-0.43889323590719886,11.547173468279816,-0.3570565152948295,1.4389457155761416,1.421863659457664
1.0,0.2,0.0,0.0,40,sym,0,-18.881548947906897,1.5172589332120385,17.703910122216566,-1.0697631788371347,3.196964361183318,3.187548170973046
1.0,0.2,0.0,0.0,40,sym,1,-20.808298389481788,1.5035827390700987,17.49074907812513,-1.2959097556707104,3.1792795519091923,3.1864529295438624
1.0,0.2,0.0,0.0,40,sym,2,-20.30980848109944,2.125383660133538,17.711193360421696,-1.1270535573836544,3.1886100808047777,3.1848837943216517
1.0,0.2,0.0,0.0,40,sym,3,-20.11694460871173,1.2293865726894486,17.984845285813964,-0.7379021321816309,3.198563683441657,3.1911157067251215
1.0,0.2,0.0,0.0,40,sym,4,-18.324983794020845,1.47001715169783,17.896218447165655,-1.2352636346868082,3.1934591613746104,3.181278030606869
1.0,0.2,0.0,0.0,40,sym,5,-21.06973558417242,1.5298384497648594,17.201647132475326,-1.2470752253303017,3.171047925053253,3.19480919458002
1.0,0.2,0.0,0.0,40,sym,6,-21.534731875916094,2.0110939086094106,17.290619732756234,-0.9398159045229696,3.1781979395672857,3.1872748042175476
1.0,0.2,0.0,0.0,40,sym,7,-20.2982401705214,1.5219389052204937,17.93183428093445,-1.6248518376266299,3.1797795791044727,3.1772538693621835
1.0,0.2,0.0,0.0,40,sym,8,-19.75486850735112,1.280256074266819,17.387124249544804,-0.9836068081289152,3.193081444390786,3.1764663292405984
1.0,0.2,0.0,0.0,40,sym,9,-21.547510855029394,2.2091083209854423,17.697447058539527,-1.2450441590927073,3.1914893332621213,3.1826399595831716
1.0,0.2,0.0,0.0,40,sym,10,-19.10618564417369,2.1288903591051027,18.00097889240013,-1.2490430209987862,3.204899610883863,3.1858714118785865
1.0,0.2,0.0,0.0,40,sym,11,-19.874302840904083,1.2869998258827002,17.820694706452155,-0.6474981204433394,3.1983356147016098,3.1840114310331424
1.0,0.2,0.0,0.0,40,sym,12,-19.26410363258431,2.5909303212398154,17.076906783275557,-0.6626682378609811,3.191797214844835,3.1895166125868255
1.0,0.2,0.0,0.0,40,sym,13,-21.118756315890653,1.6882205438853735,17.376076543696442,-1.3526750401256802,3.174993011005999,3.1866508102462294
1.0,0.2,0.0,0.0,40,sym,14,-19.792971499776467,1.9051942935309985,17.08765182122027,-0.6708453047283476,3.1883493073904488,3.1868672512454026
1.0,0.2,0.0,0.0,40,sym,15,-19.815040487771835,2.59858758678142,17.116157457778268,-1.5048323913720398,3.188856735890939,3.185649979636774
1.0,0.2,0.0,0.0,40,sym,16,-19.937922445281874,2.0326728558875127,19.01321095322632,-1.59906907272022,3.1841143098218416,3.1803986167186884
1.0,0.2,0.0,0.0,40,sym,17,-18.76288007005735,1.5385140174244798,17.785699221492106,-1.8885483415971591,3.198693918586766,3.181677229163255
1.0,0.2,0.0,0.0,40,sym,18,-20.159725920591114,1.572040503521786,17.445358496885714,-1.725887153337118,3.18296750531913,3.187962448822412
1.0,0.2,0.0,0.0,40,sym,19,-19.63759515684821,2.2626573275269415,17.40540536622121,-1.0879445958176062,3.1971286145682463,3.190127874508482
1.0,0.2,0.0,0.0,40,sym,20,-21.396893587102934,1.8954501184634434,16.68327058410007,-1.0243799881114115,3.1777501244209785,3.1940939641075636
1.0,0.2,0.0,0.0,40,sym,21,-21.16351778367656,1.443932253492935,17.56315433960799,-1.4276288140056066,3.1796419939063676,3.1859472816224295
1.0,0.2,0.0,0.0,40,sym,22,-20.571659908936656,1.3955686096233593,16.39119887701021,-0.5665511227885572,3.169947538867115,3.1831141698128587
1.0,0.2,0.0,0.0,40,sym,23,-20.5075261834659,0.7992655935699002,17.44566541581888,-1.403516294178468,3.1813097993003394,3.183522854560275
1.0,0.2,0.0,0.0,40,sym,24,-20.270059535344277,2.3305126941570897,16.44767820003159,-1.6111415151459956,3.1894369100683546,3.2007320420823593
1.0,0.2,0.0,0.0,40,sym,25,-20.544605989892204,0.9483841571465177,16.310304504588753,-1.2726952095098836,3.1854871118304455,3.1961725474523024
1.0,0.2,0.0,0.0,40,sym,26,-20.480978699900607,1.6331342166191165,17.76136223441895,-1.5445076908025415,3.19322891478527,3.188216701113282
1.0,0.2,0.0,0.0,40,sym,27,-20.28726891853215,1.661551226854848,16.96330875092757,-0.9808357224833337,3.1865338481041428,3.191138536682472
1.0,0.2,0.0,0.0,40,sym,28,-19.977283815025373,1.8044178377998574,17.369085858160243,-0.7723813595859319,3.193344685151205,3.1999620270950375
1.0,0.2,0.0,0.0,40,sym,29,-20.265697572140766,2.3873703178441015,17.85444146573712,-0.9063895045428098,3.189159834439738,3.1780667319946927
1.0,0.2,0.0,0.0,40,sym,30,-19.582778462363095,1.3265897134224116,16.611409849371274,-1.5236457501867895,3.1863013442569583,3.1931976557217903
1.0,0.2,0.0,0.0,40,sym,31,-20.378241291288745,1.3892728811608261,17.954804063322108,-1.7111548289885314,3.1907228257205755,3.185659659388326
1.0,0.2,0.0,0.0,40,sym,32,-19.151320329602324,1.8097742422864291,18.206880782609364,-2.1403659392883054,3.1970722751113363,3.1859090630734266
1.0,0.2,0.0,0.0,40,sym,33,-21.647924224026763,2.707075264392907,17.813010931669368,-1.7740699249865073,3.1864262387660514,3.1872889656974928
1.0,0.2,0.0,0.0,40,sym,34,-20.759223711930282,2.3192031163430737,16.51914813309058,-1.9193595456751387,3.1809141220995456,3.1892357188978133
1.0,0.2,0.0,0.0,40,sym,35,-21.350346075440758,1.758212313732891,18.70616019883634,-1.174035880070975,3.185594069632645,3.176784960544153
1.0,0.2,0.0,0.0,40,sym,36,-21.34685779654224,1.7607423839056715,17.847465952498627,-1.0332966920239324,3.1836869626287254,3.182785272969866
1.0,0.2,0.0,0.0,40,sym,37,-19.278286799366164,0.7664447267552834,18.201413301643463,-0.6450972731673427,3.190487252903539,3.1760872068298207
1.0,0.2,0.0,0.0,40,sym,38,-20.24039150036527,1.3652771824733423,16.680063123393243,-0.9898785677620773,3.1783584759222943,3.195671237678979
1.0,0.2,0.0,0.0,40,sym,39,-20.540405189362904,1.5568522909802207,16.643356681798906,-1.045518439657111,3.181966434909466,3.19252821843815
1.0,0.2,0.0,0.0,40,sym,40,-20.570736697116114,1.8423141822831868,15.184164522194973,-1.1647522801144223,3.187409234693287,3.2016013165375297
1.0,0.2,0.0,0.0,40,sym,41,-20.681103064891765,1.648280429677281,17.903134635676498,-0.7303468742522935,3.1892024424183028,3.1858029156915695
1.0,0.2,0.0,0.0,40,sym,42,-21.231995992487064,2.349275246454874,17.707229727083305,-1.5292368588460656,3.1856396991753626,3.185811670230015
1.0,0.2,0.0,0.0,40,sym,43,-20.015097454020054,1.4744904098132814,16.628778469323905,-0.5401311367788214,3.188952661809733,3.199307482759289
1.0,0.2,0.0,0.0,40,sym,44,-20.618089693367427,1.795526053364458,18.00208975437336,-1.244362402811245,3.1868770066915157,3.1801234298942114
1.0,0.2,0.0,0.0,40,sym,45,-19.398937482703428,1.7845156082080704,16.993062913920113,-0.405512445467042,3.1905167068796283,3.1831921898372078
1.0,0.2,0.0,0.0,40,sym,46,-18.199015234689014,1.6003979157518229,16.177204351193225,-0.8556205809868053,3.2084893612922705,3.192905435501399
1.0,0.2,0.0,0.0,40,sym,47,-21.004225457049902,1.123875564920673,17.519798710525723,-1.4131797905744483,3.1852646634387103,3.1889646711513264
1.0,0.2,0.0,0.0,40,sym,48,-19.77582598057234,1.527417715505162,16.598146287865614,-1.7305278768268355,3.195082626307981,3.188755818775395
1.0,0.2,0.0,0.0,40,sym,49,-19.589654422588346,2.048241865533101,18.271928432884522,-0.6178467867997839,3.1921725091875612,3.1822033963676155
1.0,0.2,0.0,0.0,40,floor,0,-25.70955123006523,0.5886723277842694,14.937857075829676,0.037609979219372924,3.2120594840356316,3.192155531411314
1.0,0.2,0.0,0.0,40,floor,1,-15.1261278859274,3.3689871715226167,18.267783604374998,2.1703213756237996,3.1735722931886277,3.175072684274234
1.0,0.2,0.0,0.0,40,floor,2,-15.951225746581429,-1.5529314507800678,11.994271780218035,-0.9880801878350495,3.1814299961448866,3.1986463760709705
1.0,0.2,0.0,0.0,40,floor,3,-25.716654309898267,12.927710448427032,12.843698100287611,-6.151601152461904,3.2082178813591473,3.1950852764391806
1.0,0.2,0.0,0.0,40,floor,4,-25.781974318029196,7.437105561548292,16.556997591571253,-9.350357143096282,3.2022815393597877,3.1898275931030624
1.0,0.2,0.0,0.0,40,floor,5,-12.3945811277645,-4.380554034135797,22.000566108762552,-3.658620430331759,3.149339456840084,3.1802952760356935
1.0,0.2,0.0,0.0,40,floor,6,-6.490609757628588,3.209978503196498,16.85610548277831,-1.3201271850760972,3.151278661015136,3.173865452477123
1.0,0.2,0.0,0.0,40,floor,7,-21.017731921293105,7.56261250659896,21.091824513349614,-6.992882254700907,3.198546252598901,3.1804581098702385
1.0,0.2,0.0,0.0,40,floor,8,-18.636802643044547,0.39158180371111473,16.859125784304133,-3.68767609135594,3.1854992701311478,3.188362199391815
1.0,0.2,0.0,0.0,40,floor,9,-1.3501829022688625,-0.7124441499102907,18.010063578383974,-0.8573783858654827,3.128126767168565,3.177745857075247
1.0,0.2,0.0,0.0,40,floor,10,-31.271171016313534,0.21735259169321797,18.92447573409565,-2.359695625502366,3.198281960395593,3.185024403369955
1.0,0.2,0.0,0.0,40,floor,11,-27.527801304549662,2.9024672001029357,15.018507910124564,-8.607113602994966,3.203353911357761,3.199837823139651
1.0,0.2,0.0,0.0,40,floor,12,-23.37019408070633,-7.301441309400375,28.132268736275286,-6.396264435688332,3.1860506022907713,3.141832921875066
1.0,0.2,0.0,0.0,40,floor,13,-15.802876417961423,4.919455064081947,13.383177124056346,0.39055502179441204,3.1736736629782287,3.2084764907624623
1.0,0.2,0.0,0.0,40,floor,14,-16.032375100092192,1.1278666679526839,26.816468803212167,-10.866219283400529,3.1691835131451223,3.146336651733908
1.0,0.2,0.0,0.0,40,floor,15,-29.773954481218155,-4.768600458779083,17.152493393561024,0.831235396060944,3.19358567877606,3.1854967621264247
1.0,0.2,0.0,0.0,40,floor,16,-24.923973811107455,11.15050197904273,15.707606483465439,-2.6123737480580074,3.2045762592316147,3.187326651851093
1.0,0.2,0.0,0.0,40,floor,17,-27.729228026364204,7.261449278855539,14.749996635378238,-7.963656382569155,3.207151239958977,3.203587022366728
1.0,0.2,0.0,0.0,40,floor,18,-21.35680397047551,5.400211686820614,23.63211362057268,-1.0750013586653435,3.2102689476822284,3.142906833868718
1.0,0.2,0.0,0.0,40,floor,19,-32.51763411378403,-1.8633748362005707,19.233006237239245,0.5144214012553374,3.2256125845231707,3.1797565147130915
1.0,0.2,0.0,0.0,40,floor,20,-26.42228063970179,3.4204386643164657,15.055649323100106,1.270710384315024,3.2098192214387287,3.19238311406415
1.0,0.2,0.0,0.0,40,floor,21,-19.244292462498418,2.1767791338091196,18.13416250875022,-3.541870251108751,3.1833680362594903,3.194388587698975
1.0,0.2,0.0,0.0,40,floor,22,-7.3650078689554555,-9.310377292041094,17.610540089929057,-3.7069610946979155,3.145301453173504,3.182611401174824
1.0,0.2,0.0,0.0,40,floor,23,-17.31598581965293,7.679347934878106,24.31636359459204,-1.9690384086634183,3.17834673544738,3.16003404417921
1.0,0.2,0.0,0.0,40,floor,24,-15.507712570062402,-4.750653147304411,18.036879576990877,-0.5171007749439815,3.1458843980987305,3.1883597133583184
1.0,0.2,0.0,0.0,40,floor,25,-16.937502611117182,6.808797070241909,19.80343263698782,-2.003869110386612,3.1644002019739013,3.1812454882975953
1.0,0.2,0.0,0.0,40,floor,26,-15.220440834924288,-0.3094640070312138,17.098319699150633,-0.5141580566845061,3.169960095457995,3.176620679677762
1.0,0.2,0.0,0.0,40,floor,27,-14.831111012970617,0.07298382371607426,14.109507394342323,-9.239115882733808,3.1746355885722126,3.2149626980150585
1.0,0.2,0.0,0.0,40,floor,28,-16.003913582466133,-2.015505908769285,21.44596535105474,-2.8785470382265244,3.162093330816268,3.1603437855005128
1.0,0.2,0.0,0.0,40,floor,29,-18.906110205311194,-5.373303692534027,15.440587051149901,-3.3594500068079673,3.169756289666361,3.1928794701816927
1.0,0.2,0.0,0.0,40,floor,30,-34.656682288992826,-2.6555385652707884,25.2237120454412,-4.560614996710324,3.2260066961891933,3.163320699175293
1.0,0.2,0.0,0.0,40,floor,31,-13.170870906070501,2.930060979452568,15.520266583674033,-4.99582081694623,3.1482133621816515,3.187636918772169
1.0,0.2,0.0,0.0,40,floor,32,-30.649672161919906,-6.7859358127106075,19.564166888888348,1.6861376505951258,3.20353936921294,3.1802809307049085
1.0,0.2,0.0,0.0,40,floor,33,-20.735797320604945,-3.9296732039378846,25.50274383236912,-10.473924781229687,3.1872314530671426,3.1463904103459805
1.0,0.2,0.0,0.0,40,floor,34,-28.355359782098006,-3.2841930490823437,15.248922668600196,10.46749940036555,3.2133600089775975,3.2022235427840284
1.0,0.2,0.0,0.0,40,floor,35,-3.939324061586184,8.345631003155049,15.453458597177736,-2.270768372849298,3.1337348771869817,3.194905000119196
1.0,0.2,0.0,0.0,40,floor,36,-9.555871061358522,5.59849350733281,16.51694296898663,-5.9811681757485395,3.155351895792543,3.195670506236754
1.0,0.2,0.0,0.0,40,floor,37,-23.483776550169907,2.819891228094822,18.70815743619019,-2.3421584927120103,3.1892376146055312,3.1769040544792944
1.0,0.2,0.0,0.0,40,floor,38,-22.115805030835112,1.6374946264150347,26.296788852446433,-4.644336928663259,3.188663559052571,3.1486400140367086
1.0,0.2,0.0,0.0,40,floor,39,-13.24202214765898,7.784620854254712,28.508467010119638,-1.2005950372486163,3.1686917484290937,3.124635835401877
1.0,0.2,0.0,0.0,40,floor,40,-11.879729317009826,-11.54649194180791,22.408871986778156,4.53360374752708,3.154283500145862,3.155143986036261
1.0,0.2,0.0,0.0,40,floor,41,-23.866670940436624,0.1339647718376964,20.15803023253908,-6.941744636736571,3.192741182341312,3.16864161067462
1.0,0.2,0.0,0.0,40,floor,42,-19.344663167451852,-0.4043561803445146,8.4193033981549,-1.1570520932357724,3.177906440981278,3.2064057696043595
1.0,0.2,0.0,0.0,40,floor,43,-32.563169329457736,-1.5742752412903214,16.479227432247907,-1.8663981770309543,3.2289936707924363,3.1962949992475047
1.0,0.2,0.0,0.0,40,floor,44,-20.916566254715807,3.298598352618629,18.18137959934084,-4.989541924223047,3.182482141835846,3.1842071331102564
1.0,0.2,0.0,0.0,40,floor,45,-32.61067418258897,7.427681808667149,30.369840000689774,-11.191899914105116,3.2242719088052967,3.1331656273471826
1.0,0.2,0.0,0.0,40,floor,46,-26.69174892736048,-2.8490301265946627,26.197141409706262,1.076934788342562,3.1947612398769536,3.1432782360127685
1.0,0.2,0.0,0.0,40,floor,47,-16.32671561293912,1.2714158298959506,22.85823727165037,-7.863960805073294,3.183891862300843,3.1601422827020285
1.0,0.2,0.0,0.0,40,floor,48,-31.508004191411345,6.564843239088945,21.860434576069558,-6.752443482457284,3.2238273333058105,3.1689847989968034
1.0,0.2,0.0,0.0,40,floor,49,-23.213904638753647,4.0800712198741405,18.88384359985456,-1.3038916128081803,3.192602139237231,3.1674564005614285
1.0,0.2,0.0,0.0,44,sym,0,-26.404891431068535,0.7580138072429852,24.59623440940052,-0.8134719704393389,5.742255327290499,5.70564577860585
1.0,0.2,0.0,0.0,44,sym,1,-28.968785440254273,1.4912517696941372,22.9791977284197,-0.15539689955749325,5.707362838238064,5.725122813604429
1.0,0.2,0.0,0.0,44,sym,2,-28.907549212499056,0.745339664830073,24.810014184025825,-1.5071168819716767,5.72061023349941,5.725960769055366
1.0,0.2,0.0,0.0,44,sym,3,-28.35523196217859,2.183675215411941,21.421117014160444,0.4281447163877168,5.716290164392934,5.738769346319235
1.0,0.2,0.0,0.0,44,sym,4,-28.320407668766155,0.6816786312609957,23.626359398151966,-0.45446561054678636,5.728919776918597,5.710469344873605
1.0,0.2,0.0,0.0,44,sym,5,-28.06836347990674,2.09255798155281,21.463872071100518,-0.08633985745957018,5.72534862731395,5.705319498438927
1.0,0.2,0.0,0.0,44,sym,6,-27.88084547806796,1.5705821056678648,23.53030108999526,-0.5409677835504879,5.729666538770623,5.725903865520136
1.0,0.2,0.0,0.0,44,sym,7,-26.73466838874945,0.5263398955897862,24.092807050641955,0.3545251509747631,5.746776801398784,5.7193842095004035
1.0,0.2,0.0,0.0,44,sym,8,-27.61432156107207,0.8246363317089656,24.488865680681776,-1.7065107763578158,5.712825033980156,5.71351773425149
1.0,0.2,0.0,0.0,44,sym,9,-28.42321016964436,1.5283558471213596,23.02555564075568,-0.09121567267178365,5.71606436414503,5.729538761943374
1.0,0.2,0.0,0.0,44,sym,10,-28.50726167127334,0.5593844157688206,22.915514253741897,-0.5185746296792356,5.729687679440116,5.735664631827098
1.0,0.2,0.0,0.0,44,sym,11,-27.535914460752885,-1.4122084848770269,22.13164660678498,-0.2205774390824422,5.723680636376531,5.712933294549833
1.0,0.2,0.0,0.0,44,sym,12,-27.769632859611583,1.2183051067915374,24.217259667147943,-0.2529699275353191,5.736004633014637,5.712897358930798
1.0,0.2,0.0,0.0,44,sym,13,-29.048463840591953,0.660711206388022,23.48476668349859,0.22278243506602968,5.718836828379537,5.7156097233107
1.0,0.2,0.0,0.0,44,sym,14,-31.06829226991505,1.4583551943510145,22.857644133043912,-0.06276596788654665,5.703245407493884,5.729515355389109
1.0,0.2,0.0,0.0,44,sym,15,-28.615695090279075,2.376149666544386,23.72334925776501,-1.2001756361728948,5.723114134935517,5.714846241925801
1.0,0.2,0.0,0.0,44,sym,16,-26.36826321319125,1.6770048768425376,23.213102241715838,-0.3818615063806122,5.747305445713694,5.725650000938851
1.0,0.2,0.0,0.0,44,sym,17,-27.200832539540514,3.9367776164081363,22.69318464119459,0.19610546894798753,5.726447906258241,5.713130534821395
1.0,0.2,0.0,0.0,44,sym,18,-27.22505306192765,2.3489159572663074,23.258288548468126,-0.23925536002218917,5.734589878207098,5.7118002384095865
1.0,0.2,0.0,0.0,44,sym,19,-26.892306932226575,0.5974638467336131,23.203451473312228,-1.699545332746398,5.728851316247598,5.726596762613261
1.0,0.2,0.0,0.0,44,sym,20,-29.330604055879814,2.79018375766767,22.980680693022457,-1.7864597144141352,5.718675183959872,5.727560676159319
1.0,0.2,0.0,0.0,44,sym,21,-29.321138169581076,2.5547666879020685,24.576552853227426,0.1616562717609571,5.72478885374898,5.715555393852641
1.0,0.2,0.0,0.0,44,sym,22,-28.88471352184674,2.8285459109718403,24.398241049864904,-1.691190234409068,5.714403887848367,5.70895425642269
1.0,0.2,0.0,0.0,44,sym,23,-26.090183281161934,1.2482152527880768,24.49513750135042,-0.7744742643106521,5.74689610267801,5.716988264105247
1.0,0.2,0.0,0.0,44,sym,24,-28.979799753931328,1.4899863415182812,21.51693673383131,-1.5280520865661487,5.713502093775183,5.741295224320524
1.0,0.2,0.0,0.0,44,sym,25,-29.30387367862523,0.8617101249585993,23.163938453782333,-1.1331068008153418,5.72366209327665,5.720796992592068
1.0,0.2,0.0,0.0,44,sym,26,-28.323329656169967,0.2608363191295642,23.564581823102138,-0.6791708119201493,5.724432927766048,5.724772637605511
1.0,0.2,0.0,0.0,44,sym,27,-29.844173975222084,0.6155410365317953,22.043953917317516,-2.076518645182955,5.717329781929448,5.729293996876892
1.0,0.2,0.0,0.0,44,sym,28,-29.874922045293424,2.0333065579677414,25.5143047935611,0.11429459473979664,5.71509649589708,5.70926503910676
1.0,0.2,0.0,0.0,44,sym,29,-28.77089626764673,2.4288698556198156,24.26659907689465,-0.514366492699854,5.731171576949625,5.7328626387402055
1.0,0.2,0.0,0.0,44,sym,30,-28.12977065001124,1.362617790290256,22.18200497991215,-1.6293071502140526,5.72727931811198,5.731411451635783
1.0,0.2,0.0,0.0,44,sym,31,-27.662563673779417,1.7215603212128303,24.808883399410448,0.7785389986699107,5.726569421160927,5.713802919525258
1.0,0.2,0.0,0.0,44,sym,32,-28.709615446406335,1.0505455612551367,22.24877765501948,-0.34848977476413967,5.7184792624638625,5.724055327228943
1.0,0.2,0.0,0.0,44,sym,33,-28.873335754756678,1.9666819331197942,23.242566102834164,-0.5700053031474555,5.725043012751561,5.717396452155996
1.0,0.2,0.0,0.0,44,sym,34,-28.89259567101261,1.661037249096763,22.70315284881049,-0.27788925711077994,5.728242353566729,5.737598336176591
1.0,0.2,0.0,0.0,44,sym,35,-27.10002161669136,0.09010542435613766,22.872955333434057,-1.5174152699295507,5.740684943251009,5.729573028620264
1.0,0.2,0.0,0.0,44,sym,36,-28.866929420589898,-0.28776320183217297,24.997494732541835,-1.833043121979089,5.7281404482601745,5.7131655454776915
1.0,0.2,0.0,0.0,44,sym,37,-27.946399471290682,0.29210155712641184,23.583184751568975,-0.5173332058523623,5.732989307316364,5.725769377145038
1.0,0.2,0.0,0.0,44,sym,38,-27.91756550433887,1.0356695433564642,22.57807451579767,0.8434496875927961,5.7152985331377435,5.724550551966004
1.0,0.2,0.0,0.0,44,sym,39,-28.270095449114155,0.5223024508272425,22.968846470733205,-0.03735710996937658,5.729621709629721,5.7326431384709435
1.0,0.2,0.0,0.0,44,sym,40,-28.622597172427295,0.3035395538232195,24.640534474978022,-0.2172921634165802,5.723328239629494,5.720864947848206
1.0,0.2,0.0,0.0,44,sym,41,-30.145751615934245,0.9342350559473778,23.08493471119818,-1.7170188089220306,5.7134385261455005,5.725640430419764
1.0,0.2,0.0,0.0,44,sym,42,-28.610463276345996,2.0112504240558446,22.484364150732837,0.6565718847035245,5.725079801476633,5.7344960387118356
1.0,0.2,0.0,0.0,44,sym,43,-28.771245438605348,1.7457926981741212,22.53671303843656,0.7289281013996864,5.7428172173256895,5.722934710593793
1.0,0.2,0.0,0.0,44,sym,44,-30.086795743051287,1.4318261664706669,23.489394480860337,-1.176469273656254,5.70462209040567,5.724308845225114
1.0,0.2,0.0,0.0,44,sym,45,-29.029761811195065,1.716426639293921,24.27776759801709,-0.6979261920469668,5.712009036972915,5.699443306860263
1.0,0.2,0.0,0.0,44,sym,46,-28.392875166558994,0.794204977007849,23.714595468056658,-1.9634402808213038,5.727525050545156,5.6965747293148015
1.0,0.2,0.0,0.0,44,sym,47,-27.331408187552523,1.2044910959640545,24.317913431565447,-0.3944183346176673,5.732179546833925,5.713993005912868
1.0,0.2,0.0,0.0,44,sym,48,-27.807048741167588,0.6311803426584093,23.38770713584747,-1.935766965552172,5.729970558867888,5.7295348373685435
1.0,0.2,0.0,0.0,44,sym,49,-28.78068817496421,2.4654641542018574,24.784136801494093,-1.0025340279864827,5.729668519307046,5.7290287055897275
1.0,0.2,0.0,0.0,44,floor,0,-31.18800708808912,-0.23104121551003254,32.60508616123728,-2.375173282661254,5.723497539300495,5.684235328937192
1.0,0.2,0.0,0.0,44,floor,1,-10.664124734797873,-3.2980784918777672,23.111565923473083,1.3021410662568376,5.652581906747751,5.718593804429069
1.0,0.2,0.0,0.0,44,floor,2,-30.812890876085103,1.9310075885812892,15.714904747921029,-5.334630882241952,5.7047555676730575,5.73877106736306
1.0,0.2,0.0,0.0,44,floor,3,-29.16111320068423,4.756530357422687,30.789619664290502,-5.324931225392998,5.723706609022602,5.6803886880637275
1.0,0.2,0.0,0.0,44,floor,4,-24.374575259710767,4.23430050355395,20.144925855697743,-1.279843847848772,5.701191648104834,5.734597032866721
1.0,0.2,0.0,0.0,44,floor,5,-30.267476354085172,2.564241203893087,31.457172628100153,0.29020494993697943,5.726770273603379,5.6896118410426535
1.0,0.2,0.0,0.0,44,floor,6,-30.595313938814805,-1.213390374228301,15.599994498236587,0.9398830592647172,5.730921420255018,5.7634524972586405
1.0,0.2,0.0,0.0,44,floor,7,-32.848384324449746,3.2593531974252827,16.26380462973146,-6.2225636843222745,5.709394757798633,5.742608019424606
1.0,0.2,0.0,0.0,44,floor,8,-34.0639510140944,19.53788136756245,14.958270170077114,0.2479390103817498,5.7226465570457155,5.733968795139885
1.0,0.2,0.0,0.0,44,floor,9,-26.673461848266996,-0.5390443117008836,33.14784214466697,-9.58031139351384,5.727689312587617,5.6959309232994
1.0,0.2,0.0,0.0,44,floor,10,-44.14642753810628,2.7893335969806317,24.372550574803377,-5.4712651351078785,5.779751453616387,5.715503219296324
1.0,0.2,0.0,0.0,44,floor,11,-30.921513962261596,13.241678478758073,37.80716458027517,-6.290936903118528,5.717923405409569,5.663760338918875
1.0,0.2,0.0,0.0,44,floor,12,-23.262947887529208,0.23697651351233273,32.8357659236628,-3.746185962115155,5.705627912327953,5.6468333758651745
1.0,0.2,0.0,0.0,44,floor,13,-33.702045772950655,5.135390221196286,15.340129975766041,-6.131486611679604,5.721607776108646,5.754256926801566
1.0,0.2,0.0,0.0,44,floor,14,-31.864770314705247,-3.8192891316461806,31.904112759210975,-3.2404100477796574,5.733793248360815,5.6919732956208
1.0,0.2,0.0,0.0,44,floor,15,-24.966440070842634,0.8739492576396584,10.441393051468046,10.01774402674574,5.721405299781284,5.753444615772284
1.0,0.2,0.0,0.0,44,floor,16,-35.09033618919962,-0.4720377315158768,27.126045321019525,0.415884517039504,5.7138219840077396,5.713571094048857
1.0,0.2,0.0,0.0,44,floor,17,-55.268354592617335,-10.718310252846143,40.2298150842079,4.961201995478342,5.7643287971475266,5.671061262087546
1.0,0.2,0.0,0.0,44,floor,18,-15.267110908083975,-8.853015071290171,22.151965810772897,2.4809058774752932,5.631716041887129,5.724456756432982
1.0,0.2,0.0,0.0,44,floor,19,-24.946411561733594,10.558644012118181,17.525385558593783,1.535833320150355,5.6958279533309835,5.72978483319257
1.0,0.2,0.0,0.0,44,floor,20,-29.28290495413297,-7.397874449725896,32.34466874107913,-1.803967545647243,5.720062858849247,5.68631894486493
1.0,0.2,0.0,0.0,44,floor,21,-24.934575264019777,-1.4759346957628405,12.34544567777906,0.5526557542549959,5.719235089238973,5.774073822836427
1.0,0.2,0.0,0.0,44,floor,22,-44.510315479209815,10.241779543041144,20.99686861262699,1.0262402465378568,5.717627597832709,5.714124100142379
1.0,0.2,0.0,0.0,44,floor,23,-32.739165692814545,11.714402289094107,29.40129834421324,2.187799923825024,5.711424902504277,5.666900388107783
1.0,0.2,0.0,0.0,44,floor,24,-26.556431061092496,0.47285693983372834,22.312640898962627,8.77023638101365,5.699883577902577,5.730920663231204
1.0,0.2,0.0,0.0,44,floor,25,-21.499907614063467,10.1715841093213,33.77536494646871,-8.491390373195461,5.675200321147514,5.6579660072156965
1.0,0.2,0.0,0.0,44,floor,26,-33.935948877732706,8.044957241566715,25.444904772751862,0.5896258123649973,5.759427605710194,5.706941982665317
1.0,0.2,0.0,0.0,44,floor,27,-8.425737773591724,6.465574983114997,27.823048212076774,-1.98756977119187,5.653241576481262,5.698316567918987
1.0,0.2,0.0,0.0,44,floor,28,-16.44889589603836,-14.621231958861191,21.33583107220157,5.759500816699685,5.679764852509027,5.704515358465418
1.0,0.2,0.0,0.0,44,floor,29,-20.890960024585443,-11.15652684935901,24.67471109461284,-3.5786142190030823,5.683982312908315,5.707755325657392
1.0,0.2,0.0,0.0,44,floor,30,-40.173985069067236,-5.3871066128447795,30.064029891418233,0.7712855042505831,5.7537731198451025,5.687105231996827
1.0,0.2,0.0,0.0,44,floor,31,-46.63128043516339,-0.8710156347644389,23.579272855924422,-1.6682809559730611,5.785358531429094,5.688865622122079
1.0,0.2,0.0,0.0,44,floor,32,-17.5109029401048,-9.550167320240254,38.59183872018166,-4.473837445701964,5.659891549723046,5.6308639726925085
1.0,0.2,0.0,0.0,44,floor,33,-26.41096774801064,-6.726651967188709,16.949991828686407,-1.3857449103541797,5.71813093387273,5.721892227388448
1.0,0.2,0.0,0.0,44,floor,34,-29.195572247242584,4.123647209829182,22.840805959240342,-5.377837962577079,5.7100713757522055,5.71869519030537
1.0,0.2,0.0,0.0,44,floor,35,-27.761231365737665,8.51498623870608,28.29962590313332,0.3221125787036119,5.707264790080866,5.705443606179988
1.0,0.2,0.0,0.0,44,floor,36,-29.446920416689963,6.379933936801875,29.353378488659203,-0.9533593076801644,5.709877531111819,5.69742017875906
1.0,0.2,0.0,0.0,44,floor,37,-26.15812688810442,12.330861243036622,26.542725633112617,-5.187222056963503,5.68821752883774,5.709662599895637
1.0,0.2,0.0,0.0,44,floor,38,-33.82480397843108,2.7540843666785335,21.43407338267766,-5.652545793670506,5.732001441841002,5.731333901479503
1.0,0.2,0.0,0.0,44,floor,39,-27.624862653786654,16.769964348358265,25.24273601848854,-1.547578825454031,5.730750693273599,5.708268715344232
1.0,0.2,0.0,0.0,44,floor,40,-6.046301250631867,7.718182343421744,18.567360084011092,-6.859754096226565,5.704817353570035,5.737425420548806
1.0,0.2,0.0,0.0,44,floor,41,-24.668332790496393,-2.1525801528220194,23.739041330952674,4.354236336782636,5.702062621705283,5.711448280925113
1.0,0.2,0.0,0.0,44,floor,42,-30.67991233451677,-4.279841434495466,28.895610973374783,-7.49717883097446,5.7124119499677635,5.692322895680874
1.0,0.2,0.0,0.0,44,floor,43,-12.913481138037348,-9.406271341945686,29.98660729555948,-8.255765113908938,5.6603534800901425,5.680540742641108
1.0,0.2,0.0,0.0,44,floor,44,-25.666175243918214,3.280660829614513,11.720063326127649,10.309905664976554,5.691750727865703,5.77024198571775
1.0,0.2,0.0,0.0,44,floor,45,-19.394701917128547,6.204539923353933,20.210675180399804,-3.0711750344925504,5.696527000075863,5.732196681764645
1.0,0.2,0.0,0.0,44,floor,46,-29.048229947509846,8.04047392308288,23.762109954054104,4.809175470896654,5.720950188405589,5.723312081930047
1.0,0.2,0.0,0.0,44,floor,47,-31.38655697289935,2.0214110137477244,29.612864406599314,-10.389870914341586,5.720451826198455,5.671532668263918
1.0,0.2,0.0,0.0,44,floor,48,-26.819478332220637,7.866774635298794,25.695561346198566,0.9517145204812727,5.720542132917258,5.706019447673202
1.0,0.2,0.0,0.0,44,floor,49,-14.203903119191743,-14.782784003157087,24.750107975338803,-4.959843612143867,5.670314857647098,5.7114715395552205
1.0,0.2,0.06,0.0,36,sym,0,-7.188935904537982,1.4297679121904423,5.361440526586714,-0.2552328337359141,0.9125603902097867,0.9197957383034773
1.0,0.2,0.06,0.0,36,sym,1,-7.137477683082305,1.08421708956674,4.992105340202398,-1.2982584141243974,0.9253003544478722,0.9171110820260002
1.0,0.2,0.06,0.0,36,sym,2,-7.02369371038778,1.270451873707866,5.601741067592172,-0.4986362070265319,0.9199693305395287,0.9174882672288183
1.0,0.2,0.06,0.0,36,sym,3,-6.96347399402793,0.12293677644157675,6.200112061095133,-1.7976191149255158,0.9189954019938718,0.9126828094187031
1.0,0.2,0.06,0.0,36,sym,4,-7.510904794247675,1.045802956707901,6.4777009470883495,-0.7950579788801142,0.9223606492562803,0.9196926491668537
1.0,0.2,0.06,0.0,36,sym,5,-7.611383778503808,1.0004259059024505,5.338989126212476,-0.7469644425036769,0.9209391262851838,0.9253707908162775
1.0,0.2,0.06,0.0,36,sym,6,-6.040514560633804,1.1525262520407418,5.140506768388791,-0.59383276140188,0.9160380506025568,0.9153692409965365
1.0,0.2,0.06,0.0,36,sym,7,-6.334735623163755,-0.014378175209174948,6.700192158017789,-1.1884392071153733,0.9273313231263985,0.9131805167608142
1.0,0.2,0.06,0.0,36,sym,8,-6.48990526651639,1.3197448598955654,6.128528306423123,-0.4004540745503069,0.9114872560834189,0.9192553345932368
1.0,0.2,0.06,0.0,36,sym,9,-6.446828218261075,0.8899939423071892,7.06409468481621,-0.4828446406545942,0.9146598814847405,0.911550416306268
1.0,0.2,0.06,0.0,36,sym,10,-6.635490705928909,1.4265987658888093,6.392480245382638,-1.011580142519464,0.9118606690538303,0.9155420720954806
1.0,0.2,0.06,0.0,36,sym,11,-6.063816322237173,1.789890717116377,6.269761229299601,-1.0115179827376137,0.9205887664413777,0.9225557306608986
1.0,0.2,0.06,0.0,36,sym,12,-6.875099074652438,1.1149665936560287,6.810157753513633,-0.18177179043019476,0.9214003952944343,0.9156043591343117
1.0,0.2,0.06,0.0,36,sym,13,-5.990696204737035,0.06311326925163074,6.183511716239892,-0.936845381229789,0.9218843079078836,0.9087114505349332
1.0,0.2,0.06,0.0,36,sym,14,-7.222070863437661,0.8793826652618514,7.091225880627527,-1.476264237766435,0.9181848357862442,0.9089934273213027
1.0,0.2,0.06,0.0,36,sym,15,-7.3363197120628065,0.6411226508710676,5.661308146744603,-0.7174002683179739,0.909955075996433,0.9119527835426781
1.0,0.2,0.06,0.0,36,sym,16,-6.211520683744587,1.3411040648179118,6.2102458250100545,-0.6676760154951344,0.9074043735554884,0.9080110611513095
1.0,0.2,0.06,0.0,36,sym,17,-7.292221469312609,1.6046712916814605,5.383025425831841,-1.1683812985591937,0.9094574327554924,0.9124566691048633
1.0,0.2,0.06,0.0,36,sym,18,-5.561517318532861,0.6453276380500376,5.749135215958131,-0.554531108554778,0.9237490749464974,0.9069952866332026
1.0,0.2,0.06,0.0,36,sym,19,-6.719840520608727,1.1544008095251166,6.607357959552263,-1.1232398127731864,0.9177704390913585,0.9287149649112411
1.0,0.2,0.06,0.0,36,sym,20,-5.916162092788813,1.1683157780119218,6.16247728248616,-0.8285701047293444,0.9082804979263774,0.9063342560390414
1.0,0.2,0.06,0.0,36,sym,21,-6.49244786995549,0.396979009246902,6.6919663677133165,-1.192898927259554,0.9121363911938426,0.9195447973940097
1.0,0.2,0.06,0.0,36,sym,22,-5.7419900194714835,-0.13051555607849763,5.708867050615327,-0.6231674948584689,0.9222307450412133,0.9220180539185676
1.0,0.2,0.06,0.0,36,sym,23,-6.2790210964430155,0.7568682147991433,5.671226111178746,-1.1296262343494796,0.9147805629136319,0.9148561236423429
1.0,0.2,0.06,0.0,36,sym,24,-6.477367805008588,1.1696412482461582,5.6088720585292595,-1.2225978945717473,0.9143975183917238,0.9113757275838262
1.0,0.2,0.06,0.0,36,sym,25,-6.955912059352777,1.174245856524779,6.146434722678649,-0.4814781429371583,0.9217734525432574,0.9131819274297985
1.0,0.2,0.06,0.0,36,sym,26,-5.408218487863758,0.7556055914197316,6.296223272566614,-0.5753566746455633,0.9150927633081304,0.9263380921566462
1.0,0.2,0.06,0.0,36,sym,27,-7.521140980320161,1.474113749093368,6.418933588869746,-0.5172787156772222,0.920654616284827,0.9132209031505847
1.0,0.2,0.06,0.0,36,sym,28,-7.194861433028361,1.0574971390175965,4.969874681920581,-0.9302377943423289,0.9124624431609245,0.9144631380311745
1.0,0.2,0.06,0.0,36,sym,29,-7.673617025125872,1.108390560449488,6.4941001090160055,-0.7797473135755777,0.9149645480462948,0.9151524316626537
1.0,0.2,0.06,0.0,36,sym,30,-6.510186535283414,1.1203748035686987,5.403722853537574,0.24588340452815083,0.9117708460910221,0.9171599634349414
1.0,0.2,0.06,0.0,36,sym,31,-6.343369502442293,0.9881429766942011,5.9206919864359655,-1.219253935732608,0.9056509415884086,0.9190219951344184
1.0,0.2,0.06,0.0,36,sym,32,-7.9149753464413655,0.17365799322320719,6.091707131048639,-0.7684685449033151,0.9087184878828239,0.9255234322463921
1.0,0.2,0.06,0.0,36,sym,33,-5.955836122715757,0.39020788490894776,5.744806058120139,-0.8151195773504474,0.9184691724765033,0.9021059370720301
1.0,0.2,0.06,0.0,36,sym,34,-6.455580525964757,1.7455251064252846,6.221299266695662,-1.1195835798223963,0.9280056148370999,0.9054489493956865
1.0,0.2,0.06,0.0,36,sym,35,-6.262791799362913,0.8270679965245678,4.774264157298219,-0.35900569468861554,0.9254221875647072,0.902178240033716
1.0,0.2,0.06,0.0,36,sym,36,-6.627006987076892,0.5412261641721201,7.119428118557696,-1.9198480921533063,0.9031172493499846,0.9244493465702526
1.0,0.2,0.06,0.0,36,sym,37,-7.434567553519086,1.3056363486269216,7.062494138767868,-1.3014403148424032,0.9196698177548697,0.9143032981215692
1.0,0.2,0.06,0.0,36,sym,38,-6.948589429576016,0.8895714161705075,6.0621721561576845,-0.8242907182150725,0.9197130855402184,0.9230229294733531
1.0,0.2,0.06,0.0,36,sym,39,-7.251247584120121,1.3183580896555738,6.1062913289342236,-0.8018609464924038,0.9144425556415845,0.9192607011367007
1.0,0.2,0.06,0.0,36,sym,40,-7.378988210953134,0.9241088947009131,4.8890283344563805,-0.13682042708683928,0.9105868908276813,0.9189678663339831
1.0,0.2,0.06,0.0,36,sym,41,-5.9968869575809265,0.6921579477040023,5.720475517287358,-1.0669831049138625,0.9119355275002153,0.9157331263744306
1.0,0.2,0.06,0.0,36,sym,42,-6.3603933779071244,1.1616826797998423,7.5779351886559425,-0.9527500385842401,0.9191302359582394,0.913151980514364
1.0,0.2,0.06,0.0,36,sym,43,-6.997556371881674,0.7209812040547634,6.61306294333223,-0.778138213426749,0.9069189108590522,0.9113715784044008
1.0,0.2,0.06,0.0,36,sym,44,-6.507234792405766,0.9370950098688602,4.986883641045891,-1.5112574050126697,0.913763703678617,0.9211171841442595
1.0,0.2,0.06,0.0,36,sym,45,-6.610772969091086,0.718035576210211,6.346118848394505,-1.2528996594727533,0.9204702420672697,0.9199179338614114
1.0,0.2,0.06,0.0,36,sym,46,-6.646949490433241,-0.014132089650951585,6.6233975394565965,-1.164379442757573,0.9202035742309116,0.9138737983513633
1.0,0.2,0.06,0.0,36,sym,47,-6.104440395795923,0.942766688717205,6.169573500631982,-0.8517849709721411,0.9116937843091362,0.9387353873466782
1.0,0.2,0.06,0.0,36,sym,48,-7.111385596541896,1.8097620624973085,4.971721427224585,-0.7223924688645534,0.9108398545204843,0.9138366354176616
1.0,0.2,0.06,0.0,36,sym,49,-7.127182040113087,0.6079766771252144,6.848192846806779,-0.02028314174114154,0.9224058561970305,0.9167331631742941
1.0,0.2,0.06,0.0,36,floor,0,-7.188935904537982,1.4297679121904423,14.15868496320341,-5.908275123860436,0.9125603902097867,0.9009487212438881
1.0,0.2,0.06,0.0,36,floor,1,-7.137477683082305,1.08421708956674,10.554254902144216,-1.4075628565904037,0.9253003544478722,0.9116534429000387
1.0,0.2,0.06,0.0,36,floor,2,-7.02369371038778,1.270451873707866,8.504162486949385,-3.0762184016308973,0.9199693305395287,0.915061786138035
1.0,0.2,0.06,0.0,36,floor,3,-6.96347399402793,0.12293677644157675,9.265762458295715,7.384724453196551,0.9189954019938718,0.9088966317424529
1.0,0.2,0.06,0.0,36,floor,4,-7.510904794247675,1.045802956707901,10.283682928347154,-4.187069705106836,0.9223606492562803,0.8837083050585832
1.0,0.2,0.06,0.0,36,floor,5,-7.611383778503808,1.0004259059024505,10.028897689897137,-1.1372689004482424,0.9209391262851838,0.909295682641381
1.0,0.2,0.06,0.0,36,floor,6,-6.040514560633804,1.1525262520407418,19.762385653416757,-1.730799345687421,0.9160380506025568,0.8706450805443074
1.0,0.2,0.06,0.0,36,floor,7,-6.334735623163755,-0.014378175209174948,-1.9054072183119164,3.376435734019171,0.9273313231263985,0.9431314332672831
1.0,0.2,0.06,0.0,36,floor,8,-6.48990526651639,1.3197448598955654,8.38214326948303,-2.4369107242287864,0.9114872560834189,0.9014264877193907
1.0,0.2,0.06,0.0,36,floor,9,-6.446828218261075,0.8899939423071892,-3.2370153801926698,-2.8604775922722308,0.9146598814847405,0.9514980840083704
1.0,0.2,0.06,0.0,36,floor,10,-6.635490705928909,1.4265987658888093,7.715383514700788,2.729620485264584,0.9118606690538303,0.904075245453906
1.0,0.2,0.06,0.0,36,floor,11,-6.063816322237173,1.789890717116377,11.61890788673196,-0.09950466140521508,0.9205887664413777,0.8903532117035602
1.0,0.2,0.06,0.0,36,floor,12,-6.875099074652438,1.1149665936560287,3.6587270435511563,-6.35231566907582,0.9214003952944343,0.917432766583597
1.0,0.2,0.06,0.0,36,floor,13,-5.990696204737035,0.06311326925163074,0.09299611273073882,2.8509524747358888,0.9218843079078836,0.9329669533434252
1.0,0.2,0.06,0.0,36,floor,14,-7.222070863437661,0.8793826652618514,1.4853396256843059,0.7731905759663731,0.9181848357862442,0.9176526530759783
1.0,0.2,0.06,0.0,36,floor,15,-7.3363197120628065,0.6411226508710676,8.957328386948314,-1.9943023488869094,0.909955075996433,0.899937274488376
1.0,0.2,0.06,0.0,36,floor,16,-6.211520683744587,1.3411040648179118,5.102201904816842,2.132272715335474,0.9074043735554884,0.9226717016738688
1.0,0.2,0.06,0.0,36,floor,17,-7.292221469312609,1.6046712916814605,10.253975974473592,3.663817149045696,0.9094574327554924,0.8930432477957434
1.0,0.2,0.06,0.0,36,floor,18,-5.561517318532861,0.6453276380500376,6.832035985394518,-3.8659826347030974,0.9237490749464974,0.9090870704403404
1.0,0.2,0.06,0.0,36,floor,19,-6.719840520608727,1.1544008095251166,9.770735591691817,0.8729044919654863,0.9177704390913585,0.8953342936451194
1.0,0.2,0.06,0.0,36,floor,20,-5.916162092788813,1.1683157780119218,4.569006767222594,-1.3513820428561103,0.9082804979263774,0.9187804005369125
1.0,0.2,0.06,0.0,36,floor,21,-6.49244786995549,0.396979009246902,6.736819019371634,5.943840079124595,0.9121363911938426,0.898009683014109
1.0,0.2,0.06,0.0,36,floor,22,-5.7419900194714835,-0.13051555607849763,14.272718104929414,-4.722890243697047,0.9222307450412133,0.8854088328962681
1.0,0.2,0.06,0.0,36,floor,23,-6.2790210964430155,0.7568682147991433,13.985923313379168,-2.0203233890820083,0.9147805629136319,0.8907755905591164
1.0,0.2,0.06,0.0,36,floor,24,-6.477367805008588,1.1696412482461582,12.564358504016345,1.8899049890698931,0.9143975183917238,0.8787927483901374
1.0,0.2,0.06,0.0,36,floor,25,-6.955912059352777,1.174245856524779,9.761933202329054,-4.485926804282169,0.9217734525432574,0.8950010020308333
1.0,0.2,0.06,0.0,36,floor,26,-5.408218487863758,0.7556055914197316,12.084639564291688,1.3787898430507477,0.9150927633081304,0.884211782517117
1.0,0.2,0.06,0.0,36,floor,27,-7.521140980320161,1.474113749093368,1.9622206649859688,0.09564420629905235,0.920654616284827,0.9308963530226085
1.0,0.2,0.06,0.0,36,floor,28,-7.194861433028361,1.0574971390175965,10.141784134336884,2.6481671413270957,0.9124624431609245,0.9031680248442403
1.0,0.2,0.06,0.0,36,floor,29,-7.673617025125872,1.108390560449488,1.0224479570226777,-4.964772473257385,0.9149645480462948,0.929965065844537
1.0,0.2,0.06,0.0,36,floor,30,-6.510186535283414,1.1203748035686987,11.169118659348786,-4.942953025731784,0.9117708460910221,0.90646303258235
1.0,0.2,0.06,0.0,36,floor,31,-6.343369502442293,0.9881429766942011,6.140948266485853,1.7369744148215576,0.9056509415884086,0.919170401620772
1.0,0.2,0.06,0.0,36,floor,32,-7.9149753464413655,0.17365799322320719,9.024361860176224,-2.489873774237433,0.9087184878828239,0.9013031362513679
1.0,0.2,0.06,0.0,36,floor,33,-5.955836122715757,0.39020788490894776,10.107620540254587,-5.128284240403701,0.9184691724765033,0.9061702084169887
1.0,0.2,0.06,0.0,36,floor,34,-6.455580525964757,1.7455251064252846,1.2324246939283219,0.12035213199034,0.9280056148370999,0.931683567714853
1.0,0.2,0.06,0.0,36,floor,35,-6.262791799362913,0.8270679965245678,15.371770119506449,-3.2322405133781618,0.9254221875647072,0.8761910907505404
1.0,0.2,0.06,0.0,36,floor,36,-6.627006987076892,0.5412261641721201,6.16630045134559,1.7713247799391203,0.9031172493499846,0.901735533433643
1.0,0.2,0.06,0.0,36,floor,37,-7.434567553519086,1.3056363486269216,5.988615482352934,-2.2324278588922075,0.9196698177548697,0.8879961195428657
1.0,0.2,0.06,0.0,36,floor,38,-6.948589429576016,0.8895714161705075,8.25767566190262,-3.774803030778716,0.9197130855402184,0.898676481274759
1.0,0.2,0.06,0.0,36,floor,39,-7.251247584120121,1.3183580896555738,3.627715722236607,3.613767382390854,0.9144425556415845,0.9115557010989809
1.0,0.2,0.06,0.0,36,floor,40,-7.378988210953134,0.9241088947009131,11.775786079723071,-5.6977514525539625,0.9105868908276813,0.9066179817176697
1.0,0.2,0.06,0.0,36,floor,41,-5.9968869575809265,0.6921579477040023,10.161867605681362,-0.3566853704530758,0.9119355275002153,0.9038232121997104
1.0,0.2,0.06,0.0,36,floor,42,-6.3603933779071244,1.1616826797998423,-5.069294859852116,1.8629235372599786,0.9191302359582394,0.9478632707050981
1.0,0.2,0.06,0.0,36,floor,43,-6.997556371881674,0.7209812040547634,4.397450369997975,-2.156973596906273,0.9069189108590522,0.9154102052549059
1.0,0.2,0.06,0.0,36,floor,44,-6.507234792405766,0.9370950098688602,13.060168158717481,3.790740159492891,0.913763703678617,0.9075464423250456
1.0,0.2,0.06,0.0,36,floor,45,-6.610772969091086,0.718035576210211,3.718459207039028,-1.3439369085909267,0.9204702420672697,0.9170745386124374
1.0,0.2,0.06,0.0,36,floor,46,-6.646949490433241,-0.014132089650951585,-3.5782644723290264,3.4016219786727784,0.9202035742309116,0.9530552223902277
1.0,0.2,0.06,0.0,36,floor,47,-6.104440395795923,0.942766688717205,8.040254668276045,-1.4297666816124759,0.9116937843091362,0.9062022311351345
1.0,0.2,0.06,0.0,36,floor,48,-7.111385596541896,1.8097620624973085,10.265266440770501,-4.3647929049663965,0.9108398545204843,0.9178510972394428
1.0,0.2,0.06,0.0,36,floor,49,-7.127182040113087,0.6079766771252144,-2.0806925028108836,-0.654042224129649,0.9224058561970305,0.944795901827982
1.0,0.2,0.06,0.0,40,sym,0,-9.4783096703915,0.46712767749554884,9.917275719785335,0.48604210208154086,2.3298610440325467,2.3152333502344398
1.0,0.2,0.06,0.0,40,sym,1,-11.779086168269057,0.17560054607810582,10.153400334584777,-0.5242951090368497,2.3204641530050094,2.2950277027727597
1.0,0.2,0.06,0.0,40,sym,2,-9.546051266366913,2.1833357090498726,10.733280931754756,0.5948088162296523,2.316394529767334,2.2918358983600626
1.0,0.2,0.06,0.0,40,sym,3,-11.60350874841785,1.2613930545577503,11.336078744717746,-0.10254865637826516,2.323748430625497,2.3021746384924255
1.0,0.2,0.06,0.0,40,sym,4,-11.05445403644732,-0.434706692998879,9.57538505491899,0.8996613012389276,2.317774732113848,2.3059197779551566
1.0,0.2,0.06,0.0,40,sym,5,-10.870095652866311,0.8691029314003637,11.905246544549776,-1.2108325075970818,2.333975160621922,2.3077122796444636
1.0,0.2,0.06,0.0,40,sym,6,-10.180221596715578,-0.19965969980752662,7.3848709402528065,0.3717438569733793,2.318397249404496,2.3111247962754056
1.0,0.2,0.06,0.0,40,sym,7,-12.037502838810294,1.284899630324679,9.412031912482057,-0.27050927364297084,2.3067168003050913,2.314165804045241
1.0,0.2,0.06,0.0,40,sym,8,-10.490378804208365,0.6718731231502488,11.2841165473585,-0.9414334736003839,2.3280246238446654,2.3150364427734695
1.0,0.2,0.06,0.0,40,sym,9,-11.587991508279995,0.5928503153828337,10.282996199792711,-0.9026800853600787,2.317814302269673,2.3299967247809334
1.0,0.2,0.06,0.0,40,sym,10,-12.094560742827412,0.17048021579938366,10.268984861285466,-0.9110963250360561,2.31883922260429,2.3169048599415305
1.0,0.2,0.06,0.0,40,sym,11,-11.986610006355853,1.1696251236833912,10.967429474551295,-0.7004980880917335,2.314245683777994,2.310229077063664
1.0,0.2,0.06,0.0,40,sym,12,-10.22525350932988,0.11234905947136187,8.931772870865498,1.2786067169814852,2.3404971982594382,2.311473192343135
1.0,0.2,0.06,0.0,40,sym,13,-11.411513855331634,1.3820852981746061,8.365200714938013,-0.31884468875462013,2.3176876584436634,2.2991113789793496
1.0,0.2,0.06,0.0,40,sym,14,-11.792377424545148,0.9083954380592798,10.106868798102,-0.27628238208976863,2.324381441865286,2.301987853884042
1.0,0.2,0.06,0.0,40,sym,15,-10.669818025179634,0.010374245251805636,11.435436934741372,-0.7390183260026787,2.31755252521053,2.317642703343943
1.0,0.2,0.06,0.0,40,sym,16,-8.919455275966929,-0.6055079383129018,9.969236449654066,1.2031937463073628,2.2957232424184104,2.3477297602106617
1.0,0.2,0.06,0.0,40,sym,17,-10.699525610756524,0.058370463885318635,9.518979392833845,-1.2088298448939012,2.3105712517271986,2.31883726056414
1.0,0.2,0.06,0.0,40,sym,18,-9.821655588592655,0.03957573132903236,9.371843160394892,-1.054384143999942,2.3371484650080445,2.3115980188410368
1.0,0.2,0.06,0.0,40,sym,19,-10.546769057045655,0.7549892814847605,13.355118661509778,-0.5058830458644257,2.3017422027251704,2.3125909266271654
1.0,0.2,0.06,0.0,40,sym,20,-12.332824482183543,0.45058578578391817,10.906386807855702,-1.085135776923126,2.3159583712677345,2.298104708475817
1.0,0.2,0.06,0.0,40,sym,21,-13.481179015213145,0.6876936724337186,10.479365875256985,0.044442346832861634,2.3191461942899387,2.3047725058984496
1.0,0.2,0.06,0.0,40,sym,22,-12.344894759223022,0.8086077650471457,9.271251119523521,0.7872202208425922,2.3429289478829194,2.304980073343579
1.0,0.2,0.06,0.0,40,sym,23,-12.430871329843754,0.8045102729857136,9.758905693577477,-0.7168782553883313,2.306687519565058,2.2875019725299697
1.0,0.2,0.06,0.0,40,sym,24,-9.605186441275855,0.06757198027028477,8.067318516598608,0.5628615756148694,2.331592936835105,2.3042354677327777
1.0,0.2,0.06,0.0,40,sym,25,-13.60014340413818,-0.03878073283177352,10.782580164885534,0.615048012596958,2.3137402174211323,2.322618330833714
1.0,0.2,0.06,0.0,40,sym,26,-11.40754389291433,-0.9523232435622768,8.537641822402176,-1.1033183175425734,2.3056768254166378,2.3212884633270816
1.0,0.2,0.06,0.0,40,sym,27,-13.165769620951071,1.2844247128090007,9.3452089032541,-1.0429227465709552,2.3059369461642105,2.307595801683231
1.0,0.2,0.06,0.0,40,sym,28,-11.027237508285754,0.5827079273470908,9.59093820944009,0.26476487343366983,2.321815505100512,2.3022403564278138
1.0,0.2,0.06,0.0,40,sym,29,-12.452846668164488,3.0967662999731767,10.057000921160713,-0.963005678838511,2.3189585713876566,2.2979117095483805
1.0,0.2,0.06,0.0,40,sym,30,-9.416460267083654,0.3153932361933973,10.132283579555473,-0.2653645417807289,2.284122360883262,2.3120073746920404
1.0,0.2,0.06,0.0,40,sym,31,-10.669028148801655,1.4065426228150881,10.627161758063417,-0.4132694200406304,2.319661910161321,2.322464857768903
1.0,0.2,0.06,0.0,40,sym,32,-8.939780606319584,2.3637722014331413,10.33216218427041,-1.6026739489678872,2.327868378627165,2.320862259149854
1.0,0.2,0.06,0.0,40,sym,33,-8.593970588739147,-0.42175694939024666,10.884627906272893,-2.5877710627714867,2.3037585477660696,2.3242886164434204
1.0,0.2,0.06,0.0,40,sym,34,-11.635863802950407,2.1303076574144515,10.021705733178308,-0.1849225707215152,2.296577101884839,2.3077906581652106
1.0,0.2,0.06,0.0,40,sym,35,-13.133396684007545,0.828801610936498,11.341673970077213,-1.1911759605600867,2.325477911503069,2.330050959531691
1.0,0.2,0.06,0.0,40,sym,36,-11.48850464155226,1.8845230634598324,11.294240397873818,0.0017316101103834747,2.299604130092064,2.3368690695934116
1.0,0.2,0.06,0.0,40,sym,37,-10.894107311268332,-0.730494044221333,10.350165121003888,0.6181939905217413,2.333902905916702,2.3365494320055054
1.0,0.2,0.06,0.0,40,sym,38,-10.435237190291932,1.7079310263287055,12.12422388890664,-0.9855879728487137,2.3210093210926477,2.304344726168717
1.0,0.2,0.06,0.0,40,sym,39,-9.880768502430481,0.7575202124066038,8.883945509322025,0.17638559194970904,2.3030064799862613,2.3161190648644716
1.0,0.2,0.06,0.0,40,sym,40,-11.91263681013487,0.4322640685339296,11.19429260243215,0.18417362765967793,2.3221509583983466,2.3202393556772014
1.0,0.2,0.06,0.0,40,sym,41,-11.560428434608498,0.11330524296682021,9.846680031664475,0.8196460630029971,2.3073246073770797,2.3132083402307644
1.0,0.2,0.06,0.0,40,sym,42,-9.523977852428397,0.2955302743306276,11.895332151394022,-1.867617450530294,2.310711939106458,2.300529716564688
1.0,0.2,0.06,0.0,40,sym,43,-13.136395967719817,0.012014425042371268,9.390820891442571,-1.1102626830177063,2.325250472415768,2.306088717867722
1.0,0.2,0.06,0.0,40,sym,44,-10.51718190705268,0.7310341543446639,9.013525443679537,-0.2876070831073574,2.3042466552136327,2.3117560899329703
1.0,0.2,0.06,0.0,40,sym,45,-10.72683692608574,1.2077812877806469,11.564079800467372,-1.064773610636622,2.3155545634924617,2.3111352141646693
1.0,0.2,0.06,0.0,40,sym,46,-10.931315753408253,-0.33764753765877575,9.779303160710779,-0.8571031048471176,2.288794696241585,2.3093397513621343
1.0,0.2,0.06,0.0,40,sym,47,-11.949554674197731,0.1306007425090927,11.51678297825519,-0.7381346258434084,2.310686759707929,2.314976990889846
1.0,0.2,0.06,0.0,40,sym,48,-12.665099199302439,1.4660958648893792,9.988148195637057,0.7131147406280411,2.3064831519576265,2.299179202028443
1.0,0.2,0.06,0.0,40,sym,49,-10.103118407382414,0.5362825793954908,9.334442177707167,0.4293258862106262,2.3034012542368854,2.2913118742698453
1.0,0.2,0.06,0.0,40,floor,0,-9.4783096703915,0.46712767749554884,15.869014834995683,-3.867294776608473,2.3298610440325467,2.2941814999405645
1.0,0.2,0.06,0.0,40,floor,1,-11.779086168269057,0.17560054607810582,7.190289352783682,-2.3560597622947124,2.3204641530050094,2.2909609276738365
1.0,0.2,0.06,0.0,40,floor,2,-9.546051266366913,2.1833357090498726,10.78613644895928,-10.496844699900235,2.316394529767334,2.2813653363469757
1.0,0.2,0.06,0.0,40,floor,3,-11.60350874841785,1.2613930545577503,-4.418003434454608,2.2751993113289215,2.323748430625497,2.3432468650041467
1.0,0.2,0.06,0.0,40,floor,4,-11.05445403644732,-0.434706692998879,11.433955180196222,-13.609324615942207,2.317774732113848,2.296812477654728
1.0,0.2,0.06,0.0,40,floor,5,-10.870095652866311,0.8691029314003637,-2.6935947394864144,-2.1245802799146416,2.333975160621922,2.364226816745814
1.0,0.2,0.06,0.0,40,floor,6,-10.180221596715578,-0.19965969980752662,32.19029726591424,-0.8275920102578396,2.318397249404496,2.2698803213593495
1.0,0.2,0.06,0.0,40,floor,7,-12.037502838810294,1.284899630324679,6.1665719405725055,10.839633973243568,2.3067168003050913,2.32734332428424
1.0,0.2,0.06,0.0,40,floor,8,-10.490378804208365,0.6718731231502488,0.9547027207881555,7.724093589110112,2.3280246238446654,2.3496183563989383
1.0,0.2,0.06,0.0,40,floor,9,-11.587991508279995,0.5928503153828337,6.050586757433761,8.384875630788057,2.317814302269673,2.332269376625479
1.0,0.2,0.06,0.0,40,floor,10,-12.094560742827412,0.17048021579938366,7.14105691155605,3.852276328668123,2.31883922260429,2.313790737822648
1.0,0.2,0.06,0.0,40,floor,11,-11.986610006355853,1.1696251236833912,4.947664342046233,-3.0622224414435526,2.314245683777994,2.314941165460926
1.0,0.2,0.06,0.0,40,floor,12,-10.22525350932988,0.11234905947136187,14.954737275359928,-14.51587496948395,2.3404971982594382,2.2914166734785537
1.0,0.2,0.06,0.0,40,floor,13,-11.411513855331634,1.3820852981746061,26.221178419772404,-6.375890945771058,2.3176876584436634,2.261491972501462
1.0,0.2,0.06,0.0,40,floor,14,-11.792377424545148,0.9083954380592798,7.734911322002641,0.9771648062923375,2.324381441865286,2.3218493544872123
1.0,0.2,0.06,0.0,40,floor,15,-10.669818025179634,0.010374245251805636,-0.6567279657704894,-2.4196667530019287,2.31755252521053,2.3524493109466675
1.0,0.2,0.06,0.0,40,floor,16,-8.919455275966929,-0.6055079383129018,8.416209883041077,-6.639062314288333,2.2957232424184104,2.317498919830669
1.0,0.2,0.06,0.0,40,floor,17,-10.699525610756524,0.058370463885318635,13.752062691623584,6.2900399529982565,2.3105712517271986,2.303663790011005
1.0,0.2,0.06,0.0,40,floor,18,-9.821655588592655,0.03957573132903236,14.3707160368581,-0.11808916293779026,2.3371484650080445,2.306967543067739
1.0,0.2,0.06,0.0,40,floor,19,-10.546769057045655,0.7549892814847605,-11.414590796901209,-8.474607667441806,2.3017422027251704,2.350149982301106
1.0,0.2,0.06,0.0,40,floor,20,-12.332824482183543,0.45058578578391817,-4.898786381389872,0.9693872525011233,2.3159583712677345,2.3660853671547253
1.0,0.2,0.06,0.0,40,floor,21,-13.481179015213145,0.6876936724337186,5.127127362718017,-5.512442921296859,2.3191461942899387,2.331581394959394
1.0,0.2,0.06,0.0,40,floor,22,-12.344894759223022,0.8086077650471457,18.024067517450195,-6.239752557934407,2.3429289478829194,2.2990336436904797
1.0,0.2,0.06,0.0,40,floor,23,-12.430871329843754,0.8045102729857136,9.5499012272222,0.9899086956681087,2.306687519565058,2.305080427982397
1.0,0.2,0.06,0.0,40,floor,24,-9.605186441275855,0.06757198027028477,22.218504228787832,-8.251691255896485,2.331592936835105,2.277818982309002
1.0,0.2,0.06,0.0,40,floor,25,-13.60014340413818,-0.03878073283177352,18.381783572909182,-16.01392401531977,2.3137402174211323,2.261355101215683
1.0,0.2,0.06,0.0,40,floor,26,-11.40754389291433,-0.9523232435622768,16.339460891761085,-3.811879520087438,2.3056768254166378,2.315487710487829
1.0,0.2,0.06,0.0,40,floor,27,-13.165769620951071,1.2844247128090007,13.48406729057869,3.101911153598539,2.3059369461642105,2.303795618044455
1.0,0.2,0.06,0.0,40,floor,28,-11.027237508285754,0.5827079273470908,15.742259429546785,-0.06240001406821749,2.321815505100512,2.2756454764319534
1.0,0.2,0.06,0.0,40,floor,29,-12.452846668164488,3.0967662999731767,9.51752712180802,2.4237013588965413,2.3189585713876566,2.316490114188822
1.0,0.2,0.06,0.0,40,floor,30,-9.416460267083654,0.3153932361933973,18.301456930415043,1.2752038201214573,2.284122360883262,2.274733976499523
1.0,0.2,0.06,0.0,40,floor,31,-10.669028148801655,1.4065426228150881,4.361550461474646,-6.020417051272949,2.319661910161321,2.3403426159119305
1.0,0.2,0.06,0.0,40,floor,32,-8.939780606319584,2.3637722014331413,10.080726725833411,10.604491839665311,2.327868378627165,2.309791232297544
1.0,0.2,0.06,0.0,40,floor,33,-8.593970588739147,-0.42175694939024666,9.635290519785114,11.247783111401262,2.3037585477660696,2.306889379997786
1.0,0.2,0.06,0.0,40,floor,34,-11.635863802950407,2.1303076574144515,12.578258373257718,-1.7389738165308848,2.296577101884839,2.3063414422033626
1.0,0.2,0.06,0.0,40,floor,35,-13.133396684007545,0.828801610936498,10.495969376489764,1.5875212705464596,2.325477911503069,2.296935127257057
1.0,0.2,0.06,0.0,40,floor,36,-11.48850464155226,1.8845230634598324,6.0530965194688955,0.05080474147741909,2.299604130092064,2.3380745445961493
1.0,0.2,0.06,0.0,40,floor,37,-10.894107311268332,-0.730494044221333,21.363416721997545,-8.631205319365368,2.333902905916702,2.2689499537326365
1.0,0.2,0.06,0.0,40,floor,38,-10.435237190291932,1.7079310263287055,0.7701240433819745,-4.076949198947791,2.3210093210926477,2.3090038373164776
1.0,0.2,0.06,0.0,40,floor,39,-9.880768502430481,0.7575202124066038,17.850740204220312,-12.11349242201664,2.3030064799862613,2.2951265262048013
1.0,0.2,0.06,0.0,40,floor,40,-11.91263681013487,0.4322640685339296,0.247508195172502,-3.3055746228710023,2.3221509583983466,2.3497608409660242
1.0,0.2,0.06,0.0,40,floor,41,-11.560428434608498,0.11330524296682021,12.461233649186052,-10.13169594718593,2.3073246073770797,2.2944243725873488
1.0,0.2,0.06,0.0,40,floor,42,-9.523977852428397,0.2955302743306276,3.377170149680518,4.233580438881267,2.310711939106458,2.3068603537508205
1.0,0.2,0.06,0.0,40,floor,43,-13.136395967719817,0.012014425042371268,7.387903770492261,-1.4955792435088042,2.325250472415768,2.33502400030962
1.0,0.2,0.06,0.0,40,floor,44,-10.51718190705268,0.7310341543446639,12.49934132921201,-0.26700804850280857,2.3042466552136327,2.3096410900032254
1.0,0.2,0.06,0.0,40,floor,45,-10.72683692608574,1.2077812877806469,-2.9611540670463548,-0.1802890790342817,2.3155545634924617,2.3477505704768116
1.0,0.2,0.06,0.0,40,floor,46,-10.931315753408253,-0.33764753765877575,14.268416058948006,1.4861037889163509,2.288794696241585,2.2977992683798236
1.0,0.2,0.06,0.0,40,floor,47,-11.949554674197731,0.1306007425090927,11.529443825550334,-1.1344804435046365,2.310686759707929,2.2785433341377157
1.0,0.2,0.06,0.0,40,floor,48,-12.665099199302439,1.4660958648893792,13.367409007528018,-8.789414976708262,2.3064831519576265,2.3001031129307354
1.0,0.2,0.06,0.0,40,floor,49,-10.103118407382414,0.5362825793954908,10.64736113938846,-10.248334372129491,2.3034012542368854,2.3063327724656024
1.0,0.2,0.06,0.0,44,sym,0,-10.97021467233726,-1.0796455293996252,13.22320216469295,0.8957629445026787,4.662565846299038,4.631672784773841
1.0,0.2,0.06,0.0,44,sym,1,-8.193825585619955,-0.6370527207293359,9.895433977353044,0.05549015904836718,4.6762653028301795,4.626323649166249
1.0,0.2,0.06,0.0,44,sym,2,-13.856053172152548,-0.1745559325806143,9.795300535577018,-2.061384953826141,4.649708807947888,4.663318358582305
1.0,0.2,0.06,0.0,44,sym,3,-12.66442492322935,-0.4006497251287229,14.174121388012514,0.7989498152314827,4.637688723390882,4.667805836039163
1.0,0.2,0.06,0.0,44,sym,4,-9.938090390307362,-0.8772291816396383,13.016783500115565,1.4338490459756912,4.655521996082536,4.629306209563411
1.0,0.2,0.06,0.0,44,sym,5,-13.604699698312608,-2.96607052090735,11.784827530066538,0.5882362140999531,4.668431744825221,4.683430699061756
1.0,0.2,0.06,0.0,44,sym,6,-13.7017976037135,-3.5797575455201005,9.394961359211173,0.3898136931787801,4.623211831458298,4.655939065141616
1.0,0.2,0.06,0.0,44,sym,7,-11.380735517569127,-2.1802126506493207,12.42934908098647,2.1436713982722564,4.644700597816429,4.6402373474220555
1.0,0.2,0.06,0.0,44,sym,8,-8.300822025620096,-2.833534436197801,8.332313481419385,2.4019103745038533,4.673523700486258,4.652221034965377
1.0,0.2,0.06,0.0,44,sym,9,-12.413816544971914,-1.3003121969585143,11.01829638076708,-0.860602981222641,4.601236003604503,4.642870261053864
1.0,0.2,0.06,0.0,44,sym,10,-15.326615403229251,0.10072624485126047,13.135899591112299,-0.9381396040705595,4.620675673970954,4.673211229441254
1.0,0.2,0.06,0.0,44,sym,11,-13.773383407292165,-1.0712703467744578,8.231627319155535,0.4909941011851564,4.6382057384412905,4.652512754026662
1.0,0.2,0.06,0.0,44,sym,12,-14.022647780614163,-1.84479650142007,14.056857175673716,-0.1081228154046674,4.668476511487786,4.683726965731156
1.0,0.2,0.06,0.0,44,sym,13,-10.54109085657003,-0.6581372982404554,14.197356429235018,-0.9010484222995648,4.650436938554365,4.621468190967724
1.0,0.2,0.06,0.0,44,sym,14,-13.047677537376572,-1.8269808814783808,11.302922735579802,-1.5773947067789285,4.640579676763896,4.656651882172346
1.0,0.2,0.06,0.0,44,sym,15,-11.977875115573923,-0.5493570008909381,10.959466183861945,1.280998778813601,4.674204576861593,4.639232258212363
1.0,0.2,0.06,0.0,44,sym,16,-13.52229549441956,-0.2756993805986805,11.161603000756957,0.22165019815290377,4.644132680721703,4.6773885727815285
1.0,0.2,0.06,0.0,44,sym,17,-13.246740014811188,-2.3333982853689803,11.102802897231877,-1.0758401223772236,4.661340547344204,4.666520825149204
1.0,0.2,0.06,0.0,44,sym,18,-13.184796107758624,-1.5887997912593788,12.364210268566406,1.7821068706350163,4.65117371840169,4.677920737714338
1.0,0.2,0.06,0.0,44,sym,19,-11.486633123225314,-0.49668229160129007,7.712802056237122,2.3821141214771377,4.679515104017242,4.665601421502938
1.0,0.2,0.06,0.0,44,sym,20,-10.521332700375467,-0.6416610820433366,7.312571944394845,1.5442245232085035,4.626177804628822,4.631318515251302
1.0,0.2,0.06,0.0,44,sym,21,-10.324228946779202,0.8422846828041979,11.38695020523482,0.634227966605521,4.671207017365383,4.629435184472335
1.0,0.2,0.06,0.0,44,sym,22,-11.576662482998266,-0.3844762041315968,6.541486873109012,1.1661791151964715,4.6609330170313426,4.672107766961517
1.0,0.2,0.06,0.0,44,sym,23,-10.14402107259678,-2.8376423621967617,12.402899465789343,-0.744149456652937,4.658340095216524,4.671444231652566
1.0,0.2,0.06,0.0,44,sym,24,-12.123477051288877,0.1534553811295618,12.90245152358085,1.6620259235163144,4.6676184352353545,4.645355146482437
1.0,0.2,0.06,0.0,44,sym,25,-12.806048167767557,-1.440722526130532,10.30573964458727,-0.3575649456889658,4.622854725854914,4.69335117958652
1.0,0.2,0.06,0.0,44,sym,26,-12.223602010342955,-1.893240848381092,8.659078221094637,1.3134926999827545,4.669797987632329,4.630255892824485
1.0,0.2,0.06,0.0,44,sym,27,-12.285551487035578,-0.17243312590855586,9.601588303995689,0.44165231193314014,4.6617082325965224,4.661694215597023
1.0,0.2,0.06,0.0,44,sym,28,-10.708110444793551,-3.488540804233945,9.656200423830688,2.3657171933452386,4.625969728718084,4.648310289242996
1.0,0.2,0.06,0.0,44,sym,29,-12.194020609187687,-1.7357463814695828,8.063570303920098,2.5484440353795756,4.6625327681092426,4.6538277910945425
1.0,0.2,0.06,0.0,44,sym,30,-13.466748163042196,-1.8027721243336305,10.066130458602446,-0.1323552864379034,4.65310394395558,4.652377872753422
1.0,0.2,0.06,0.0,44,sym,31,-14.155055313333797,-1.8365768494357058,11.454681198061369,0.7727634466124362,4.630899313470714,4.625188193066642
1.0,0.2,0.06,0.0,44,sym,32,-14.07149299466772,-1.2344175475169163,9.077841329745167,0.008936509150492933,4.6443626452575115,4.666244033830587
1.0,0.2,0.06,0.0,44,sym,33,-8.737117695130586,1.3490096319299423,11.486023605164391,-0.5640263817153754,4.649073984588664,4.642122231339531
1.0,0.2,0.06,0.0,44,sym,34,-12.717264086586972,-2.4792735555426435,13.611297626498047,1.1197486638768468,4.646676302782489,4.677741253009491
1.0,0.2,0.06,0.0,44,sym,35,-8.210758757828131,2.225889875786593,10.473152001950421,0.9316389932258393,4.6592125738474435,4.662347821163807
1.0,0.2,0.06,0.0,44,sym,36,-11.77298131172869,-0.9221696589541666,12.885005460908241,0.6917951846452755,4.645101708379122,4.668693856709885
1.0,0.2,0.06,0.0,44,sym,37,-14.673573114444414,-1.7557648431162445,9.726335973414557,1.4514979099521343,4.657544185382039,4.651733526369422
1.0,0.2,0.06,0.0,44,sym,38,-12.734414402055677,-1.4787954388255504,11.413427168147022,2.074516611424133,4.633582412233487,4.654553089792798
1.0,0.2,0.06,0.0,44,sym,39,-8.502831319224097,-0.7683726381630129,7.822006415192826,-0.19233975389019076,4.675675974533508,4.620820724111995
1.0,0.2,0.06,0.0,44,sym,40,-8.443016714839551,-0.10902064309818238,8.060593390023346,3.487434360914982,4.6429762049085594,4.634313471701232
1.0,0.2,0.06,0.0,44,sym,41,-14.461489020302666,-0.5098322308882484,12.786184372922676,1.5596602426665083,4.670764965170775,4.669241328747814
1.0,0.2,0.06,0.0,44,sym,42,-13.241995983222195,-0.6609086559960407,10.631382691203349,1.1192306349659287,4.658555958408387,4.705712218076155
1.0,0.2,0.06,0.0,44,sym,43,-8.730611026900618,-3.3975409739370472,12.635707421007869,1.7408671899828496,4.6536421326365955,4.6950677237124845
1.0,0.2,0.06,0.0,44,sym,44,-13.886035811861875,0.0913943620688693,10.230352129832848,0.6791013199696123,4.641409651054317,4.623538621650452
1.0,0.2,0.06,0.0,44,sym,45,-11.631610879887665,-1.428318712873847,7.907951469247077,1.249547824024054,4.653214054100532,4.654879646896057
1.0,0.2,0.06,0.0,44,sym,46,-8.869441710277012,-1.0543503074257123,8.200490520400876,-2.0190803595176456,4.64869397952154,4.655172219318093
1.0,0.2,0.06,0.0,44,sym,47,-13.041793872696799,-3.1185187048665486,10.260924615489953,1.5464794365409644,4.648599063681697,4.664561706488698
1.0,0.2,0.06,0.0,44,sym,48,-10.884090639823667,-1.5552302660125736,12.210506576925443,1.3246964138710897,4.640273623738545,4.638339315160074
1.0,0.2,0.06,0.0,44,sym,49,-10.113759245960816,-2.24744705390965,11.514930269065983,2.036600736943887,4.649605616243452,4.640158056181157
1.0,0.2,0.06,0.0,44,floor,0,-10.97021467233726,-1.0796455293996252,-6.849063083736937,-3.867392411356315,4.662565846299038,4.701071317487331
1.0,0.2,0.06,0.0,44,floor,1,-8.193825585619955,-0.6370527207293359,8.779461110156065,4.0200297410083685,4.6762653028301795,4.6742643510241
1.0,0.2,0.06,0.0,44,floor,2,-13.856053172152548,-0.1745559325806143,16.656028772292903,24.503303416784146,4.649708807947888,4.620262302483892
1.0,0.2,0.06,0.0,44,floor,3,-12.66442492322935,-0.4006497251287229,-16.214398368243423,15.394949461375678,4.637688723390882,4.6977719593989
1.0,0.2,0.06,0.0,44,floor,4,-9.938090390307362,-0.8772291816396383,-8.045849659487384,9.95677023236021,4.655521996082536,4.688688985182471
1.0,0.2,0.06,0.0,44,floor,5,-13.604699698312608,-2.96607052090735,9.072095350975927,4.258798153006854,4.668431744825221,4.653066243571322
1.0,0.2,0.06,0.0,44,floor,6,-13.7017976037135,-3.5797575455201005,20.423157872286243,2.711310697576401,4.623211831458298,4.614815357934754
1.0,0.2,0.06,0.0,44,floor,7,-11.380735517569127,-2.1802126506493207,-34.595731949602694,0.6149528297663172,4.644700597816429,4.823938157729138
1.0,0.2,0.06,0.0,44,floor,8,-8.300822025620096,-2.833534436197801,33.3601975175986,-12.097775091866566,4.673523700486258,4.603569441454697
1.0,0.2,0.06,0.0,44,floor,9,-12.413816544971914,-1.3003121969585143,20.926573638986742,-6.602008891230896,4.601236003604503,4.586535712843911
1.0,0.2,0.06,0.0,44,floor,10,-15.326615403229251,0.10072624485126047,1.2969156016895553,-0.5412658476546022,4.620675673970954,4.646950998288041
1.0,0.2,0.06,0.0,44,floor,11,-13.773383407292165,-1.0712703467744578,38.64340563800762,12.638542947336354,4.6382057384412905,4.5556214062489016
1.0,0.2,0.06,0.0,44,floor,12,-14.022647780614163,-1.84479650142007,11.912083767356572,2.9714541118694493,4.668476511487786,4.5905465274822035
1.0,0.2,0.06,0.0,44,floor,13,-10.54109085657003,-0.6581372982404554,-17.706574958599568,24.487469610295182,4.650436938554365,4.706588224204644
1.0,0.2,0.06,0.0,44,floor,14,-13.047677537376572,-1.8269808814783808,18.616396081168617,18.80422599504019,4.640579676763896,4.574764308352901
1.0,0.2,0.06,0.0,44,floor,15,-11.977875115573923,-0.5493570008909381,-4.831527128314388,10.670316535198872,4.674204576861593,4.696940338396393
1.0,0.2,0.06,0.0,44,floor,16,-13.52229549441956,-0.2756993805986805,3.0645230300207658,17.64131529028834,4.644132680721703,4.678371658600982
1.0,0.2,0.06,0.0,44,floor,17,-13.246740014811188,-2.3333982853689803,13.318403586421102,17.881177294301786,4.661340547344204,4.636653822209146
1.0,0.2,0.06,0.0,44,floor,18,-13.184796107758624,-1.5887997912593788,3.0589450886337275,-3.4609984925712025,4.65117371840169,4.653485727462074
1.0,0.2,0.06,0.0,44,floor,19,-11.486633123225314,-0.49668229160129007,49.354884199237475,-1.115231292500483,4.679515104017242,4.535336614081745
1.0,0.2,0.06,0.0,44,floor,20,-10.521332700375467,-0.6416610820433366,15.825981874151314,-10.959536352645717,4.626177804628822,4.642876327292768
1.0,0.2,0.06,0.0,44,floor,21,-10.324228946779202,0.8422846828041979,-3.798465888380008,-0.8423306087339641,4.671207017365383,4.686026375806055
1.0,0.2,0.06,0.0,44,floor,22,-11.576662482998266,-0.3844762041315968,8.0942483355313,10.065627979899507,4.6609330170313426,4.683992631342276
1.0,0.2,0.06,0.0,44,floor,23,-10.14402107259678,-2.8376423621967617,11.879050405902353,14.567658206354299,4.658340095216524,4.617326171219526
1.0,0.2,0.06,0.0,44,floor,24,-12.123477051288877,0.1534553811295618,-14.983899745647584,-5.892300772380235,4.6676184352353545,4.702663913897153
1.0,0.2,0.06,0.0,44,floor,25,-12.806048167767557,-1.440722526130532,19.645499802396778,6.515263194149341,4.622854725854914,4.630242199170057
1.0,0.2,0.06,0.0,44,floor,26,-12.223602010342955,-1.893240848381092,8.144334861998688,4.626899854021835,4.669797987632329,4.719193891113413
1.0,0.2,0.06,0.0,44,floor,27,-12.285551487035578,-0.17243312590855586,23.174642653314688,-0.2286918164527063,4.6617082325965224,4.598234986014738
1.0,0.2,0.06,0.0,44,floor,28,-10.708110444793551,-3.488540804233945,27.461542939418095,7.339964079804441,4.625969728718084,4.575807949624763
1.0,0.2,0.06,0.0,44,floor,29,-12.194020609187687,-1.7357463814695828,30.94781313566348,-17.165189159506834,4.6625327681092426,4.5789799034464105
1.0,0.2,0.06,0.0,44,floor,30,-13.466748163042196,-1.8027721243336305,18.674086387023156,2.7970306808813543,4.65310394395558,4.656820365899107
1.0,0.2,0.06,0.0,44,floor,31,-14.155055313333797,-1.8365768494357058,-4.49441009366247,-8.32292714898135,4.630899313470714,4.677775952013216
1.0,0.2,0.06,0.0,44,floor,32,-14.07149299466772,-1.2344175475169163,31.213087458659558,-7.6305292873552775,4.6443626452575115,4.590946712747864
1.0,0.2,0.06,0.0,44,floor,33,-8.737117695130586,1.3490096319299423,6.617923192330435,13.967205240531484,4.649073984588664,4.655387086613139
1.0,0.2,0.06,0.0,44,floor,34,-12.717264086586972,-2.4792735555426435,-9.955941428772917,10.915142238124737,4.646676302782489,4.6836863330543315
1.0,0.2,0.06,0.0,44,floor,35,-8.210758757828131,2.225889875786593,23.17998915399221,1.2362762912716145,4.6592125738474435,4.594932013567155
1.0,0.2,0.06,0.0,44,floor,36,-11.77298131172869,-0.9221696589541666,14.818348636295825,2.6392641044116054,4.645101708379122,4.575313700296043
1.0,0.2,0.06,0.0,44,floor,37,-14.673573114444414,-1.7557648431162445,9.930854559718219,-5.1118484433551545,4.657544185382039,4.649222367975236
1.0,0.2,0.06,0.0,44,floor,38,-12.734414402055677,-1.4787954388255504,11.630042561873863,-22.038687702065967,4.633582412233487,4.649564792158806
1.0,0.2,0.06,0.0,44,floor,39,-8.502831319224097,-0.7683726381630129,30.95506221610586,7.939264883001257,4.675675974533508,4.57587623146244
1.0,0.2,0.06,0.0,44,floor,40,-8.443016714839551,-0.10902064309818238,32.28709025234653,-19.31446187935269,4.6429762049085594,4.5813110122120015
1.0,0.2,0.06,0.0,44,floor,41,-14.461489020302666,-0.5098322308882484,-1.4409473774933126,0.38346115376733714,4.670764965170775,4.694719408895723
1.0,0.2,0.06,0.0,44,floor,42,-13.241995983222195,-0.6609086559960407,23.060742546961453,-2.1672725632313123,4.658555958408387,4.6057482046447635
1.0,0.2,0.06,0.0,44,floor,43,-8.730611026900618,-3.3975409739370472,-2.0279469637618774,-0.8533863283575205,4.6536421326365955,4.694119949035063
1.0,0.2,0.06,0.0,44,floor,44,-13.886035811861875,0.0913943620688693,15.035988639447794,-6.2408559176402685,4.641409651054317,4.600928956232994
1.0,0.2,0.06,0.0,44,floor,45,-11.631610879887665,-1.428318712873847,38.67713544457408,-10.126610923588238,4.653214054100532,4.550849445878923
1.0,0.2,0.06,0.0,44,floor,46,-8.869441710277012,-1.0543503074257123,14.882289716073776,18.762769137657543,4.64869397952154,4.679326095589798
1.0,0.2,0.06,0.0,44,floor,47,-13.041793872696799,-3.1185187048665486,15.197935208937823,-11.772134177176198,4.648599063681697,4.647978101690685
1.0,0.2,0.06,0.0,44,floor,48,-10.884090639823667,-1.5552302660125736,7.461798662362728,-4.007494135508805,4.640273623738545,4.6232105961714165
1.0,0.2,0.06,0.0,44,floor,49,-10.113759245960816,-2.24744705390965,-6.374183004937496,0.896408421144395,4.649605616243452,4.678474247901404
