id,T,sigma,r,d,K,price,delta,gamma,theta,vega,volga,vanna,rho,phi,ex_region,rho_fwd,phi_fwd
0,0.5,0.1,0.06,0.0,36.0,0.030389909456091296,-0.028075190804752216,0.02363202364896969,-0.11985228980291099,1.8052204938435163,64.95756991257836,-1.2132449061468362,-0.5103048762838269,0.4978073673964425,False,-0.5100802659204484,0.4979386395252485
1,0.5,0.1,0.06,0.0,40.0,0.7346752334359655,-0.4088096974067602,0.1846055404334573,-0.451621142119607,10.163606124609915,14.50310668321464,-0.36584107034337565,-4.7871418307803095,4.61048519906466,False,-4.788256174663997,4.6092632980794805
2,0.5,0.1,0.06,0.0,44.0,4.0,-1.0,0.0,0.0,0.0,0.0,0.0,0.0,0.0,True,0.0,0.0
3,0.5,0.2,0.06,0.0,36.0,0.49776731422403936,-0.16067008742994274,0.04494322475268655,-1.022708997365951,6.844989245827665,29.570774316716918,-1.0649041041280893,-2.9172530138725876,2.7272861814286036,False,-2.9181268450162725,2.7266641363669355
4,0.5,0.2,0.06,0.0,40.0,1.7915078750380078,-0.42559782797288126,0.07896695331853366,-1.3980176493713081,10.791735101893721,2.2077050603404778,-0.046606417050278535,-6.428680487372144,5.900093160370619,False,-6.431009790007325,5.897966798398491
5,0.5,0.2,0.06,0.0,44.0,4.309095147771402,-0.756285107910399,0.09070659415556376,-0.8289533750627243,7.992336223867369,51.24138734184195,2.1476633473504294,-6.622435415765349,5.945646560440906,False,-6.62018557325128,5.945315936038753
6,0.5,0.4,0.06,0.0,36.0,2.1992302924736165,-0.27594327179355144,0.030512680491628596,-3.1114060075965178,9.402880856075841,4.545063721455023,-0.26831095279347683,-5.478421647115391,4.657764364081089,False,-5.478148991772791,4.658247818494665
7,0.5,0.4,0.06,0.0,40.0,3.97176410007027,-0.41859213653640265,0.03665301205986164,-3.4486594165263895,10.936387783788115,0.04080155346623352,0.08026936154873672,-7.817675374599506,6.495999942081461,False,-7.817534212390509,6.49654861912885
8,0.5,0.4,0.06,0.0,44.0,6.326114560350361,-0.563716078345483,0.038886892020755674,-3.245037314044019,10.927522337367563,3.0349682578526918,0.4829256292265753,-9.530007323761117,7.7300545520361625,False,-9.530199855751764,7.7298849646267875
9,1.0,0.1,0.06,0.0,36.0,0.08945528946382139,-0.0545264702274935,0.030490020931313252,-0.10768932042193313,4.296511609927272,109.35505150719484,-1.7523910877872446,-1.796118424169124,1.731687278836312,False,-1.7963031852531175,1.7313711209305944
10,1.0,0.1,0.06,0.0,40.0,0.8892858456326064,-0.39011452357089016,0.15054685409842478,-0.21474285758427136,13.360996335150551,31.048307449578573,-0.3125176885540611,-7.634408312413761,7.278037155427935,False,-7.634478125882915,7.2765468375993185
11,1.0,0.1,0.06,0.0,44.0,4.0,-1.0,0.0,0.0,0.0,0.0,0.0,0.0,0.0,True,0.0,0.0
12,1.0,0.2,0.06,0.0,36.0,0.9166063680422115,-0.19787362704938233,0.03806037632465122,-0.688038991222939,10.899208663044263,32.579129622289926,-0.9505138535646135,-6.740941711583413,6.118106829662628,False,-6.742054815416066,6.117227010230986
13,1.0,0.2,0.06,0.0,40.0,2.3140351078942816,-0.40402368768094676,0.05966622464144344,-0.8008203026528271,14.747355720504865,5.677224648780547,-0.021303112924601447,-11.324341023546552,10.103674306693641,False,-11.324820803181535,10.10454695910723
14,1.0,0.2,0.06,0.0,44.0,4.653467996681787,-0.6648055819655774,0.07646413130643417,-0.5721109546703573,12.86590371800367,48.38832385422857,1.9065991804338729,-12.061234953319419,10.567415778786577,False,-12.05997838704942,10.566123919300896
15,1.0,0.4,0.06,0.0,36.0,3.43650613839745,-0.2863306584336266,0.02268092415020481,-2.009774466068759,13.444942509244484,4.080391809324624,-0.15200261508439375,-11.393226747802743,9.050031275406342,False,-11.393742067812074,9.048389931221035
16,1.0,0.4,0.06,0.0,40.0,5.311898495035665,-0.39030277210044817,0.02651973583935197,-2.1390857745959835,15.055730855858911,0.1112774733632212,0.11985683283978754,-14.638083041260908,11.378017052146694,False,-14.63785431794129,11.377035276808112
17,1.0,0.4,0.06,0.0,44.0,7.610346327295621,-0.4966456139756693,0.02910666553403943,-2.0770830666165807,15.480296096220473,1.9332142771114984,0.43466355084655167,-17.120039007370913,13.021310627377028,False,-17.12031055969998,13.020126156161105
18,2.0,0.1,0.06,0.0,36.0,0.17129723135528427,-0.07509940088923406,0.031330104492301586,-0.06012444139952278,7.417583979459599,156.00341209227113,-2.033433385104466,-4.192298865771631,3.9872563728870745,False,-4.191374059350633,3.986870465939152
19,2.0,0.1,0.06,0.0,40.0,1.0240825448369626,-0.3729036884839381,0.13008343098769873,-0.08425362218522636,16.796444582257955,60.42341815317709,-0.18750417909736786,-11.266084725009819,10.623048597140489,False,-11.264457805356344,10.62165771714907
20,2.0,0.1,0.06,0.0,44.0,4.0,-1.0,0.0,0.0,0.0,0.0,0.0,0.0,0.0,True,0.0,0.0
21,2.0,0.2,0.06,0.0,36.0,1.4316797058115738,-0.21654398193250213,0.031089363617486536,-0.3892533056415459,15.80838219794237,37.20186391748056,-0.8092504506647743,-13.421473429588104,11.7410261293045,False,-13.419625009190362,11.74156719285202
22,2.0,0.2,0.06,0.0,40.0,2.8845193495890413,-0.3795691909586366,0.046818116449332814,-0.4141425188621817,19.656848914809128,12.074647139084979,0.031775654552858766,-19.046398566103424,16.417983276974635,False,-19.047018463146383,16.416562156182923
23,2.0,0.2,0.06,0.0,44.0,5.0831466389104,-0.5897026492451721,0.0639061817113556,-0.32472271967076693,18.491004692175185,52.68978484988196,1.7437220953155659,-20.136077019432022,17.10702885090069,False,-20.13512189740929,17.107719288783407
24,2.0,0.4,0.06,0.0,36.0,4.964281236240156,-0.27860041922185597,0.01680766382270274,-1.1848831128489223,18.47898197125059,1.167552845006507,-0.041610666723740364,-22.181864027793466,16.12373550085655,False,-22.185587454985,16.120566655241753
25,2.0,0.4,0.06,0.0,40.0,6.916993593079366,-0.3551767320368931,0.019526394740082328,-1.2319347807450143,20.268733173676196,-2.0252414561738874,0.1752425273739607,-26.605926823099296,18.964099216410848,False,-26.603994583086266,18.965530215857118
26,2.0,0.4,0.06,0.0,44.0,9.18193418435522,-0.43421733096924936,0.02192495352192755,-1.213356430513457,21.115488990428883,0.19822592399521,0.4279404359650907,-30.074301612393956,21.0354466065709,False,-30.069931553478924,21.038421757672232
27,1.0,0.2,0.0,0.0,36.0,1.43564324642192,-0.26539432662194395,0.0409738667861898,-1.3111637371580738,13.111637371580736,17.53818885411269,-0.699510079472849,-12.051416311299677,10.615773064877757,False,-12.051416311299677,10.615773064877757
28,1.0,0.2,0.0,0.0,40.0,3.1862269821623173,-0.460172162722971,0.049619068434626476,-1.5878101899080475,15.878101899080473,-0.7939050949540238,0.19847627373850588,-21.59311349108116,18.40688650891884,False,-21.59311349108116,18.40688650891884
29,1.0,0.2,0.0,0.0,44.0,5.716804376563953,-0.646746308471937,0.046454805457429166,-1.4865537746377333,14.865537746377333,16.136597665041325,1.071342394014218,-31.586656715441435,25.869852338877482,False,-31.586656715441435,25.869852338877482
30,1.0,0.2,0.06,0.06,36.0,1.364582798454638,-0.2534119925745662,0.039517948095606735,-1.182699404219667,12.487271785717498,16.94842031269239,-0.6766850038342366,-10.188272264751626,9.07995271736182,False,-10.187250073936172,9.079619179698351
31,1.0,0.2,0.06,0.06,40.0,3.041965167649954,-0.4432615275503822,0.04899956680275665,-1.385468306480675,15.160322707207063,-0.7125173923879421,0.18930712555366344,-16.817890589007806,14.624469548260985,False,-16.81633554296336,14.623593732381313
32,1.0,0.2,0.06,0.06,44.0,5.490669311884797,-0.6314504929289255,0.04821135826438006,-1.2133233486020245,14.084183751424135,16.857543689532406,1.0944881640012099,-21.294825456189695,18.011997887287098,False,-21.29188240384705,18.010334424040764
33,1.0,0.2,0.01,0.01,40.0,3.1595593759801677,-0.45679202655442974,0.049396839993551094,-1.5491033616199523,15.74562408231895,-0.7797956988101854,0.1967802314207919,-18.93571652418913,16.375897686240776,False,-18.927041427401647,16.330351627765083
34,1.0,0.2,0.01,0.01,44.0,5.672868933220852,-0.6429814766499911,0.04651370191926293,-1.43170981224916,14.728616173209494,16.148545851587908,1.0706529924055557,-25.58020758834778,21.440126058639283,False,-25.560488640264722,21.37267950860622
