alpha0,rep,h_rot,beta_q,abs_beta_q,sigma2_local,f_x0,alpha_star
0.5,0,0.3030727278699488,97610.36234042533,97610.36234042533,0.2299621191611213,1.5,0.27327115814476566
0.5,1,0.30144490562378345,44020.91580295111,44020.91580295111,0.21778084848487392,1.5,0.29403910164492597
0.5,2,0.31126366410420353,-350333.4013587611,350333.4013587611,0.20822524261729924,1.5,0.24081556357223474
0.5,3,0.30939189569083103,272081.7955560039,272081.7955560039,0.2076973481947099,1.5,0.24665361744564612
0.5,4,0.2823123710107865,695735.4413670452,695735.4413670452,0.19516411383284848,1.5,0.22488861835460733
0.5,5,0.3259179872505015,42572.24114066865,42572.24114066865,0.22139441815275793,1.5,0.295208917993122
0.5,6,0.3218090037380255,-153576.6092617079,153576.6092617079,0.2186598746261989,1.5,0.26109942540426334
0.5,7,0.2894170555731646,-381761.11548394203,381761.11548394203,0.21312660922877968,1.5,0.23911805047123774
0.5,8,0.3711833712833636,-51766.10102668051,51766.10102668051,0.2061126595876304,1.5,0.28877714062468696
0.5,9,0.28290036018337467,-359885.7569419145,359885.7569419145,0.2101408356060208,1.5,0.24030414308106737
0.5,10,0.2976274345267441,-659660.3767020105,659660.3767020105,0.21557473094164234,1.5,0.22710504321238503
0.5,11,0.29948533917460274,72794.90764061507,72794.90764061507,0.20585353811233392,1.5,0.27953504849171473
0.5,12,0.31202252720334556,-107305.5759975889,107305.5759975889,0.19954210753971724,1.5,0.2689940239966358
0.5,13,0.35132992552186026,23095.86856599683,23095.86856599683,0.21747530496862955,1.5,0.3126472420609571
0.5,14,0.2943607209186408,-297813.5317832592,297813.5317832592,0.2151716950328206,1.5,0.2449520213445648
0.5,15,0.34564037717020646,-44050.83883751273,44050.83883751273,0.22241401084410178,1.5,0.29431495918644707
0.5,16,0.384328512891597,-4841.182572644007,4841.182572644007,0.2098537417198408,1.5,0.36219609698492833
0.5,17,0.2999607250563067,260778.1584103601,260778.1584103601,0.2222771713379155,1.5,0.24845377854773582
0.5,18,0.327085614063691,-90340.57301174945,90340.57301174945,0.2123255767449949,1.5,0.27424887421867916
0.5,19,0.2788372439028829,689898.2403669186,689898.2403669186,0.21347244160636408,1.5,0.22603221193201298
0.5,20,0.3172773893768492,162183.2102586081,162183.2102586081,0.22106219707267866,1.5,0.2598822217511413
0.5,21,0.3484990861234965,78404.46971916805,78404.46971916805,0.21069808101479764,1.5,0.27787333154478283
0.5,22,0.2967453741241602,76110.4626047902,76110.4626047902,0.21868235474302908,1.5,0.27915428621700733
0.5,23,0.3523555792969622,43289.588128527765,43289.588128527765,0.21853866640333314,1.5,0.29455733478585044
0.5,24,0.29828700891473375,98905.03104210211,98905.03104210211,0.21318792129913974,1.5,0.2719458491265578
0.5,25,0.3016706429039503,-121792.98011614877,121792.98011614877,0.21873433091431896,1.5,0.2669338813949673
0.5,26,0.3012739835133659,15308.7990595355,15308.7990595355,0.21532433442189874,1.5,0.3249809563779284
0.5,27,0.29783314197666566,574548.1408094991,574548.1408094991,0.2112820147309703,1.5,0.22989235152240123
0.5,28,0.2958719373581109,-75680.72389929098,75680.72389929098,0.20060909190345833,1.5,0.2781599121113532
0.5,29,0.28710881851620945,366032.3778076907,366032.3778076907,0.22893181200270502,1.5,0.24089734890350537
0.5,30,0.3010419400242412,-325289.55045769754,325289.55045769754,0.21792915348260813,1.5,0.24304926090446008
0.5,31,0.35400071250944826,-12969.44846049396,12969.44846049396,0.20926180352906246,1.5,0.32970557993485394
0.5,32,0.30739721703414224,1213.155066575188,1213.155066575188,0.22043550674589446,1.5,0.41419283455484995
0.5,33,0.2900209477974014,-76761.31360755602,76761.31360755602,0.23126095049462175,1.5,0.2796718175742362
0.5,34,0.3179780013032616,176232.216963821,176232.216963821,0.21440527673407894,1.5,0.25745901449524944
0.5,35,0.3098409858966209,65440.75940088207,65440.75940088207,0.21501959210059413,1.5,0.2829711906421664
0.5,36,0.3193754974973243,-28865.89543096669,28865.89543096669,0.21338081294389621,1.5,0.30580011692889525
0.5,37,0.3090834437587384,216013.5051462452,216013.5051462452,0.2142399160911344,1.5,0.2525070556275549
0.5,38,0.3641826837147337,55419.63352537522,55419.63352537522,0.21729452869963153,1.5,0.287630283141389
0.5,39,0.2836165065167071,66301.88670860107,66301.88670860107,0.2097166346490856,1.5,0.28228322247810517
0.5,40,0.30810159512662744,-44694.85966630921,44694.85966630921,0.21363068382393943,1.5,0.293345040969728
0.5,41,0.36640555954896636,26987.574528500343,26987.574528500343,0.2293759292948101,1.5,0.3088271662208418
0.5,42,0.29772487255892066,435451.7971209574,435451.7971209574,0.2086089248297789,1.5,0.23589925621246763
0.5,43,0.2866393104250711,-95634.19168187027,95634.19168187027,0.21227170702829326,1.5,0.2727622940412359
0.5,44,0.3487126904155928,53777.31542201102,53777.31542201102,0.21541628444749497,1.5,0.28833629499828334
0.5,45,0.35855158785156377,-68139.67343834967,68139.67343834967,0.21882134984105683,1.5,0.2821194899344105
0.5,46,0.2913004505548854,107377.40869786826,107377.40869786826,0.2162802592622702,1.5,0.2700105776158732
0.5,47,0.30353991458893514,-520059.4537939308,520059.4537939308,0.21759582273281688,1.5,0.23240997020778253
0.5,48,0.3074292542052006,-331512.9640239196,331512.9640239196,0.20867918478965328,1.5,0.24211042764548893
0.5,49,0.32530428396786143,61517.46256906468,61517.46256906468,0.20393908875798208,1.5,0.28392601538907014
0.5,50,0.31970616185000017,-222656.9158340923,222656.9158340923,0.21711864878037493,1.5,0.251939735260512
0.5,51,0.33708063357274937,-6896.978756710836,6896.978756710836,0.20550268336252472,1.5,0.34984177455892573
0.5,52,0.34500993619767323,2087.0289247169117,2087.0289247169117,0.2081481083297345,1.5,0.39226285247020737
0.5,53,0.37637072454232323,-19442.637834593024,19442.637834593024,0.216673809098966,1.5,0.31776061232807207
0.5,54,0.3283251885290318,-133035.91325985533,133035.91325985533,0.21836815401124174,1.5,0.2646774797795224
0.5,55,0.28792011178591265,66282.00234848257,66282.00234848257,0.21793518640278395,1.5,0.2828084932478697
0.5,56,0.2967475560558687,105837.07118028447,105837.07118028447,0.20751108105625268,1.5,0.2698500026255964
0.5,57,0.31153376828535734,57271.97163955709,57271.97163955709,0.20478655785241998,1.5,0.2859227347480131
0.5,58,0.29812863499395614,-346482.11325072293,346482.11325072293,0.20996021350200417,1.5,0.2411644920872585
0.5,59,0.30380113940899844,102903.1370528555,102903.1370528555,0.20322494887762135,1.5,0.2703046865260941
0.5,60,0.3589383112794548,-49498.41053933706,49498.41053933706,0.20824567150388443,1.5,0.2901539671126615
0.5,61,0.3092087792158587,-8798.425687970066,8798.425687970066,0.20357755917287373,1.5,0.34166930520556527
0.5,62,0.3919938006437808,4249.313696866029,4249.313696866029,0.20202717268496917,1.5,0.3660591855884344
0.5,63,0.31582302057661116,50645.55896187624,50645.55896187624,0.2123097589531611,1.5,0.2897881323012747
0.5,64,0.3266915864292429,162416.28180494104,162416.28180494104,0.20808732917021824,1.5,0.25909932180680656
0.5,65,0.352214232212318,19959.264435991827,19959.264435991827,0.20686318827494132,1.5,0.31626935749276364
0.5,66,0.2994422504341751,-221782.55550505858,221782.55550505858,0.21824463328701366,1.5,0.2520962501075071
0.5,67,0.28845027049588146,483161.84263669234,483161.84263669234,0.20617379848192932,1.5,0.2334444215310572
0.5,68,0.2990256930968135,89455.04355687856,89455.04355687856,0.21656604501945756,1.5,0.274764890586997
0.5,69,0.311115261378152,-62619.7089015672,62619.7089015672,0.2193583947680322,1.5,0.28443168521583584
0.5,70,0.29341416885406246,-101338.74993400478,101338.74993400478,0.22165723288452674,1.5,0.2718207911099924
0.5,71,0.33724970820226235,-174718.5594525326,174718.5594525326,0.21874188912445316,1.5,0.2579164295968257
0.5,72,0.3249565871137222,57813.23547114999,57813.23547114999,0.2159892867984123,1.5,0.2863921389200995
0.5,73,0.3132513064811451,125023.77777378916,125023.77777378916,0.20673421798302113,1.5,0.265554658779862
0.5,74,0.30095138076294714,31273.098898614862,31273.098898614862,0.2267832398640074,1.5,0.304357841745659
0.5,75,0.3386580283955598,6837.531450627606,6837.531450627606,0.20854392012288778,1.5,0.3503753390519465
0.5,76,0.28523680633638376,529200.9095348764,529200.9095348764,0.21295540860166273,1.5,0.23178654861609074
0.5,77,0.3008174939702944,-854811.3969205534,854811.3969205534,0.22686917671491352,1.5,0.2221078039306379
0.5,78,0.304681192024225,-116679.08617538336,116679.08617538336,0.2220876603752702,1.5,0.2682208635127533
0.5,79,0.3320695491021196,73126.24469575036,73126.24469575036,0.2132192715346441,1.5,0.2798823333710443
0.5,80,0.3357099848890119,-127832.77983706738,127832.77983706738,0.2172482195473167,1.5,0.2656200242473357
0.5,81,0.3138530859640378,122815.0058682448,122815.0058682448,0.20577503433103536,1.5,0.26594694459799684
0.5,82,0.30529860106473744,-32221.29375970594,32221.29375970594,0.21560646775498812,1.5,0.30276374131142314
0.5,83,0.3391336174547736,95100.04827181328,95100.04827181328,0.20812420605792575,1.5,0.27265152075782473
0.5,84,0.29606317954959305,148156.36103817422,148156.36103817422,0.2130851687364201,1.5,0.26167244703181564
0.5,85,0.32788723087913013,-59147.55732960206,59147.55732960206,0.20606233195797238,1.5,0.2851309091305757
0.5,86,0.3186483399329961,151613.25961522473,151613.25961522473,0.21408328176039534,1.5,0.26115638674362956
0.5,87,0.31649824004723964,-131515.39770866328,131515.39770866328,0.2133267237546924,1.5,0.2646728522983441
0.5,88,0.3382613447593584,129162.51899485002,129162.51899485002,0.22142688645627748,1.5,0.2655992180335583
0.5,89,0.3475048320722278,-4853.089551931154,4853.089551931154,0.2114803572471028,1.5,0.3622445362318758
0.5,90,0.3025163093470277,414789.6807401364,414789.6807401364,0.20654704565687512,1.5,0.23688187296539667
0.5,91,0.3205078847226543,247267.43698324624,247267.43698324624,0.20872242610242958,1.5,0.2489687209676893
0.5,92,0.3002724518728171,242433.47917971134,242433.47917971134,0.2046057415763127,1.5,0.24920079576256815
0.5,93,0.3081514256018577,65036.86979885072,65036.86979885072,0.22240932818607534,1.5,0.28359403813927203
0.5,94,0.35894217583132226,-10948.71884709992,10948.71884709992,0.22829274287900725,1.5,0.3364588393476667
0.5,95,0.29173758194707555,1048.103261521045,1048.103261521045,0.21078608809654312,1.5,0.41910773002049956
0.5,96,0.28870013158427826,64443.64204501199,64443.64204501199,0.21128189635061875,1.5,0.28314874386635325
0.5,97,0.3463941954507392,8538.659715983296,8538.659715983296,0.21008749602504787,1.5,0.34315985861937714
0.5,98,0.2896490398896514,-322551.7344385297,322551.7344385297,0.22729565686257883,1.5,0.24373291051562854
0.5,99,0.2845502777170027,87106.56450736364,87106.56450736364,0.21675562466795525,1.5,0.2754734254526702
1.0,0,0.5820801619748757,555.0802909166398,555.0802909166398,0.21945689007603636,0.75,0.4610886411134587
1.0,1,0.6301099238664846,191.41869949506184,191.41869949506184,0.19476453962341986,0.75,0.5074009309761653
1.0,2,0.5642772871230545,269.1619925287744,269.1619925287744,0.21188159280026272,0.75,0.49316845315957397
1.0,3,0.6894641825509814,24.083732773815655,24.083732773815655,0.2070754549052853,0.75,0.6199517919560804
1.0,4,0.6319106204454757,294.6883995736017,294.6883995736017,0.20954795422180847,0.75,0.4886733967741288
1.0,5,0.7519818616062722,-25.05446303133072,25.05446303133072,0.20605577290473992,0.75,0.6174779059373972
1.0,6,0.6698727867396242,-51.61478144055955,51.61478144055955,0.21561508524544024,0.75,0.5776503745816137
1.0,7,0.5789741894609558,-357.1750806469631,357.1750806469631,0.217497836925267,0.75,0.4806563267761947
1.0,8,0.7238934814328034,-47.682253383562696,47.682253383562696,0.2163557777984856,0.75,0.5821217430805549
1.0,9,0.5736829397184386,65.0540638862242,65.0540638862242,0.2175958320811241,0.75,0.5653048534643168
1.0,10,0.6862243802963067,-6.223577010114195,6.223577010114195,0.22642993670195793,0.75,0.7082321973084992
1.0,11,0.6021035334313414,-228.56399557138445,228.56399557138445,0.2090346861181745,0.75,0.5005851941357304
1.0,12,0.63836668719487,119.61992683330948,119.61992683330948,0.20988838980350683,0.75,0.5325294736758791
1.0,13,0.7573587740555583,0.016465629151418228,0.016465629151418228,0.22062681223758604,0.75,1.244833541977838
1.0,14,0.7252102598322561,-10.495803710099201,10.495803710099201,0.20010105715602253,0.75,0.6698885222392607
1.0,15,0.5880483962179742,195.3001279725552,195.3001279725552,0.20468456362249446,0.75,0.5076312490106225
1.0,16,0.6403861627783137,-185.87084541888436,185.87084541888436,0.21019249748133134,0.75,0.5106746305019254
1.0,17,0.6303295235896972,-115.69986122906246,115.69986122906246,0.21437037888771027,0.75,0.5347598346908516
1.0,18,0.7160302676448208,-3.9729687721631906,3.9729687721631906,0.21516462770066874,0.75,0.7373684728498859
1.0,19,0.8643866911841284,0.9384411488079293,0.9384411488079293,0.20218665994666565,0.75,0.8434987861753035
1.0,20,0.6830783512767592,-74.93570789195049,74.93570789195049,0.21815812141025365,0.75,0.5578110296642824
1.0,21,0.6597294789650529,-94.58139490041769,94.58139490041769,0.2127671530720329,0.75,0.5449284087703227
1.0,22,0.5964636761070263,-65.00892088398489,65.00892088398489,0.20976258485262023,0.75,0.5643560817252312
1.0,23,0.6091943436999355,-503.69524842675406,503.69524842675406,0.22007591386998507,0.75,0.46543664769821225
1.0,24,0.5493797853729114,856.3364022046186,856.3364022046186,0.21613115158769783,0.75,0.442116143928378
1.0,25,0.6920590847010318,-8.477053012916949,8.477053012916949,0.2217346840757619,0.75,0.6870066019663972
1.0,26,0.6171582996436559,8.493673541419646,8.493673541419646,0.21229068563927,0.75,0.6854562909006041
1.0,27,0.6131161133043851,-12.241298819007248,12.241298819007248,0.20673484174650147,0.75,0.6611713073168585
1.0,28,0.572981993919208,-121.09251456875528,121.09251456875528,0.20192243809490718,0.75,0.5309301568858208
1.0,29,0.6363833601899668,144.75298995737694,144.75298995737694,0.20765841356220538,0.75,0.5226786361817588
1.0,30,0.6725472758531903,-24.980704691640906,24.980704691640906,0.21546754742824753,0.75,0.618966347288557
1.0,31,0.5832034273666389,169.33274394269125,169.33274394269125,0.22338835029413956,0.75,0.5167230149989318
1.0,32,0.6077432415017504,399.1888471443673,399.1888471443673,0.21352120198740418,0.75,0.4751747001256258
1.0,33,0.6651442036632962,23.692474765629424,23.692474765629424,0.20670754360676918,0.75,0.6208670437376229
1.0,34,0.5633770276581817,516.5728570974836,516.5728570974836,0.21198335240408483,0.75,0.4634913284642018
1.0,35,0.6757088635157772,94.58397571960498,94.58397571960498,0.2171083956913986,0.75,0.5454513700774151
1.0,36,0.6365909647436122,76.82325505683329,76.82325505683329,0.22300188225829035,0.75,0.5570732506168723
1.0,37,0.6151474068100514,-249.35613083062398,249.35613083062398,0.21117371584356615,0.75,0.4966922495814337
1.0,38,0.6287560000542591,-272.15717849595677,272.15717849595677,0.21178923893615528,0.75,0.49263872993633756
1.0,39,0.6739651427903187,-21.15899782819195,21.15899782819195,0.20569659637953977,0.75,0.62744385014326
1.0,40,0.6973974675827543,151.12513526231578,151.12513526231578,0.22265139912200727,0.75,0.5222694635118084
1.0,41,0.5822102789454481,-371.2620034790151,371.2620034790151,0.22536512320409358,0.75,0.4796998369137042
1.0,42,0.7299582793787396,71.02244996654211,71.02244996654211,0.22322670698157682,0.75,0.5612811833120819
1.0,43,0.7295599722837296,6.807301830440957,6.807301830440957,0.21922146954225963,0.75,0.7011299081719525
1.0,44,0.680815185634518,24.783557059123773,24.783557059123773,0.22374281048877448,0.75,0.6205462387565202
1.0,45,0.5904785337281677,355.01719468111787,355.01719468111787,0.21935858783433163,0.75,0.48112894325350253
1.0,46,0.6664835914956303,46.541113057323386,46.541113057323386,0.21528154376884262,0.75,0.583327953178
1.0,47,0.6712221650223172,-34.11530204321951,34.11530204321951,0.22552661000803484,0.75,0.6021721932965517
1.0,48,0.5904145637149796,-83.15975268429548,83.15975268429548,0.21328957928089068,0.75,0.551713059484774
1.0,49,0.5714162295354841,-737.2112728738741,737.2112728738741,0.2196679843265144,0.75,0.4488151718000025
1.0,50,0.6237115206731564,-79.50941195208634,79.50941195208634,0.20693462857825212,0.75,0.553279209755843
1.0,51,0.6228602937635207,-2.7617788621450847,2.7617788621450847,0.2030178344298836,0.75,0.7612431771308699
1.0,52,0.6376827764086173,105.62274742007321,105.62274742007321,0.226238830751585,0.75,0.5408069481286291
1.0,53,0.5910334811454416,-101.74599069716244,101.74599069716244,0.21158822518636297,0.75,0.5410088746052995
1.0,54,0.5642545626486511,397.10682800681724,397.10682800681724,0.2139215740841989,0.75,0.475453820129839
1.0,55,0.6984011083007479,-88.47633323457083,88.47633323457083,0.21273320051942188,0.75,0.5483981938319472
1.0,56,0.6051286728739425,54.65316419553353,54.65316419553353,0.20709712056626345,0.75,0.5734105163800329
1.0,57,0.6379125887439295,8.099633293260444,8.099633293260444,0.20615683406889418,0.75,0.6876037004859652
1.0,58,0.6336501114563468,86.13346555580824,86.13346555580824,0.20496644063758143,0.75,0.5488287669439761
1.0,59,0.7205838118483068,-50.642345941580395,50.642345941580395,0.20120100534417792,0.75,0.5767941510349494
1.0,60,0.7365951134241329,-22.383513990540045,22.383513990540045,0.21224724615054458,0.75,0.6250233314555441
1.0,61,0.643353415550096,147.5258419006775,147.5258419006775,0.2193391530097473,0.75,0.5230963364495277
1.0,62,0.5845480936699657,-310.8100421336084,310.8100421336084,0.21261528770026847,0.75,0.4865373393153847
1.0,63,0.6034268066942193,28.705016896795325,28.705016896795325,0.21378813800269,0.75,0.6106007016472946
1.0,64,0.6136769882954831,353.99539588955315,353.99539588955315,0.2143040610973567,0.75,0.48072708689407123
1.0,65,0.8448692333657382,0.5363124339911433,0.5363124339911433,0.20821903950400045,0.75,0.8909109268162555
1.0,66,0.5861432109571364,-260.7756511847202,260.7756511847202,0.22063020160002297,0.75,0.49561135311560095
1.0,67,0.5861736719305339,229.14775086482695,229.14775086482695,0.22411403815084605,0.75,0.5021263440278281
1.0,68,0.7287858156828074,-20.821735837320613,20.821735837320613,0.22831593518467916,0.75,0.6315344277063215
1.0,69,0.6372157965221498,-105.46369465865976,105.46369465865976,0.21104322158009073,0.75,0.5390967349861011
1.0,70,0.66982255817668,29.37019744741784,29.37019744741784,0.21212279832030603,0.75,0.6090431220146548
1.0,71,0.6368100093960275,-115.27619113087646,115.27619113087646,0.22449085550422418,0.75,0.5361230872859979
1.0,72,0.5973506373173278,322.4991908487408,322.4991908487408,0.22589924934392538,0.75,0.4862308555403177
1.0,73,0.6008886369756682,-160.06054079081383,160.06054079081383,0.2082874939734198,0.75,0.517773143492695
1.0,74,0.643798380228721,-319.80426622398335,319.80426622398335,0.2106146706111222,0.75,0.48499887744001274
1.0,75,0.5859095043266829,-138.3332749614725,138.3332749614725,0.21750274152357246,0.75,0.5261007134755459
1.0,76,0.6692734430406951,-38.35790513626082,38.35790513626082,0.2147856151304047,0.75,0.5941052190551507
1.0,77,0.7067226668229055,-14.5996314016288,14.5996314016288,0.20852009859682955,0.75,0.650436246030813
1.0,78,0.7204002977025555,19.77032559113964,19.77032559113964,0.20774783972352803,0.75,0.6318119229113892
1.0,79,0.6643461712528849,72.50669151157257,72.50669151157257,0.20404470520296158,0.75,0.5577850605136611
1.0,80,0.6486827173270812,-143.6103765759208,143.6103765759208,0.2057031847110698,0.75,0.5228376917626943
1.0,81,0.599532132353835,210.48762192966794,210.48762192966794,0.20953593424505848,0.75,0.5045860856924616
1.0,82,0.6804181525817374,-9.865159387397364,9.865159387397364,0.2139347954531855,0.75,0.6760020670175918
1.0,83,0.720235231552127,-84.58963098454434,84.58963098454434,0.2110758621209965,0.75,0.5505444157277333
1.0,84,0.5864757557801907,475.65061969611736,475.65061969611736,0.21484118179460668,0.75,0.4674468345686291
1.0,85,0.640911312488785,-171.70143095467992,171.70143095467992,0.21446820926600196,0.75,0.5150394487431381
1.0,86,0.578176540230378,17.080797805488846,17.080797805488846,0.20229468245584997,0.75,0.639861351018091
1.0,87,0.6075830431787562,-6.537636374417615,6.537636374417615,0.21394980031257377,0.75,0.7030187947665617
1.0,88,0.5637469137450576,365.4403731081781,365.4403731081781,0.20928237210774137,0.75,0.4787316465186905
1.0,89,0.6640247591992409,44.66185874769947,44.66185874769947,0.21124260194071184,0.75,0.5850942998265646
1.0,90,0.6637980253932814,-95.96434428784073,95.96434428784073,0.21083010210213293,0.75,0.5439386384753249
1.0,91,0.6070048509578605,-130.74295760771935,130.74295760771935,0.2261291016275038,0.75,0.5299164329511747
1.0,92,0.6390419534704394,244.50244723689056,244.50244723689056,0.21927755089812892,0.75,0.49851610410022296
1.0,93,0.5919215562546193,15.60868495062023,15.60868495062023,0.20156022047708466,0.75,0.6452655089251895
1.0,94,0.6618603961632946,114.44695414116231,114.44695414116231,0.21955621903524125,0.75,0.5359243068607893
1.0,95,0.6391771369207745,-115.7466216542788,115.7466216542788,0.21916118043998764,0.75,0.5353023571701258
1.0,96,0.6418072852993889,65.84336908445039,65.84336908445039,0.20698672062148377,0.75,0.5633135207265465
1.0,97,0.5555570588992365,32.36582673197751,32.36582673197751,0.21320517656552437,0.75,0.6035818509702283
1.0,98,0.5717161984142541,321.9346022503522,321.9346022503522,0.20125941061412114,0.75,0.48364475710194793
1.0,99,0.6241247223468178,70.84222754355517,70.84222754355517,0.2203870461210965,0.75,0.5610748556905076
2.5,0,1.6896473427771324,-0.007562906746459928,0.007562906746459928,0.21665993685734816,0.3,1.3991540815971113
2.5,1,1.5841260455830841,-0.020605389718339546,0.020605389718339546,0.21542104944431842,0.3,1.2714244545782103
2.5,2,1.7382653803346295,0.003812965637821327,0.003812965637821327,0.22882133832977927,0.3,1.4973428039824808
2.5,3,1.6235917837079852,0.03071724914582535,0.03071724914582535,0.21170759525787064,0.3,1.222972040544037
2.5,4,1.4893258786982342,-0.055198623731216756,0.055198623731216756,0.20949955602749848,0.3,1.1559984015188878
2.5,5,1.9135951779605167,0.0033834808664769244,0.0033834808664769244,0.21061137216395842,0.3,1.5085129113622326
2.5,6,1.5361554611389487,-0.002952920877348191,0.002952920877348191,0.21623892536725503,0.3,1.5301150042267242
2.5,7,1.8404400756891184,-3.234059871201581e-05,3.234059871201581e-05,0.20964773015385801,0.3,2.348543131437943
2.5,8,1.6488286520230755,-0.014292169724918747,0.014292169724918747,0.20565979416290175,0.3,1.3136003497766684
2.5,9,1.9215187520305752,0.0011830827513465215,0.0011830827513465215,0.21788263305954236,0.3,1.669985675792664
2.5,10,1.5401596598458192,-0.01439126614131935,0.01439126614131935,0.22444965182016816,0.3,1.3182128305697904
2.5,11,2.3761083867580637,0.00016380075202506754,0.00016380075202506754,0.23049649827855886,0.3,2.0214244598207545
2.5,12,1.7198020858790921,0.004535822907828601,0.004535822907828601,0.21605211718210354,0.3,1.4687687088056425
2.5,13,1.9151465190901646,-0.00029565007025131996,0.00029565007025131996,0.22108164232769714,0.3,1.9070851987504862
2.5,14,1.5183555459211104,0.02870458431378316,0.02870458431378316,0.21403995723597924,0.3,1.231533067811842
2.5,15,1.559831557533403,-0.04349228648737378,0.04349228648737378,0.21885617111351124,0.3,1.18500315167516
2.5,16,1.9433263146005442,-0.001983149674560138,0.001983149674560138,0.22621518433794877,0.3,1.592660268057093
2.5,17,1.5574431238160336,0.005329027681602699,0.005329027681602699,0.2117992465804812,0.3,1.4450283556851593
2.5,18,1.7719256236896772,-0.0012817255929386945,0.0012817255929386945,0.20722961862747857,0.3,1.6533456887230213
2.5,19,1.5328785506105285,0.012418245397845688,0.012418245397845688,0.22182351170309395,0.3,1.336106468529937
2.5,20,1.6793333599162532,0.0015774209377876676,0.0015774209377876676,0.22017151439339383,0.3,1.625663049275284
2.5,21,1.526606852198863,0.006785502889057761,0.006785502889057761,0.21315455989190288,0.3,1.4125849148210805
2.5,22,1.56369330824017,0.020218768625843285,0.020218768625843285,0.22490356707940742,0.3,1.2763355572810042
2.5,23,1.697900448670709,0.012341806350641324,0.012341806350641324,0.20829776868332078,0.3,1.3328932087675947
2.5,24,1.7774521104013354,0.0002499390402770936,0.0002499390402770936,0.22648713011434768,0.3,1.94006685776347
2.5,25,1.5495036617349072,-0.007171209655733256,0.007171209655733256,0.20837989827237416,0.3,1.4036516697678865
2.5,26,1.8624950414559127,-0.0020656704277175176,0.0020656704277175176,0.21737898518910087,0.3,1.583481138724917
2.5,27,1.5372131620875813,0.01635521348238965,0.01635521348238965,0.2157035667085384,0.3,1.2997876013844818
2.5,28,1.4575598816230304,0.012314482728180467,0.012314482728180467,0.2126764756896801,0.3,1.3344959414676747
2.5,29,1.6682922066238672,0.0015165001683112602,0.0015165001683112602,0.21246084687273992,0.3,1.629004734900907
2.5,30,2.2241322312828493,-0.0001685740235381629,0.0001685740235381629,0.22455060429428864,0.3,2.013394893716846
2.5,31,1.7886830645040548,0.0006555244881705781,0.0006555244881705781,0.20948796338482642,0.3,1.763281859652383
2.5,32,1.5424946727781732,-0.03083849771284237,0.03083849771284237,0.22241592587276848,0.3,1.2253891645407513
2.5,33,1.8040395813048942,-0.007209834469283122,0.007209834469283122,0.2265365685615331,0.3,1.4085261232520743
2.5,34,1.791288372554712,0.0008719399761601715,0.0008719399761601715,0.21518267955748224,0.3,1.7182115714091233
2.5,35,1.6090403896594945,0.01830873238524734,0.01830873238524734,0.21524723927579262,0.3,1.2857653865629228
2.5,36,1.6316327380042566,0.005421156750191314,0.005421156750191314,0.21747972922471878,0.3,1.4444907631686503
2.5,37,1.8568650725830882,-0.0012796952348344511,0.0012796952348344511,0.21868032904994691,0.3,1.65783582209139
2.5,38,1.6021459247177243,-0.01966796299210921,0.01966796299210921,0.22299990067995856,0.3,1.2791794851472997
2.5,39,1.7016657972628526,0.007225487977514576,0.007225487977514576,0.21696253195958684,0.3,1.405342482431198
2.5,40,1.6091321367872269,-0.00034372759459295316,0.00034372759459295316,0.21882458991108308,0.3,1.8789959289762967
2.5,41,1.8054690053835876,-0.00201110149186757,0.00201110149186757,0.2118554049315234,0.3,1.5855792224035279
2.5,42,1.5590187687994541,0.016312666659666485,0.016312666659666485,0.21316795464190724,0.3,1.2993782272078362
2.5,43,1.6385970279297344,-0.0002554116379790297,0.0002554116379790297,0.2064421741892204,0.3,1.9275444326064646
2.5,44,1.8151106261712997,0.002896428216697034,0.002896428216697034,0.21704384943548768,0.3,1.5332037351978178
2.5,45,1.6588510635559586,0.00358819271788617,0.00358819271788617,0.22180593439794002,0.3,1.5038008651839516
2.5,46,1.6170156875191022,-0.002273233341733479,0.002273233341733479,0.22031684537305277,0.3,1.5701105672325486
2.5,47,1.7033273029406637,-0.0041601428282838,0.0041601428282838,0.21599504229002972,0.3,1.4808938624590913
2.5,48,1.5316268410597644,0.01055789422601604,0.01055789422601604,0.2149640987147955,0.3,1.3548902721940603
2.5,49,1.5305481598389148,-0.008529768062945654,0.008529768062945654,0.2172089896023357,0.3,1.3833811076414555
2.5,50,1.714599901384483,0.007468539143315071,0.007468539143315071,0.22735747567040498,0.3,1.4040467919631847
2.5,51,2.0018330988250277,-0.0017227383062711397,0.0017227383062711397,0.21824109548020082,0.3,1.611400470522766
2.5,52,1.928248097741467,0.0004214939107527191,0.0004214939107527191,0.21069953285264964,0.3,1.8395323975103433
2.5,53,1.574384848191807,-0.027749458446568433,0.027749458446568433,0.2150776597443207,0.3,1.235793166245643
2.5,54,1.7138653936804105,-0.0028499087052978414,0.0028499087052978414,0.2181063951942921,0.3,1.5359269541720957
2.5,55,1.6395351533285198,-0.014739311167311586,0.014739311167311586,0.21331195305130377,0.3,1.3120324513316848
2.5,56,1.6435633810294712,0.011638697755775697,0.011638697755775697,0.2133249715380657,0.3,1.3418830798756285
2.5,57,1.6788749092528565,0.0007883123604202347,0.0007883123604202347,0.21693182401903235,0.3,1.7354590713501414
2.5,58,1.8651766923654565,0.004691487690762549,0.004691487690762549,0.21668747662998672,0.3,1.46426092710274
2.5,59,1.5679058623875968,0.0034057062328208825,0.0034057062328208825,0.21070603829790718,0.3,1.5076048278361296
2.5,60,1.9608883106065798,0.00032354413256154414,0.00032354413256154414,0.21264230361922531,0.3,1.8872789279009914
2.5,61,1.4880177978079998,0.025253424158412332,0.025253424158412332,0.21284611063724596,0.3,1.2463172147859811
2.5,62,1.567339822704042,-0.0033538645773930936,0.0033538645773930936,0.22383701388693408,0.3,1.514161494801047
2.5,63,1.4549767669074658,-0.013226244543112954,0.013226244543112954,0.2146023909910947,0.3,1.3260178471619333
2.5,64,1.5154363401917146,-0.02772819206433736,0.02772819206433736,0.20970159339002642,0.3,1.2343945516997323
2.5,65,1.6737741135133508,-0.014840955620778098,0.014840955620778098,0.21374508159000286,0.3,1.3113006338981055
2.5,66,1.7165898495656549,-0.0036076677458208644,0.0036076677458208644,0.21621901495739865,0.3,1.5012010606174064
2.5,67,1.6533790659321812,-0.012981153905600028,0.012981153905600028,0.21326461395961072,0.3,1.3279865928024965
2.5,68,1.7518124875977061,0.003231172920909176,0.003231172920909176,0.22043980783891284,0.3,1.5184390956561609
2.5,69,1.562785541441084,0.031023149892751716,0.031023149892751716,0.21971566202317996,0.3,1.223980507325123
2.5,70,1.6722578866842663,-0.004325625669463362,0.004325625669463362,0.21140086724986934,0.3,1.473892856589848
2.5,71,1.8730466673839805,6.73744916333795e-05,6.73744916333795e-05,0.2213220495170264,0.3,2.1956460573882137
2.5,72,1.6215197171577291,-0.010857129231281997,0.010857129231281997,0.21297933097262894,0.3,1.350691979481042
2.5,73,1.8271100584525155,-0.0036927777013057985,0.0036927777013057985,0.22238656556009706,0.3,1.4998784736934845
2.5,74,1.5367880948480688,0.03349284308312622,0.03349284308312622,0.21987346775804248,0.3,1.2151255348668075
2.5,75,1.4444471960926413,-0.009014388408193567,0.009014388408193567,0.20669052944677135,0.3,1.3728708471650943
2.5,76,1.6032350897637666,0.009863222888361443,0.009863222888361443,0.22003176472447955,0.3,1.3652151355840791
2.5,77,1.582592096059054,-0.00010220495701449296,0.00010220495701449296,0.21993112985387048,0.3,2.1095804843522408
2.5,78,1.4837035564085506,-0.020812317553909533,0.020812317553909533,0.22099070712943092,0.3,1.2717600049159101
2.5,79,2.053846113954138,0.000419795573607693,0.000419795573607693,0.2194724409026032,0.3,1.8438181055980032
2.5,80,1.663110699574241,0.008049095671585703,0.008049095671585703,0.22687166074718118,0.3,1.3939301685238408
2.5,81,1.6644836145513238,0.008877089332894529,0.008877089332894529,0.2241849837523189,0.3,1.3802088003310302
2.5,82,1.5305335673097142,0.005062004028858147,0.005062004028858147,0.21433183454793886,0.3,1.4529425044346047
2.5,83,1.7566462726013403,-0.0010442435925896436,0.0010442435925896436,0.22241619529473508,0.3,1.6916161107504397
2.5,84,1.7496410843578385,0.0030884547929246283,0.0030884547929246283,0.21196805727662404,0.3,1.5221427777096315
2.5,85,1.480727012739314,0.008586717069762669,0.008586717069762669,0.21325741539724175,0.3,1.3812964989304588
2.5,86,1.6625197101937264,-0.0034016128721948086,0.0034016128721948086,0.22746439018599765,0.3,1.513282290168365
2.5,87,1.460799430717078,-0.013748133971754633,0.013748133971754633,0.2165926371251913,0.3,1.3217204027467464
2.5,88,1.786423706547278,-0.008803886514216257,0.008803886514216257,0.22223836469166527,0.3,1.380724167480669
2.5,89,1.5879889852184157,0.012971264332955246,0.012971264332955246,0.20803375346302153,0.3,1.3265134017930167
2.5,90,1.7799792292408763,-0.0010747150099807271,0.0010747150099807271,0.21696067095238056,0.3,1.6849947666029996
2.5,91,1.7370030007293549,-0.0007140150025090909,0.0007140150025090909,0.22290618564761663,0.3,1.7541656677593118
2.5,92,1.5853296829910182,0.014993306563854293,0.014993306563854293,0.21592221229654052,0.3,1.310658106281049
2.5,93,1.6184067017092425,-0.00824256904748028,0.00824256904748028,0.21057237649394175,0.3,1.385851634754816
2.5,94,1.7401770379274375,-0.0024569789338950592,0.0024569789338950592,0.2018007621611641,0.3,1.552028789617477
2.5,95,1.5689542433625094,0.008068448622851056,0.008068448622851056,0.2092838182908374,0.3,1.388266674939571
2.5,96,1.9165550211917264,7.672652386606312e-05,7.672652386606312e-05,0.21580543933406268,0.3,2.1660282954052015
2.5,97,1.648891444864844,0.008648750444905248,0.008648750444905248,0.2182961082348716,0.3,1.381885697207305
2.5,98,1.6669150407614903,-0.006827336025330649,0.006827336025330649,0.21737376158479516,0.3,1.4130766096388325
2.5,99,1.5717804895110323,-6.242349929001582e-05,6.242349929001582e-05,0.218968169345502,0.3,2.2105385765630228
5.0,0,3.4468542001031675,8.680318930419529e-06,8.680318930419529e-06,0.2288511517315469,0.15,2.762784440376095
5.0,1,3.401043605123629,-6.907869094533229e-06,6.907869094533229e-06,0.2232515283465087,0.15,2.820210347310201
5.0,2,3.2566622983172797,-1.0189217202133324e-05,1.0189217202133324e-05,0.22363027652016443,0.15,2.7179450911375644
5.0,3,3.693455525520608,-3.6948773190129744e-06,3.6948773190129744e-06,0.23141009189983636,0.15,2.9985007971265945
5.0,4,3.7087952338974453,-9.050110563396753e-07,9.050110563396753e-07,0.2273820299359368,0.15,3.4255188748640735
5.0,5,3.590627365679272,-3.382249669886368e-06,3.382249669886368e-06,0.23099101172019798,0.15,3.0235926988917017
5.0,6,3.469527469995368,-4.198936736203418e-07,4.198936736203418e-07,0.22548208330974392,0.15,3.6839703576979876
5.0,7,3.508425477394149,5.81676976387767e-06,5.81676976387767e-06,0.23331161412113713,0.15,2.8727888706871783
5.0,8,3.5445102665557906,-5.315696418563036e-06,5.315696418563036e-06,0.22505371832941587,0.15,2.892573080956979
5.0,9,3.242879305297013,8.147687182809547e-06,8.147687182809547e-06,0.2166888841661358,0.15,2.7722782684496345
5.0,10,3.3608191837139754,-6.331505033323891e-06,6.331505033323891e-06,0.22412763826029627,0.15,2.8442386770465546
5.0,11,3.6100445865733835,-2.8787269178901255e-06,2.8787269178901255e-06,0.23460837963444606,0.15,3.072640874621626
5.0,12,3.2403505064703753,1.0106405920390407e-05,1.0106405920390407e-05,0.23071023254627346,0.15,2.724098418134396
5.0,13,3.55968866050739,-7.35702723000716e-06,7.35702723000716e-06,0.2247410391627037,0.15,2.804228984244593
5.0,14,3.2463019216379947,1.0125518399448538e-05,1.0125518399448538e-05,0.22790512165932392,0.15,2.7220221771037525
5.0,15,3.7339514267034555,1.2931769983957744e-06,1.2931769983957744e-06,0.22930447319528566,0.15,3.3123649815415743
5.0,16,3.310841335294743,-2.779897247317707e-07,2.779897247317707e-07,0.2321598244686895,0.15,3.836876769930202
5.0,17,3.4159568384674297,1.222539065514868e-06,1.222539065514868e-06,0.2221593865365051,0.15,3.325116603045799
5.0,18,3.364462451980251,-1.546860335826578e-05,1.546860335826578e-05,0.23197136226005388,0.15,2.616557934804616
5.0,19,3.3889338411517027,-7.915303760323022e-07,7.915303760323022e-07,0.2230623121748838,0.15,3.4663407548892717
5.0,20,3.180068383521514,4.51364528945182e-06,4.51364528945182e-06,0.21665860932623068,0.15,2.932669763080099
5.0,21,3.490052482864021,-1.0338021810226333e-06,1.0338021810226333e-06,0.22720823250101083,0.15,3.382262851263182
5.0,22,3.173057111760254,-2.705490270755366e-05,2.705490270755366e-05,0.2307521791670252,0.15,2.4802648285470656
5.0,23,3.369742369803684,3.96136344306571e-06,3.96136344306571e-06,0.2313818305653158,0.15,2.9786618176795696
5.0,24,3.539184547729105,1.2110388855722365e-06,1.2110388855722365e-06,0.22728154736817144,0.15,3.3317254359806245
5.0,25,3.0836592390370208,2.1763921186398805e-06,2.1763921186398805e-06,0.2206947996568408,0.15,3.146410522941133
5.0,26,3.862210994692291,1.3209034227662995e-06,1.3209034227662995e-06,0.22893865280093448,0.15,3.305428199269208
5.0,27,3.694693173804151,-2.1397504200288757e-06,2.1397504200288757e-06,0.22957603952661843,0.15,3.1574290511510945
5.0,28,4.013312658992787,7.597465386997699e-07,7.597465386997699e-07,0.2281611949711739,0.15,3.4836441920233723
5.0,29,3.484375629328245,1.91952479104774e-06,1.91952479104774e-06,0.22302772606275445,0.15,3.185865682543246
5.0,30,3.4608156191088506,-5.901473210799581e-06,5.901473210799581e-06,0.2272307491695587,0.15,2.865230700103903
5.0,31,3.517173869614784,-4.2907913787173254e-06,4.2907913787173254e-06,0.22889142513025718,0.15,2.9545635394251937
5.0,32,3.773344081833445,-2.8802387217061457e-06,2.8802387217061457e-06,0.23254837486311558,0.15,3.0711971547116774
5.0,33,3.2043338676427435,-1.0698510297173295e-05,1.0698510297173295e-05,0.22273632463707024,0.15,2.704833041607949
5.0,34,3.680756491455784,-1.6080890210687215e-06,1.6080890210687215e-06,0.2275455671978289,0.15,3.2431307071609132
5.0,35,4.364795139376665,-1.037175557928369e-07,1.037175557928369e-07,0.22797882893308252,0.15,4.210956226069317
5.0,36,3.68489900920983,3.1358164980041433e-06,3.1358164980041433e-06,0.22876657286236982,0.15,3.0440530581907854
5.0,37,3.4523634281815263,-3.993311497239916e-06,3.993311497239916e-06,0.23180323055688096,0.15,2.976641898331297
5.0,38,3.278300868578282,4.715409730693101e-06,4.715409730693101e-06,0.2237945694008191,0.15,2.9249912401900406
5.0,39,4.1026761900245425,-6.016211964965803e-07,6.016211964965803e-07,0.2373111505008954,0.15,3.5686085633765026
5.0,40,3.1472455377414743,1.3803736451615756e-05,1.3803736451615756e-05,0.23062571287548092,0.15,2.644356386730007
5.0,41,3.1897024289529896,9.792642000126482e-06,9.792642000126482e-06,0.22618017464404144,0.15,2.7297139946137645
5.0,42,3.5751492604434714,6.749485067037044e-06,6.749485067037044e-06,0.22217243210817156,0.15,2.8257951489948336
5.0,43,3.422051059637325,-7.380263642388639e-07,7.380263642388639e-07,0.23266265890252816,0.15,3.4965322205656526
5.0,44,3.369447879805076,-2.42557032883855e-06,2.42557032883855e-06,0.23381835309918092,0.15,3.1226728203677907
5.0,45,3.5892013412534824,-2.311888429575523e-06,2.311888429575523e-06,0.22901375070583213,0.15,3.133881199383901
5.0,46,3.3715337899315507,-8.1864850773828e-07,8.1864850773828e-07,0.22455337451086635,0.15,3.4563340588796128
5.0,47,3.291907652830758,-9.703235922185867e-06,9.703235922185867e-06,0.21675894088603445,0.15,2.7265698327762578
5.0,48,3.809723616468819,1.494923648634169e-06,1.494923648634169e-06,0.2244186014646065,0.15,3.263596674271528
5.0,49,3.7190493780770613,-1.6330485925234322e-06,1.6330485925234322e-06,0.23111866009909424,0.15,3.2407805466127466
5.0,50,3.3099764847172097,6.525516664854135e-06,6.525516664854135e-06,0.22656798502759465,0.15,2.8375375697352334
5.0,51,3.0398807387477227,1.564996899936969e-05,1.564996899936969e-05,0.22503012665567804,0.15,2.609876471103309
5.0,52,3.2061672015010676,-1.8369124985457988e-05,1.8369124985457988e-05,0.22697054711069936,0.15,2.5714099887598425
5.0,53,3.269387426899053,1.6315135660624507e-05,1.6315135660624507e-05,0.22317059752277948,0.15,2.5985238607609213
5.0,54,3.5341212658871974,-6.671416935495878e-06,6.671416935495878e-06,0.22746019857004293,0.15,2.8320982225994387
5.0,55,3.1562908201215114,1.6963017096744102e-05,1.6963017096744102e-05,0.23618780656693972,0.15,2.5959026865852497
5.0,56,3.3716310970227066,-1.045751723136741e-05,1.045751723136741e-05,0.22607128472258214,0.15,2.712627545378522
5.0,57,3.7085057350292314,3.361085954374725e-06,3.361085954374725e-06,0.2319375885636255,0.15,3.025989978139001
5.0,58,3.6087680762347514,2.0857828278717672e-06,2.0857828278717672e-06,0.23088072828885892,0.15,3.1659742004880336
5.0,59,3.8188970199640098,-1.9257978098210217e-06,1.9257978098210217e-06,0.23256621848702297,0.15,3.191233611245141
5.0,60,3.778567008076231,-5.852658853527344e-07,5.852658853527344e-07,0.23563701982225224,0.15,3.5767821946588394
5.0,61,3.8944098476266586,3.573006282436033e-07,3.573006282436033e-07,0.2225418149220227,0.15,3.738706715113278
5.0,62,3.231379850644089,2.0474266801320155e-07,2.0474266801320155e-07,0.22695992591023056,0.15,3.9460168990117013
5.0,63,3.4100321834338874,-6.622519992192135e-06,6.622519992192135e-06,0.22467805646677916,0.15,2.8324227007381406
5.0,64,3.4815751485116126,-1.3771128693475585e-07,1.3771128693475585e-07,0.2399399806178304,0.15,4.108779183974547
5.0,65,3.4057655920293057,-1.324030169252906e-06,1.324030169252906e-06,0.23137047415741396,0.15,3.3063471532426383
5.0,66,3.1832285551701784,-6.311697513567241e-07,6.311697513567241e-07,0.22759609347855403,0.15,3.5452863701020743
5.0,67,4.011880793272223,-1.8411226846057448e-07,1.8411226846057448e-07,0.23988789118118578,0.15,3.9966630141796458
5.0,68,3.070057023869209,-1.8078504959690038e-05,1.8078504959690038e-05,0.22290723570042154,0.15,2.573104083174166
5.0,69,3.158441238909628,-2.5629645576384442e-06,2.5629645576384442e-06,0.22750932124931128,0.15,3.1022862700783613
5.0,70,3.173806353397117,-5.9094128274976875e-06,5.9094128274976875e-06,0.22188106574128394,0.15,2.8616155015399336
5.0,71,3.2739950225906522,1.9317192436857493e-05,1.9317192436857493e-05,0.22682712203688676,0.15,2.559038232697482
5.0,72,3.2497786899240504,-8.518285430847571e-06,8.518285430847571e-06,0.2276526226198103,0.15,2.767054985005256
5.0,73,3.871384244114644,-9.823499061529105e-07,9.823499061529105e-07,0.23519729689912575,0.15,3.404345122016116
5.0,74,3.1227985106428604,8.201021311594784e-06,8.201021311594784e-06,0.22892437259132287,0.15,2.7778124874268273
5.0,75,3.429296468573164,-1.2230603386394171e-05,1.2230603386394171e-05,0.22651106298372684,0.15,2.672713028517006
5.0,76,3.628619251463613,1.7967778565304625e-06,1.7967778565304625e-06,0.23075096199163359,0.15,3.2111808393611563
5.0,77,3.2351290643097768,2.593893258516808e-07,2.593893258516808e-07,0.22310337171912253,0.15,3.854955700479699
5.0,78,3.134075448493939,2.768293104671288e-05,2.768293104671288e-05,0.22802596124698954,0.15,2.4734498906548326
5.0,79,3.9257607547539006,8.340775138510994e-07,8.340775138510994e-07,0.22734918030961856,0.15,3.452226854998903
5.0,80,4.392301940744,-5.333079780500165e-08,5.333079780500165e-08,0.23824824679754247,0.15,4.4957665791789765
5.0,81,3.3821268259660555,-7.536120553408738e-06,7.536120553408738e-06,0.22939598154122057,0.15,2.8005455404404036
5.0,82,4.646667281938622,-8.080401727976348e-09,8.080401727976348e-09,0.23066471939407895,0.15,5.372627037868685
5.0,83,3.9530789135587634,3.0346409679654446e-07,3.0346409679654446e-07,0.23208744796234626,0.15,3.8049142355225345
5.0,84,3.1092478317878105,4.757804403001935e-06,4.757804403001935e-06,0.22433598705024374,0.15,2.922835252421757
5.0,85,3.7824879969633605,-2.8942603821198624e-07,2.8942603821198624e-07,0.22666490435919906,0.15,3.817815793448498
5.0,86,3.695830318787194,-9.36990341503255e-07,9.36990341503255e-07,0.2332363176702934,0.15,3.4183440643909364
5.0,87,3.576418471190157,-6.615465671895995e-06,6.615465671895995e-06,0.22810318365441232,0.15,2.834751788983137
5.0,88,3.1098377781868125,8.810976921645921e-07,8.810976921645921e-07,0.22564521045052713,0.15,3.4330125771996496
5.0,89,3.859424093031955,-2.7576916285168396e-06,2.7576916285168396e-06,0.2322234959589661,0.15,3.083735676233105
5.0,90,3.8999248031656353,-1.5797393450111347e-06,1.5797393450111347e-06,0.23034597450700717,0.15,3.250521909142536
5.0,91,3.532241820871782,4.3568285939512775e-06,4.3568285939512775e-06,0.22570455186398952,0.15,2.948299851434358
5.0,92,3.2577113765650743,3.215331040624585e-06,3.215331040624585e-06,0.22757922718898607,0.15,3.0360497381368297
5.0,93,3.7053865586634784,2.607919950908893e-07,2.607919950908893e-07,0.22329128257505085,0.15,3.8531306965652834
5.0,94,3.5396008065006015,-4.649195156100873e-06,4.649195156100873e-06,0.236269022723942,0.15,2.936508505203125
5.0,95,3.208205694590537,-1.4243560261718185e-06,1.4243560261718185e-06,0.2179796121883342,0.15,3.2741191406513073
5.0,96,3.385258035883041,2.301785010915742e-06,2.301785010915742e-06,0.2285210393378567,0.15,3.1348671527861605
5.0,97,3.51006321224697,5.439591587097849e-07,5.439591587097849e-07,0.22869099168963047,0.15,3.5966736761799303
5.0,98,3.217984960007058,3.6171922572192964e-06,3.6171922572192964e-06,0.2308638960515564,0.15,3.0042370415831265
5.0,99,3.526399178544925,2.0625584213477826e-06,2.0625584213477826e-06,0.22623484934412352,0.15,3.166285766015699
10.0,0,6.241541385699698,-1.599968770349831e-08,1.599968770349831e-08,0.2686498826949959,0.075,5.241058373179638
10.0,1,6.280480215080518,1.950058887291875e-08,1.950058887291875e-08,0.26620941617252103,0.075,5.140979463214459
10.0,2,7.571462779202147,1.0650368816866933e-09,1.0650368816866933e-09,0.28296064494694745,0.075,6.800853662422067
10.0,3,6.5655436109927,1.3523141520036413e-09,1.3523141520036413e-09,0.27047407224848385,0.075,6.633651535686838
10.0,4,6.742019598008772,-4.638817632447658e-09,4.638817632447658e-09,0.2729190653106339,0.075,5.901399007173748
10.0,5,6.74840217199476,-1.1109802419115078e-08,1.1109802419115078e-08,0.27116738504050514,0.075,5.428728202633595
10.0,6,6.618770572474594,4.55834543087234e-09,4.55834543087234e-09,0.2745281649198579,0.075,5.912897738216071
10.0,7,7.309803713981923,-3.029850356702681e-10,3.029850356702681e-10,0.27967657474909063,0.075,7.661549645419108
10.0,8,7.267716927510268,4.066514651559784e-10,4.066514651559784e-10,0.27612410978727825,0.075,7.445274444352544
10.0,9,6.676008304897886,-3.227803114159878e-09,3.227803114159878e-09,0.27044487175164533,0.075,6.106138700802166
10.0,10,7.281306943095677,-4.35896400521801e-10,4.35896400521801e-10,0.2812402861146834,0.075,7.4026619415409
10.0,11,7.258450286389609,-9.140116162598248e-10,9.140116162598248e-10,0.2765049495626461,0.075,6.893046042573504
10.0,12,6.482843338477843,-1.8262979543196898e-08,1.8262979543196898e-08,0.2711176436524241,0.075,5.177685949797981
10.0,13,7.769510756893592,-1.7620219184544982e-09,1.7620219184544982e-09,0.28374703423651454,0.075,6.4833181464688625
10.0,14,6.724009230360939,-3.4776774976870197e-09,3.4776774976870197e-09,0.2727803647317728,0.075,6.06541423078603
10.0,15,7.000482603470671,5.7362505470262564e-09,5.7362505470262564e-09,0.27250671282390704,0.075,5.782834651590236
10.0,16,6.48686410471712,1.8890865510584794e-08,1.8890865510584794e-08,0.26781976501815563,0.075,5.158037387360056
10.0,17,7.742591578378977,-6.950816541121391e-10,6.950816541121391e-10,0.28649560052083106,0.075,7.087132495598226
10.0,18,6.950805483837279,-7.05471105299958e-09,7.05471105299958e-09,0.2745150130461157,0.075,5.671988968462812
10.0,19,7.590075284331559,4.891559583139827e-10,4.891559583139827e-10,0.28199592000867985,0.075,7.3227701209067
10.0,20,7.4615925079742675,-3.1122781742051685e-10,3.1122781742051685e-10,0.2789527951016893,0.075,7.6410460781351865
10.0,21,6.6857733347211665,1.0020158238102901e-08,1.0020158238102901e-08,0.2742403749570993,0.075,5.485305678160669
10.0,22,6.712685155320938,-7.672192645629992e-09,7.672192645629992e-09,0.271291193013735,0.075,5.623679615850634
10.0,23,6.858580156297902,-1.0769341085291169e-08,1.0769341085291169e-08,0.27407485138868787,0.075,5.447610020483278
10.0,24,6.830834716909054,-1.1754164586933353e-09,1.1754164586933353e-09,0.26941109584287065,0.075,6.721556725813195
10.0,25,7.378871147230352,-4.056546419076555e-09,4.056546419076555e-09,0.2802290591955187,0.075,5.984795459377167
10.0,26,6.386640652057392,1.2737441726982663e-08,1.2737441726982663e-08,0.27555271274366266,0.075,5.362595341920011
10.0,27,7.0165730194101545,1.3601999458558732e-09,1.3601999458558732e-09,0.27591946423550007,0.075,6.636275187098921
10.0,28,7.587739508172025,-5.579662400592135e-10,5.579662400592135e-10,0.28235486608358507,0.075,7.231990447101622
10.0,29,7.52502113705351,-5.912700992348461e-10,5.912700992348461e-10,0.28164919506659286,0.075,7.191312954522495
10.0,30,7.052175556200901,-4.3357138251406873e-10,4.3357138251406873e-10,0.27757288403339575,0.075,7.401805551052352
10.0,31,7.723923934354651,-4.8583717235101875e-09,4.8583717235101875e-09,0.28694772736467206,0.075,5.889506230529529
10.0,32,7.220763526486767,7.026178452253622e-09,7.026178452253622e-09,0.275702735077408,0.075,5.675345249972126
10.0,33,6.807739943967995,-8.620226108064048e-09,8.620226108064048e-09,0.271929095141625,0.075,5.5622457626148565
10.0,34,7.034254193254241,-4.706928430940931e-09,4.706928430940931e-09,0.2783973346419481,0.075,5.898792282804111
10.0,35,6.878776704730566,-1.0698742466361293e-09,1.0698742466361293e-09,0.2733334950746496,0.075,6.78672305602647
10.0,36,6.719509845544016,1.4327209397194344e-08,1.4327209397194344e-08,0.2746584265632556,0.075,5.302041164276254
10.0,37,6.824664392206712,1.844095958557397e-09,1.844095958557397e-09,0.2748362757014089,0.075,6.4454670971504395
10.0,38,7.42348397470555,6.262002799659887e-10,6.262002799659887e-10,0.2783270036792801,0.075,7.148069517198179
10.0,39,7.6622508082739165,-1.9193515778862537e-09,1.9193515778862537e-09,0.2824564440701858,0.075,6.429328336456921
10.0,40,8.138798537270766,7.084120975948333e-10,7.084120975948333e-10,0.28624367546956375,0.075,7.074025662021996
10.0,41,7.579581248691403,4.891231412147311e-09,4.891231412147311e-09,0.288420158505088,0.075,5.887161198418799
10.0,42,8.558136388394933,4.795909003526538e-10,4.795909003526538e-10,0.2844252130419449,0.075,7.339552744169739
10.0,43,7.056851911816422,-1.6647611507642292e-10,1.6647611507642292e-10,0.273607976096901,0.075,8.102731295652326
10.0,44,7.1673000106974385,-2.2263710016792064e-09,2.2263710016792064e-09,0.27595347269304177,0.075,6.332081265483046
10.0,45,7.5055547934303375,3.519695773321457e-09,3.519695773321457e-09,0.2816564639182005,0.075,6.06772571626404
10.0,46,7.540928778562091,-5.169161401154415e-09,5.169161401154415e-09,0.2828411297951448,0.075,5.8508111361829584
10.0,47,6.968234713663412,-4.28745208431759e-09,4.28745208431759e-09,0.27581982728397914,0.075,5.948829666171398
10.0,48,6.824753546776937,4.943280328318274e-10,4.943280328318274e-10,0.27426297711421865,0.075,7.305758854507928
10.0,49,7.98594476982742,-3.428036458956565e-09,3.428036458956565e-09,0.2825001831747737,0.075,6.083859808620696
10.0,50,7.2913844145520015,4.310635467023058e-09,4.310635467023058e-09,0.27906424203165797,0.075,5.949087105185627
10.0,51,7.358523381764155,-2.8798962217816396e-09,2.8798962217816396e-09,0.28194539237942456,0.075,6.185076518266552
10.0,52,7.089402772013328,7.728650013394274e-09,7.728650013394274e-09,0.2759897306924994,0.075,5.6243511194611315
10.0,53,8.194308544762468,-2.5469094410088955e-09,2.5469094410088955e-09,0.2851678408864701,0.075,6.26126846103265
10.0,54,6.758349651536878,1.011738480230201e-08,1.011738480230201e-08,0.2711274566790633,0.075,5.477285077443826
10.0,55,6.761688257952178,-9.381821653415407e-09,9.381821653415407e-09,0.27560010986972944,0.075,5.521101482957708
10.0,56,6.6516044673882195,-2.2749414342480985e-09,2.2749414342480985e-09,0.27170255244040326,0.075,6.314410163307176
10.0,57,7.352301758908626,-4.962828213571989e-09,4.962828213571989e-09,0.28357045894634564,0.075,5.87427373655825
10.0,58,7.136267794036258,6.644949091154775e-09,6.644949091154775e-09,0.2794581019745966,0.075,5.709255261764737
10.0,59,6.544269226097938,2.5259044336605472e-08,2.5259044336605472e-08,0.2698190706647247,0.075,5.0190621811184934
10.0,60,7.515690779368585,-5.965280981303185e-09,5.965280981303185e-09,0.27987365225016636,0.075,5.768635771899927
10.0,61,6.508336380213577,4.1458547213118316e-09,4.1458547213118316e-09,0.2669208147669422,0.075,5.958574319319657
10.0,62,8.002786375712972,2.55073772807769e-09,2.55073772807769e-09,0.2886836779165503,0.075,6.2640269073127515
10.0,63,7.512348539863797,-5.947797029694224e-09,5.947797029694224e-09,0.2788090521442872,0.075,5.769201510061028
10.0,64,6.894209313787733,-3.060007845825008e-11,3.060007845825008e-11,0.27551547598473236,0.075,9.524343662615188
10.0,65,6.492882311266968,7.022532543829342e-09,7.022532543829342e-09,0.2710791480345752,0.075,5.671056762788139
10.0,66,6.7289783703273365,-8.735750528572255e-10,8.735750528572255e-10,0.2704134964318342,0.075,6.9154756648438305
10.0,67,8.066712999791847,1.3174253791805535e-09,1.3174253791805535e-09,0.2861250215459812,0.075,6.668023148398451
10.0,68,6.700487240854562,2.5126321791639607e-09,2.5126321791639607e-09,0.271101427060198,0.075,6.254270075756443
10.0,69,8.610212163211663,8.513812153915949e-10,8.513812153915949e-10,0.29037765878428085,0.075,6.955999481368862
10.0,70,6.315548415722362,-9.043769063096024e-09,9.043769063096024e-09,0.2691090954350423,0.075,5.534147139032817
10.0,71,6.656044214840427,-8.911605671552543e-09,8.911605671552543e-09,0.2720469717213807,0.075,5.5447779058626585
10.0,72,7.289388746631444,-2.8244765161105727e-09,2.8244765161105727e-09,0.28030688515093166,0.075,6.1948136079348055
10.0,73,6.813165987616969,-4.194694721521938e-09,4.194694721521938e-09,0.2761167556888588,0.075,5.961539753717379
10.0,74,8.245101090504042,-7.274193615339577e-10,7.274193615339577e-10,0.2873933812605171,0.075,7.057557042770179
10.0,75,7.719274930303214,1.589143957914803e-09,1.589143957914803e-09,0.285456154340585,0.075,6.5492681485143684
10.0,76,6.978119773221321,6.677909572875303e-09,6.677909572875303e-09,0.27857107270924886,0.075,5.70570165213871
10.0,77,7.583026480397625,-2.378684101723972e-09,2.378684101723972e-09,0.28141703572198523,0.075,6.298177026725487
10.0,78,7.083643886324394,-2.1623078374269857e-09,2.1623078374269857e-09,0.28021944873938043,0.075,6.354353302772555
10.0,79,8.290366787073081,-9.48907169274319e-10,9.48907169274319e-10,0.2873564847697641,0.075,6.881095155722441
10.0,80,7.947685717255073,9.162695568871913e-10,9.162695568871913e-10,0.28473793324825597,0.075,6.901061689141493
10.0,81,8.444348852118436,-7.123018546174521e-11,7.123018546174521e-11,0.2921012556558218,0.075,8.812460220837002
10.0,82,6.742537132208424,-2.969850941745126e-09,2.969850941745126e-09,0.2706080890184362,0.075,6.154944360149868
10.0,83,6.506033758100357,-8.943176291921136e-09,8.943176291921136e-09,0.2682201880710713,0.075,5.539172788761745
10.0,84,7.077086622380764,-2.598120041387193e-09,2.598120041387193e-09,0.2743789135146889,0.075,6.237941735967289
10.0,85,7.850829363684353,-2.578505538653291e-09,2.578505538653291e-09,0.2822589905544374,0.075,6.250868032603857
10.0,86,6.551367905090456,-5.83143344876978e-09,5.83143344876978e-09,0.2701125903272771,0.075,5.771352406887673
10.0,87,6.685254235262487,-5.6645059533899676e-09,5.6645059533899676e-09,0.27380893157705444,0.075,5.7910850606129225
10.0,88,7.157692989461453,4.643433562197207e-09,4.643433562197207e-09,0.2784397758362269,0.075,5.906470025976631
10.0,89,6.461697470390027,1.279796210501917e-08,1.279796210501917e-08,0.26947503675728296,0.075,5.354485209293043
10.0,90,7.758540791383877,3.4514420043809496e-09,3.4514420043809496e-09,0.28353827329417486,0.075,6.080980494807144
10.0,91,6.699147637390893,9.269578638173364e-09,9.269578638173364e-09,0.27483161508387494,0.075,5.526698959926752
10.0,92,7.540052517356814,-3.931463319884407e-09,3.931463319884407e-09,0.28036330313485064,0.075,6.002810958089256
10.0,93,6.833910823227692,2.706551618311999e-09,2.706551618311999e-09,0.27364373622756577,0.075,6.21290445423049
10.0,94,6.463097315160944,-1.8408573979520314e-08,1.8408573979520314e-08,0.2681362397073658,0.075,5.171048315934218
10.0,95,6.647619937666628,-5.144432753494801e-09,5.144432753494801e-09,0.2690117772949954,0.075,5.8395273238125585
10.0,96,7.0115062394161,3.9541318953541716e-09,3.9541318953541716e-09,0.2743818438857379,0.075,5.99336702481004
10.0,97,7.381402358114513,-1.4678721134876283e-09,1.4678721134876283e-09,0.2805245331624794,0.075,6.593495283272485
10.0,98,6.897455255725178,5.831728211086326e-09,5.831728211086326e-09,0.27584823420708454,0.075,5.777102127142062
10.0,99,7.819818195671164,6.894523111416334e-10,6.894523111416334e-10,0.28419869974448086,0.075,7.089905136868315
15.0,0,10.321813179942806,1.7128200082401615e-10,1.7128200082401615e-10,0.3076514382334257,0.05,8.284472471070867
15.0,1,10.517441698764994,1.5251499431624844e-10,1.5251499431624844e-10,0.3114648696925123,0.05,8.38145753707369
15.0,2,9.826120166465145,-4.5331845790666617e-11,4.5331845790666617e-11,0.31212762300598745,0.05,9.409040346215107
15.0,3,10.24707654207427,7.933779997752371e-11,7.933779997752371e-11,0.3109715518467881,0.05,8.919046412189948
15.0,4,12.050812522323053,2.8217199524998386e-11,2.8217199524998386e-11,0.3172448168522832,0.05,9.851223118782784
15.0,5,10.551453126098767,1.4713029644376102e-10,1.4713029644376102e-10,0.31333898349111555,0.05,8.412601590179975
15.0,6,11.234432042235946,-4.194310592667664e-12,4.194310592667664e-12,0.31284788331190583,0.05,11.804421133055547
15.0,7,11.979162118007498,2.79012925448464e-12,2.79012925448464e-12,0.3135923281107633,0.05,12.2731048471871
15.0,8,11.584736362942072,7.164905068388581e-11,7.164905068388581e-11,0.31515702489096403,0.05,9.011790333485534
15.0,9,9.575767000871675,-1.8494965520749092e-10,1.8494965520749092e-10,0.30717805094457096,0.05,8.223517171432986
15.0,10,10.166479791925108,8.43305803245721e-11,8.43305803245721e-11,0.3160686853695252,0.05,8.874223723759503
15.0,11,10.356973325533653,5.752588899850491e-11,5.752588899850491e-11,0.3137211615408105,0.05,9.200201055922818
15.0,12,9.515432710963596,1.2095225604703968e-10,1.2095225604703968e-10,0.31322083976850496,0.05,8.570894606664368
15.0,13,10.06083815740048,1.574905210661227e-10,1.574905210661227e-10,0.3129322819251613,0.05,8.357741911570846
15.0,14,10.311934958680917,-2.0054086908888528e-10,2.0054086908888528e-10,0.30976053272066256,0.05,8.163627558064622
15.0,15,10.156209099121414,1.0024409490085466e-10,1.0024409490085466e-10,0.31423944642851115,0.05,8.726909244441636
15.0,16,10.053190804142895,1.762581186924515e-10,1.762581186924515e-10,0.30994207777994753,0.05,8.264826739993953
15.0,17,11.750562202011134,2.9951124503148815e-11,2.9951124503148815e-11,0.3151491743695456,0.05,9.792340308883404
15.0,18,11.299931447202429,1.024455483107094e-11,1.024455483107094e-11,0.31186211940478187,0.05,10.840342391046047
15.0,19,11.190545329243841,2.9330027817303856e-11,2.9330027817303856e-11,0.30935313516297713,0.05,9.80323331794958
15.0,20,10.178934731475712,6.856756998021297e-11,6.856756998021297e-11,0.3112407741869268,0.05,9.044212105965672
15.0,21,12.30627276089996,-1.978900680974944e-11,1.978900680974944e-11,0.31471928668881566,0.05,10.185916013303636
15.0,22,10.383558711223621,1.0475006186499849e-10,1.0475006186499849e-10,0.31224771919807637,0.05,8.687810611907812
15.0,23,10.413083830916726,1.970651472352657e-10,1.970651472352657e-10,0.3132051708436395,0.05,8.181539648370082
15.0,24,11.217135438291034,5.043433378226033e-11,5.043433378226033e-11,0.31217558503823634,0.05,9.314012254353734
15.0,25,10.649149929350115,2.65176612901317e-10,2.65176612901317e-10,0.3150189956149284,0.05,7.9556533249838814
15.0,26,9.973702291372106,1.722783507028007e-10,1.722783507028007e-10,0.30972413099442364,0.05,8.282545265893981
15.0,27,12.013718791460247,-2.7138589400585687e-12,2.7138589400585687e-12,0.307457336326134,0.05,12.29397234244424
15.0,28,11.453751015174598,-2.1232491392285143e-11,2.1232491392285143e-11,0.3121389866410701,0.05,10.113878806805257
15.0,29,10.384578321064717,1.306518212312863e-10,1.306518212312863e-10,0.31340501702574763,0.05,8.508395968279602
15.0,30,10.703669235580744,-1.1085789688940224e-11,1.1085789688940224e-11,0.3130300107838239,0.05,10.761087306263525
15.0,31,10.18312076898821,1.1629697846219531e-10,1.1629697846219531e-10,0.3080112144621037,0.05,8.596124103564991
15.0,32,10.178266115335047,-3.288898568664711e-11,3.288898568664711e-11,0.3141212240875557,0.05,9.703953528006908
15.0,33,9.94633338978494,3.9079103545234404e-10,3.9079103545234404e-10,0.31471542506384753,0.05,7.666849239489712
15.0,34,11.333291760895936,1.0873896090588736e-10,1.0873896090588736e-10,0.3136020960142076,0.05,8.658727150863553
15.0,35,11.925922384533312,1.4858735158633526e-11,1.4858735158633526e-11,0.3152055614892333,0.05,10.468480635961244
15.0,36,11.412318779370379,4.52759851561621e-12,4.52759851561621e-12,0.3136076073454797,0.05,11.720125259844847
15.0,37,9.676391508460787,1.0487216113015287e-10,1.0487216113015287e-10,0.3082303705403765,0.05,8.681491793649409
15.0,38,12.498665696003489,-1.539922897129445e-11,1.539922897129445e-11,0.3156089173245589,0.05,10.433554261865876
15.0,39,11.825961502587125,3.13044004890173e-11,3.13044004890173e-11,0.31396271622906097,0.05,9.749462186248792
15.0,40,9.950448873218003,1.942868898390743e-10,1.942868898390743e-10,0.3149523042167612,0.05,8.194780960974887
15.0,41,11.299609286000807,1.0127008642069309e-10,1.0127008642069309e-10,0.313033597948898,0.05,8.716853930704762
15.0,42,12.123495769192214,-6.783856249232627e-12,6.783856249232627e-12,0.3131218234498496,0.05,11.27653190298324
15.0,43,11.370356876612943,3.648267789733693e-11,3.648267789733693e-11,0.31567659902127687,0.05,9.610847615442664
15.0,44,10.37163395946239,2.8646366746448276e-12,2.8646366746448276e-12,0.3118490039619086,0.05,12.239090157346096
15.0,45,11.258372889855508,2.7005826042022184e-11,2.7005826042022184e-11,0.3136753747086335,0.05,9.887148328928175
15.0,46,10.812709119838491,4.6878078967687734e-11,4.6878078967687734e-11,0.3089568063306437,0.05,9.37447360425441
15.0,47,11.723795088629732,2.971396358391344e-11,2.971396358391344e-11,0.3132168589681539,0.05,9.796887460656668
15.0,48,10.65857201703645,1.7710995801918747e-10,1.7710995801918747e-10,0.31283298052412883,0.05,8.264685637314349
15.0,49,9.836072409861327,2.426920329203792e-10,2.426920329203792e-10,0.3100837745045432,0.05,8.01703955198473
15.0,50,10.890201781765512,9.334511099554784e-11,9.334511099554784e-11,0.31473040539162495,0.05,8.78702788383366
15.0,51,10.836568836128817,1.5118279482910058e-11,1.5118279482910058e-11,0.3106560863052367,0.05,10.443997192630718
15.0,52,10.706197730120923,4.910506393191251e-11,4.910506393191251e-11,0.3143144164551902,0.05,9.34077208797357
15.0,53,10.830679777318007,6.606915892261796e-11,6.606915892261796e-11,0.3148786720615541,0.05,9.081263912031975
15.0,54,11.35227114022235,7.428753511033717e-11,7.428753511033717e-11,0.3127256943265833,0.05,8.977494611535464
15.0,55,10.221854604284466,1.1830390597328203e-10,1.1830390597328203e-10,0.3129536123195267,0.05,8.588636198477433
15.0,56,10.834627818472281,1.3657287863433921e-10,1.3657287863433921e-10,0.31281226761291553,0.05,8.471792394327526
15.0,57,10.425517913109733,-8.996265144842879e-11,8.996265144842879e-11,0.3133792840283299,0.05,8.816163486664468
15.0,58,10.550773245551024,8.309036386466299e-11,8.309036386466299e-11,0.3140235864674701,0.05,8.884007741802728
15.0,59,9.91791682968287,6.551897498579584e-11,6.551897498579584e-11,0.31286811984429386,0.05,9.085727318625253
15.0,60,11.173630290948072,2.3753277715229394e-11,2.3753277715229394e-11,0.3101251126733453,0.05,10.003307924897129
15.0,61,11.452805121843145,1.297115925931563e-11,1.297115925931563e-11,0.31564106626092,0.05,10.605509711671631
15.0,62,11.404189363728984,6.637518888691829e-11,6.637518888691829e-11,0.3141460162422699,0.05,9.076261065379242
15.0,63,10.894619850963435,-7.575023207879133e-11,7.575023207879133e-11,0.313801326964807,0.05,8.962304290781406
15.0,64,10.527016209650082,3.203785400552941e-11,3.203785400552941e-11,0.3139750983381511,0.05,9.728000123628432
15.0,65,10.369322937011228,-5.391898991099722e-11,5.391898991099722e-11,0.308881620702866,0.05,9.250262418069553
15.0,66,11.825845482137888,1.2101749434580441e-11,1.2101749434580441e-11,0.3159042209695831,0.05,10.67624090472147
15.0,67,10.390485678224502,2.6365779718388056e-11,2.6365779718388056e-11,0.3129679013927626,0.05,9.908694385344573
15.0,68,11.424846821226891,4.6212189212830565e-11,4.6212189212830565e-11,0.3143530621829834,0.05,9.394998643975983
15.0,69,10.288972327347542,1.849347062826359e-10,1.849347062826359e-10,0.3155473856897962,0.05,8.234113914807308
15.0,70,11.773431324493819,-6.583971711704368e-12,6.583971711704368e-12,0.3127488620835439,0.05,11.308055270380548
15.0,71,10.736015696148737,1.5531161475916503e-10,1.5531161475916503e-10,0.30988601913781816,0.05,8.364941124373718
15.0,72,10.402082436891089,3.527976430524356e-11,3.527976430524356e-11,0.3110317008948634,0.05,9.634782113937646
15.0,73,11.625156801511249,1.7112338159857605e-11,1.7112338159857605e-11,0.31089752403007687,0.05,10.321868888714105
15.0,74,10.799437290933005,7.091715648529176e-11,7.091715648529176e-11,0.31273074405320606,0.05,9.017287746738152
15.0,75,10.222341124853093,6.555692578572464e-11,6.555692578572464e-11,0.307328749479742,0.05,9.077501162038272
15.0,76,9.675074387701603,5.992418713623625e-11,5.992418713623625e-11,0.3095155301075767,0.05,9.158593736780439
15.0,77,10.11616777843641,3.6744147203744667e-10,3.6744147203744667e-10,0.3090688568177489,0.05,7.705320994865183
15.0,78,11.52890243661916,-1.809685718106555e-11,1.809685718106555e-11,0.31466295119593346,0.05,10.272913031326034
15.0,79,11.830676577807619,9.45884096688384e-12,9.45884096688384e-12,0.31047959333177294,0.05,10.920728434771343
15.0,80,10.847822250316234,1.1901429616840176e-10,1.1901429616840176e-10,0.3120493611461366,0.05,8.582557898721639
15.0,81,10.809013968576396,-2.4411310033889363e-11,2.4411310033889363e-11,0.31125943351546725,0.05,9.97904313421043
15.0,82,10.236871139924684,8.097997683078924e-11,8.097997683078924e-11,0.30912642111920074,0.05,8.899138591089256
15.0,83,11.074881078469714,5.976573520809078e-11,5.976573520809078e-11,0.3126100894173822,0.05,9.16524434805688
15.0,84,10.493503894160783,-1.1374276291743935e-11,1.1374276291743935e-11,0.3139997609871789,0.05,10.736371707645542
15.0,85,10.826065546871344,1.2542661389309145e-10,1.2542661389309145e-10,0.3123854654388582,0.05,8.540208522261763
15.0,86,10.859193176093749,9.010231928740187e-11,9.010231928740187e-11,0.3112812154753009,0.05,8.812041800780227
15.0,87,12.160824624440446,4.46680668944061e-12,4.46680668944061e-12,0.31463402026582993,0.05,11.737049823268286
15.0,88,11.099467163082442,2.4806597919603014e-11,2.4806597919603014e-11,0.3143362824848334,0.05,9.968456900172677
15.0,89,9.875978185431721,1.3608168639519786e-10,1.3608168639519786e-10,0.3078616949324897,0.05,8.468264625415822
15.0,90,10.912678626613307,5.4760039252243794e-11,5.4760039252243794e-11,0.31045441466354334,0.05,9.238870917194273
15.0,91,10.920927992976962,1.2520640624415635e-10,1.2520640624415635e-10,0.31428638144984483,0.05,8.544105839172227
15.0,92,11.025173685273126,-3.908398065193812e-11,3.908398065193812e-11,0.31348090217608116,0.05,9.544838272015438
15.0,93,13.787379980145634,-4.271023672506313e-13,4.271023672506313e-13,0.31286005922781435,0.05,14.67350751218499
15.0,94,10.649077494754243,8.854549442817933e-11,8.854549442817933e-11,0.31231784587368205,0.05,8.828078985052294
15.0,95,10.686636729232024,1.4160259033630756e-10,1.4160259033630756e-10,0.31367483193511664,0.05,8.443769564320155
15.0,96,11.210508471414327,-1.625612358486096e-11,1.625612358486096e-11,0.314647496224074,0.05,10.378375347597581
15.0,97,10.560295765980694,1.8351003325541105e-10,1.8351003325541105e-10,0.3161924858762933,0.05,8.24098216969342
15.0,98,10.181275809306308,9.491876937039284e-11,9.491876937039284e-11,0.3109767490456512,0.05,8.768037402360253
15.0,99,12.287328542399267,2.408650424807666e-12,2.408650424807666e-12,0.3125112273926642,0.05,12.444115395367488
20.0,0,13.91382212090648,7.362593955802888e-12,7.362593955802888e-12,0.31453145070705135,0.0375,11.345712998150102
20.0,1,12.669017605749321,5.990538469525344e-11,5.990538469525344e-11,0.31818921375174486,0.0375,9.297427708431181
20.0,2,13.275994665402115,8.300120524031647e-12,8.300120524031647e-12,0.3182131405668562,0.0375,11.223155514019012
20.0,3,12.758821332470468,-1.1852967414323085e-11,1.1852967414323085e-11,0.3206334053110923,0.0375,10.852612076255614
20.0,4,12.93949026534841,2.6306911027592994e-12,2.6306911027592994e-12,0.31813366515523683,0.0375,12.520884505385562
20.0,5,12.38583829039295,4.027027471013443e-11,4.027027471013443e-11,0.3167143272229185,0.0375,9.653693692703508
20.0,6,13.01719043159687,-1.5610536498465035e-11,1.5610536498465035e-11,0.31759681840316006,0.0375,10.566907208574985
20.0,7,12.281804413028468,-1.5042179273962013e-12,1.5042179273962013e-12,0.31725479804212703,0.0375,13.203762759588365
20.0,8,12.669708222899937,1.3782410717761723e-11,1.3782410717761723e-11,0.3215761066269945,0.0375,10.699342253001618
20.0,9,12.14233610179443,-1.689333375529814e-12,1.689333375529814e-12,0.3218884033856877,0.0375,13.067639278217335
20.0,10,12.327533521683554,-3.2881689872363826e-12,3.2881689872363826e-12,0.32119418932249993,0.0375,12.263260065130664
20.0,11,13.882788335696398,-2.1908892030223117e-12,2.1908892030223117e-12,0.31340304391136,0.0375,12.731858213499327
20.0,12,12.425668618213578,3.222280631730721e-11,3.222280631730721e-11,0.32228495446076916,0.0375,9.869045951792701
20.0,13,13.16890653816225,6.972588475975875e-12,6.972588475975875e-12,0.3165086482611525,0.0375,11.408078847467964
20.0,14,12.122373863958199,1.2596487967869519e-11,1.2596487967869519e-11,0.31839581702745345,0.0375,10.786313348139009
20.0,15,12.049760818560374,5.806561117596602e-11,5.806561117596602e-11,0.3218838383676811,0.0375,9.330216811684519
20.0,16,12.579724879637489,2.4751203528141853e-11,2.4751203528141853e-11,0.32145995524230486,0.0375,10.118900151680771
20.0,17,12.249374202425084,1.8023522403526614e-11,1.8023522403526614e-11,0.31808725774095437,0.0375,10.424011152675378
20.0,18,13.027305164791343,1.6072131594590845e-11,1.6072131594590845e-11,0.32239196997286745,0.0375,10.545143691056573
20.0,19,13.279461185699372,4.011114425559046e-12,4.011114425559046e-12,0.316165145966904,0.0375,12.024291175803713
20.0,20,12.862614111903644,-2.2278308543909702e-11,2.2278308543909702e-11,0.31578218373702766,0.0375,10.212180891391853
20.0,21,12.417317003552036,6.4224152827846675e-12,6.4224152827846675e-12,0.32232638080355513,0.0375,11.50770656775936
20.0,22,12.77341781265208,1.3046257513097381e-11,1.3046257513097381e-11,0.31795645668844,0.0375,10.749626699046528
20.0,23,12.581122489829507,-8.641297313400707e-12,8.641297313400707e-12,0.3177905091213016,0.0375,11.179473430988248
20.0,24,12.200592310520454,4.8545177748015425e-11,4.8545177748015425e-11,0.3171270530024417,0.0375,9.483983292099458
20.0,25,12.967913333256957,-7.084663655983076e-13,7.084663655983076e-13,0.3183604414481179,0.0375,14.18769063092329
20.0,26,13.397949333288427,3.246336031665364e-13,3.246336031665364e-13,0.3180867910677126,0.0375,15.281731688497304
20.0,27,13.060776444478112,-4.903421955155312e-12,4.903421955155312e-12,0.3163939147531949,0.0375,11.796859918969021
20.0,28,11.835868667742862,4.442067274715876e-11,4.442067274715876e-11,0.31611418311230205,0.0375,9.563064728619095
20.0,29,12.531303419155368,2.7046009168510177e-11,2.7046009168510177e-11,0.31756623619647356,0.0375,10.027991635616452
20.0,30,12.655242893093387,-1.4515378998753943e-11,1.4515378998753943e-11,0.3213502676169529,0.0375,10.646316917143686
20.0,31,12.476776518233466,8.338556741604095e-12,8.338556741604095e-12,0.31524223906973275,0.0375,11.213208576085872
20.0,32,12.624336901699532,1.801401916827704e-11,1.801401916827704e-11,0.3184278645487063,0.0375,10.425066036030572
20.0,33,13.117137540362625,-1.3382530489905492e-11,1.3382530489905492e-11,0.316996729108057,0.0375,10.72206080535984
20.0,34,12.438462509520875,2.3614530792686647e-12,2.3614530792686647e-12,0.3196628822084592,0.0375,12.653187551037746
20.0,35,12.36284734750242,-1.309674043061838e-11,1.309674043061838e-11,0.3197955419508544,0.0375,10.748625128863447
20.0,36,13.270976202557481,8.914739934791894e-12,8.914739934791894e-12,0.31830826553077285,0.0375,11.147217339567012
20.0,37,12.883679146194018,1.7100413701343727e-11,1.7100413701343727e-11,0.31766495932866545,0.0375,10.475673873163792
20.0,38,12.270799133553039,-1.4392527598653124e-11,1.4392527598653124e-11,0.3232509647624027,0.0375,10.657930979119362
20.0,39,13.334332744674237,-6.3193721454717686e-12,6.3193721454717686e-12,0.31775322494711916,0.0375,11.517607025646587
20.0,40,13.219492806205126,-1.7619379200143322e-11,1.7619379200143322e-11,0.3156019725691494,0.0375,10.442648420414816
20.0,41,12.920667844864164,5.896151592643363e-12,5.896151592643363e-12,0.32116299675845295,0.0375,11.599791066148331
20.0,42,13.987507663158333,-3.9381732265657004e-12,3.9381732265657004e-12,0.3160864414416653,0.0375,12.045183088744833
20.0,43,12.226137182043729,2.7297762830685922e-11,2.7297762830685922e-11,0.3155993984441936,0.0375,10.01618308105495
20.0,44,12.327392354321235,-1.2939546139398785e-11,1.2939546139398785e-11,0.31686137403833586,0.0375,10.756271060251056
20.0,45,12.951780875744864,1.8269035389083165e-11,1.8269035389083165e-11,0.3224921191849927,0.0375,10.417408008622363
20.0,46,12.85448857740863,-8.854587951828115e-12,8.854587951828115e-12,0.316291249493078,0.0375,11.151031320571395
20.0,47,12.576408396372559,-3.0253585569078838e-12,3.0253585569078838e-12,0.3212724633137506,0.0375,12.361080433730605
20.0,48,12.547298533544465,4.182220150302549e-11,4.182220150302549e-11,0.3197321380431191,0.0375,9.623335109159711
20.0,49,12.706649010833466,8.332013186570168e-12,8.332013186570168e-12,0.3225198559678928,0.0375,11.226241317685934
20.0,50,13.35427719041982,1.180455261716578e-12,1.180455261716578e-12,0.31662848076173306,0.0375,13.510820484404434
20.0,51,13.223415696586066,-8.665620553739929e-12,8.665620553739929e-12,0.3163548683322752,0.0375,11.174071627132193
20.0,52,12.311888445256848,-2.7614556672170994e-11,2.7614556672170994e-11,0.31667604812338107,0.0375,10.006805192196751
20.0,53,12.991435550378972,6.889424112159052e-12,6.889424112159052e-12,0.320234952444091,0.0375,11.427490408476789
20.0,54,12.660330255216298,3.2553703404745166e-11,3.2553703404745166e-11,0.32073867881648643,0.0375,9.85719014245458
20.0,55,12.197411533322391,1.4650488779205823e-11,1.4650488779205823e-11,0.3207822829947604,0.0375,10.636030936713667
20.0,56,12.688954622262536,2.873835623413344e-11,2.873835623413344e-11,0.31765760774985874,0.0375,9.97033055294593
20.0,57,12.220835726347204,2.6451335415167053e-11,2.6451335415167053e-11,0.3157003768086412,0.0375,10.046427978398919
20.0,58,13.248377537966704,-4.769290234179105e-12,4.769290234179105e-12,0.3165561231950496,0.0375,11.82835129132135
20.0,59,12.802413539160419,1.6327886350919663e-11,1.6327886350919663e-11,0.3162209332139571,0.0375,10.519614080855003
20.0,60,13.16077115675632,1.9666595068536105e-11,1.9666595068536105e-11,0.3155216474250345,0.0375,10.333771675188856
20.0,61,13.181178989873603,-7.832675253344413e-12,7.832675253344413e-12,0.318883580938381,0.0375,11.286416091210409
20.0,62,12.667752928152414,1.772221550344759e-11,1.772221550344759e-11,0.3187989146454093,0.0375,10.441872483938774
20.0,63,12.479245092264014,1.3563969680864552e-11,1.3563969680864552e-11,0.3178735316635215,0.0375,10.709726555000687
20.0,64,12.886847449122191,-1.7029992723992413e-12,1.7029992723992413e-12,0.3197767151651326,0.0375,13.053523977425657
20.0,65,12.844272358507599,2.939793979628011e-11,2.939793979628011e-11,0.3198494082561155,0.0375,9.952064740177766
20.0,66,12.640003871937676,3.05803591851748e-11,3.05803591851748e-11,0.3179231678429229,0.0375,9.91190776852473
20.0,67,12.820020946397134,3.337992048149757e-11,3.337992048149757e-11,0.3180403725187131,0.0375,9.829733852418332
20.0,68,13.019435148924778,5.605651315657776e-12,5.605651315657776e-12,0.3212416228123623,0.0375,11.65587810170212
20.0,69,13.317757263854086,-3.828002119131855e-12,3.828002119131855e-12,0.3166795471060133,0.0375,12.078854782164248
20.0,70,13.100341514437272,1.9501120209331805e-13,1.9501120209331805e-13,0.3169749888658053,0.0375,16.03908463445824
20.0,71,12.570292420190967,2.9030711703667867e-11,2.9030711703667867e-11,0.31823734163726514,0.0375,9.961589052228476
20.0,72,12.095076873131726,4.018923347337561e-11,4.018923347337561e-11,0.3176102757872466,0.0375,9.656844902870235
20.0,73,12.56747792183104,4.564580313000529e-13,4.564580313000529e-13,0.3173905464748517,0.0375,14.792150357367012
20.0,74,11.941402588150277,-7.343906031438515e-12,7.343906031438515e-12,0.3181128663641071,0.0375,11.354579665414683
20.0,75,12.799841582921013,1.89684963727131e-11,1.89684963727131e-11,0.3171801270577614,0.0375,10.371991778628237
20.0,76,13.217853526585,-5.211830077291719e-13,5.211830077291719e-13,0.3184051205435326,0.0375,14.608734996787275
20.0,77,12.485100731256821,-9.42328053237519e-12,9.42328053237519e-12,0.3191398815322411,0.0375,11.089853661645073
20.0,78,12.405884180073988,1.8238494377188207e-11,1.8238494377188207e-11,0.31834332524842257,0.0375,10.412645867033833
20.0,79,12.5260134363225,-3.4710501725055984e-12,3.4710501725055984e-12,0.31467515013142106,0.0375,12.188300144352738
20.0,80,12.41708216343532,1.7389476993993553e-11,1.7389476993993553e-11,0.3167525467066105,0.0375,10.457530982266478
20.0,81,12.301164874581936,1.76619837431817e-12,1.76619837431817e-12,0.31731282759193685,0.0375,13.003512047203225
20.0,82,12.6055128410926,1.108545774217503e-11,1.108545774217503e-11,0.31782163726552104,0.0375,10.917445258709119
20.0,83,12.561888936542307,2.5575315703085113e-11,2.5575315703085113e-11,0.3165803269898505,0.0375,10.080039817674209
20.0,84,12.740874667610461,7.014960227074349e-12,7.014960227074349e-12,0.3166255450028434,0.0375,11.401698754863734
20.0,85,12.330007775096608,1.0059150341749815e-11,1.0059150341749815e-11,0.319073441490771,0.0375,11.02099068571567
20.0,86,12.656402797787532,5.195156537036954e-11,5.195156537036954e-11,0.31465333919430344,0.0375,9.419412720296478
20.0,87,12.431128041972643,-2.5675812335196944e-11,2.5675812335196944e-11,0.31865884969431085,0.0375,10.079416127163098
20.0,88,12.097520899084307,4.961485101638836e-11,4.961485101638836e-11,0.3179361784485777,0.0375,9.465465848359042
20.0,89,12.871128903100082,2.431227501416661e-11,2.431227501416661e-11,0.31861100811106147,0.0375,10.13186230814125
20.0,90,12.494369104415702,9.952420887038802e-12,9.952420887038802e-12,0.31898974296018584,0.0375,11.03205469691906
20.0,91,12.486937432188396,1.1719464590109116e-11,1.1719464590109116e-11,0.31661425341143484,0.0375,10.857801918707693
20.0,92,12.645154744806314,2.957078887567946e-11,2.957078887567946e-11,0.3193455063886507,0.0375,9.945763047789356
20.0,93,12.681301057256375,-1.4103527689288918e-11,1.4103527689288918e-11,0.3191104594343692,0.0375,10.671986735227952
20.0,94,12.658853703573875,1.0341263939674808e-11,1.0341263939674808e-11,0.3196229664118388,0.0375,10.992897821739076
20.0,95,12.678293705495065,1.8722124372726982e-11,1.8722124372726982e-11,0.32077189756089236,0.0375,10.390484009737012
20.0,96,12.622473210457606,1.070300674472811e-11,1.070300674472811e-11,0.31977824506266245,0.0375,10.957213498068207
20.0,97,12.467386254606945,2.3220730130624507e-11,2.3220730130624507e-11,0.3206905411760141,0.0375,10.179437843144896
20.0,98,12.975890428289555,-1.2296685295027643e-13,1.2296685295027643e-13,0.3153850408659668,0.0375,16.755178536842386
20.0,99,13.313952951736493,-7.194788814208332e-12,7.194788814208332e-12,0.31829225842681946,0.0375,11.377090238905799
25.0,0,15.132379942277968,-6.217073865523446e-12,6.217073865523446e-12,0.3193395894562939,0.03,11.661516949743367
25.0,1,15.797198367603054,-2.4086092278616965e-12,2.4086092278616965e-12,0.30591159726344697,0.03,12.737598336122158
25.0,2,15.226166551428035,-1.0173504328643456e-11,1.0173504328643456e-11,0.3141305434699844,0.03,11.118468431982718
25.0,3,15.367742689715884,-2.4626188995275717e-12,2.4626188995275717e-12,0.3132085725438922,0.03,12.725001269110008
25.0,4,15.674109105235248,-8.329604248268721e-13,8.329604248268721e-13,0.3126171314182057,0.03,14.107636272831268
25.0,5,15.882219711477727,-2.127732525532676e-12,2.127732525532676e-12,0.31428581662985094,0.03,12.905492183293465
25.0,6,15.984065588952587,-1.0953403188850498e-12,1.0953403188850498e-12,0.31167151113546954,0.03,13.742490351732934
25.0,7,15.726292733623914,-8.16921423604786e-12,8.16921423604786e-12,0.3112471244265274,0.03,11.348266531441029
25.0,8,15.86653679400373,-9.188094688692944e-13,9.188094688692944e-13,0.310552464312734,0.03,13.972044789284107
25.0,9,15.917217601076027,-2.823384600383758e-12,2.823384600383758e-12,0.3103170269710216,0.03,12.554848244660676
25.0,10,15.355349393133892,-3.563136716688994e-13,3.563136716688994e-13,0.3140739365621902,0.03,15.29936617440487
25.0,11,15.320805264508172,-6.915695379177885e-12,6.915695379177885e-12,0.3130449956491695,0.03,11.532901642062097
25.0,12,15.57629217957026,-3.4668564682839417e-12,3.4668564682839417e-12,0.31351064114857874,0.03,12.317745631258331
25.0,13,15.42466423520827,-3.003631608352525e-12,3.003631608352525e-12,0.31082272665052035,0.03,12.482036935915522
25.0,14,15.877636502844382,-3.682823727806894e-12,3.682823727806894e-12,0.3112511782062639,0.03,12.24283837051106
25.0,15,15.423032178031225,-3.755686135123555e-12,3.755686135123555e-12,0.31433275885062256,0.03,12.225750847740956
25.0,16,15.645616143302078,1.3912182764209858e-12,1.3912182764209858e-12,0.31251418691758853,0.03,13.43479877434154
25.0,17,15.395770034467464,-6.618269236805353e-12,6.618269236805353e-12,0.3152525291560588,0.03,11.585162866679617
25.0,18,15.034585090582507,-2.689680939670549e-12,2.689680939670549e-12,0.31415137749969707,0.03,12.620368470721427
25.0,19,15.18523017375474,-3.993639331662268e-12,3.993639331662268e-12,0.3151783058389736,0.03,12.155985888052143
25.0,20,16.1007557536058,-2.8551008989420828e-12,2.8551008989420828e-12,0.3124204326203652,0.03,12.545533474122342
25.0,21,15.987309847673247,-1.850590036236463e-12,1.850590036236463e-12,0.31264539752931575,0.03,13.074901437002088
25.0,22,15.612791883692942,-2.6243149255454656e-12,2.6243149255454656e-12,0.31466746852403366,0.03,12.650962924271235
25.0,23,15.71658445113635,-3.1766550932517066e-12,3.1766550932517066e-12,0.3109792780610381,0.03,12.415933072706679
25.0,24,15.43339344919975,-1.9673731329234057e-12,1.9673731329234057e-12,0.31143996105035415,0.03,12.9965306768108
25.0,25,15.63696347134017,-3.685790181383369e-12,3.685790181383369e-12,0.311994868958069,0.03,12.243290891903763
25.0,26,15.85410367187077,-2.6731981711317098e-12,2.6731981711317098e-12,0.3119945616200451,0.03,12.623617012111678
25.0,27,15.390398984620004,-4.0802484842320595e-12,4.0802484842320595e-12,0.31479589580108797,0.03,12.130471255452541
25.0,28,15.041444451872154,-1.7202898161034585e-12,1.7202898161034585e-12,0.3144279038574823,0.03,13.169699448160637
25.0,29,15.588335982385313,-3.159540666145455e-12,3.159540666145455e-12,0.3106524901730477,0.03,12.421700647670349
25.0,30,15.956577795235875,-2.068990395413358e-12,2.068990395413358e-12,0.3113392273948411,0.03,12.934144941224552
25.0,31,15.565451157546203,-3.525801555186464e-12,3.525801555186464e-12,0.31490235679749673,0.03,12.30057742442229
25.0,32,15.677104143022504,-2.7587535227471806e-12,2.7587535227471806e-12,0.31137535954577145,0.03,12.584608278103541
25.0,33,16.55017401537781,-1.0267048035642568e-12,1.0267048035642568e-12,0.31099532843410616,0.03,13.82601572214616
25.0,34,15.25961590832827,-5.939868887735267e-12,5.939868887735267e-12,0.3146606450273316,0.03,11.70405573730001
25.0,35,15.78670368124653,-3.177864087212505e-12,3.177864087212505e-12,0.31487373648639577,0.03,12.422843227541035
25.0,36,15.252685602036834,-3.459000940920203e-13,3.459000940920203e-13,0.31607901686100515,0.03,15.347296582627548
25.0,37,15.758114305626565,-5.960975231624964e-12,5.960975231624964e-12,0.31481277856561124,0.03,11.700371932818603
25.0,38,16.010101849084876,-1.3551597480755279e-12,1.3551597480755279e-12,0.3091867091844519,0.03,13.46157758032737
25.0,39,15.502926157488135,-9.119726440481286e-12,9.119726440481286e-12,0.31192243788515595,0.03,11.23108782546714
25.0,40,16.011672901602623,-1.8653496708745253e-12,1.8653496708745253e-12,0.31243122638076665,0.03,13.064586756031181
25.0,41,15.355749400194988,-4.261496784430418e-12,4.261496784430418e-12,0.31432935010863144,0.03,12.079510304775114
25.0,42,15.396202554964376,-5.9269012893520364e-12,5.9269012893520364e-12,0.3132227245751758,0.03,11.703939166076998
25.0,43,16.198205112213497,-1.6164986000116266e-12,1.6164986000116266e-12,0.3102302427017837,0.03,13.239507985653695
25.0,44,15.835739899003084,-3.992241044456528e-12,3.992241044456528e-12,0.3145606445791253,0.03,12.15525581966208
25.0,45,15.997228384727155,-3.266824215093831e-12,3.266824215093831e-12,0.3120789138758878,0.03,12.384961923957391
25.0,46,15.674587549823169,-4.6444105973403e-12,4.6444105973403e-12,0.3138999505194312,0.03,11.980147318223043
25.0,47,15.40556479206551,-3.0022188379786292e-12,3.0022188379786292e-12,0.3128111049346832,0.03,12.48638720837754
25.0,48,16.163632480059086,-3.2337857643917024e-12,3.2337857643917024e-12,0.3141893201272326,0.03,12.40093659337808
25.0,49,16.035480318549098,-2.7101058299120655e-12,2.7101058299120655e-12,0.31156168594678924,0.03,12.606308903527845
25.0,50,15.598059347667219,-5.4555383843559865e-12,5.4555383843559865e-12,0.31496155109606494,0.03,11.799787104873303
25.0,51,15.881521733622826,-3.3046423906390936e-12,3.3046423906390936e-12,0.3134673732713375,0.03,12.374008625256394
25.0,52,15.447747278900518,-1.0746859558526654e-12,1.0746859558526654e-12,0.31582942136065634,0.03,13.776119206178635
25.0,53,15.505014812998963,-6.345054083828884e-12,6.345054083828884e-12,0.31272572169560714,0.03,11.627315051359048
25.0,54,15.512418413262232,-2.964308371344178e-12,2.964308371344178e-12,0.31151769017123926,0.03,12.499041964981242
25.0,55,15.679816709744332,-6.010538581940171e-12,6.010538581940171e-12,0.3122734722422335,0.03,11.68664079878624
25.0,56,15.478366440165246,-4.3870334905756725e-12,4.3870334905756725e-12,0.31468224007858064,0.03,12.046799900178804
25.0,57,15.81170729147661,-8.871312407490317e-13,8.871312407490317e-13,0.3108704693023198,0.03,14.019493843024966
25.0,58,15.215020302420942,-2.896192414739197e-12,2.896192414739197e-12,0.31486009443254703,0.03,12.533113044882404
25.0,59,16.02870882968626,-1.936998693825306e-12,1.936998693825306e-12,0.3125950235063303,0.03,13.018098617781407
25.0,60,16.219562665405668,-4.2570205258598105e-12,4.2570205258598105e-12,0.31314864350272825,0.03,12.078554652618019
25.0,61,16.165086776290583,-4.343538628146119e-12,4.343538628146119e-12,0.3122679532385702,0.03,12.053815504252308
25.0,62,15.860616909105977,-6.1363357345079965e-12,6.1363357345079965e-12,0.3129329512243786,0.03,11.664780982267407
25.0,63,15.860727597017384,3.7768365111508617e-13,3.7768365111508617e-13,0.3136641274743842,0.03,15.213786689407604
25.0,64,15.972796447093293,-1.280481128736937e-12,1.280481128736937e-12,0.3127162019028631,0.03,13.541762897389031
25.0,65,15.248223243477657,-8.28129088707882e-12,8.28129088707882e-12,0.31467099074119376,0.03,11.339455130860104
25.0,66,16.457727760747712,-4.064967147558786e-12,4.064967147558786e-12,0.3097327578407328,0.03,12.125440944311103
25.0,67,15.948953373917943,-4.5138866556097575e-12,4.5138866556097575e-12,0.3107544467916541,0.03,12.006956062446266
25.0,68,15.89171317374665,-2.827694759804577e-12,2.827694759804577e-12,0.30817629368355304,0.03,12.548887124140597
25.0,69,15.832117696425607,-1.5989707608937417e-12,1.5989707608937417e-12,0.31364758431705003,0.03,13.260177661241537
25.0,70,16.073677280621308,-3.830060858359421e-12,3.830060858359421e-12,0.31045474339332857,0.03,12.19572789524871
25.0,71,15.76038292182213,8.761277670397738e-13,8.761277670397738e-13,0.31117800767431614,0.03,14.036829167754489
25.0,72,15.171045108066611,-5.2595374888889136e-12,5.2595374888889136e-12,0.3132226200600982,0.03,11.837854957877937
25.0,73,15.877901179255977,-4.0105989141563634e-12,4.0105989141563634e-12,0.3103377379442124,0.03,12.142128639449805
25.0,74,15.658913990514845,-4.471831667372871e-12,4.471831667372871e-12,0.31150405332289105,0.03,12.019043576173448
25.0,75,16.14383945432457,-4.349217068182906e-12,4.349217068182906e-12,0.3104458438157215,0.03,12.04895757505027
25.0,76,15.437346490466782,-4.009001339309197e-12,4.009001339309197e-12,0.3094202007183167,0.03,12.140877416789591
25.0,77,15.621387678217625,3.588736096368967e-13,3.588736096368967e-13,0.3175106174583635,0.03,15.296863979328833
25.0,78,15.615979439873037,-1.7544874172288811e-12,1.7544874172288811e-12,0.3141753406422754,0.03,13.144530828435304
25.0,79,15.342778740670974,-3.0152527788301177e-12,3.0152527788301177e-12,0.31460779143278395,0.03,12.4846411202094
25.0,80,15.802213723480602,-2.0476391167737246e-12,2.0476391167737246e-12,0.31134351009427164,0.03,12.946937781033602
25.0,81,16.313548795627554,-4.62389588472265e-12,4.62389588472265e-12,0.3118754568911674,0.03,11.981507053462895
25.0,82,15.39829162220369,-9.792722639422753e-12,9.792722639422753e-12,0.3148785526280381,0.03,11.160199926378889
25.0,83,15.331147921708359,-7.133287884184077e-12,7.133287884184077e-12,0.31264534011882555,0.03,11.498226129135267
25.0,84,15.374638120603551,-2.4878212295664834e-12,2.4878212295664834e-12,0.31334974429822365,0.03,12.712940500759716
25.0,85,15.553526321809585,-1.8174438571966523e-12,1.8174438571966523e-12,0.3142759157054344,0.03,13.100671063722036
25.0,86,15.631966334834106,-7.301722150927094e-12,7.301722150927094e-12,0.3167536115666262,0.03,11.479832105938517
25.0,87,15.806969232407543,-3.0297044952901322e-12,3.0297044952901322e-12,0.3164030314061998,0.03,12.482338937295964
25.0,88,15.930549320275055,-4.354296900510237e-12,4.354296900510237e-12,0.3106205726090472,0.03,12.047940950466835
25.0,89,15.91502859468882,-2.4410275009863264e-12,2.4410275009863264e-12,0.3136439627049919,0.03,12.736520648858521
25.0,90,15.959054017286936,-6.8212232962955215e-12,6.8212232962955215e-12,0.3103098551345227,0.03,11.543194562294937
25.0,91,16.453436410813556,-3.655574302220071e-12,3.655574302220071e-12,0.30977884250794463,0.03,12.24873473506618
25.0,92,15.55650282006771,-5.9147124941299485e-12,5.9147124941299485e-12,0.3103548077097122,0.03,11.701107680858527
25.0,93,16.05685017792001,-6.362685255394886e-12,6.362685255394886e-12,0.308959197044167,0.03,11.617537246193702
25.0,94,15.300159148017004,-7.879903849288995e-12,7.879903849288995e-12,0.3149501318461252,0.03,11.393718579031237
25.0,95,15.731004303569733,-7.206639666505954e-12,7.206639666505954e-12,0.31031621637852724,0.03,11.482938924117047
25.0,96,15.113251359167664,-3.79869583465996e-12,3.79869583465996e-12,0.3128164831843627,0.03,12.209687988723948
25.0,97,15.760815510192122,-6.151513213242874e-12,6.151513213242874e-12,0.31348064191752845,0.03,11.663008074119722
25.0,98,15.397274639062346,-7.776979644410822e-12,7.776979644410822e-12,0.31309004932019274,0.03,11.40477685333819
25.0,99,15.46236243936749,-1.9155824846782375e-13,1.9155824846782375e-13,0.31902601989991886,0.03,16.243015240688035
